,title
0,Roland SN-U110-05 Orchestral Strings 中古
1,frontier alphatrack ドライバ 元箱 USBケーブル 附属 MAC CUBASEで認識確認 DAW フィジカル コントローラー 即決あり 管理番号A
2,TRUE DYNA 1m Phone×2-　ステレオPhone　オーディオ変換用 ラインケーブル TD-10PSP 買いだおれ
3,★AKAI S1100 CURSOR/DATA/REC LEVEL/MAIN VOLUME/INPUT (SETT)★OK!!★MADE in JAPAN★
4,ILIO Stylus RMX SAGE XPANDER bundle DVD-ROM 4枚セット
5,novation LAUNCHPAD PRO MIDIコントローラー 箱/ACアダプター付
6,erica synths BLACK JOYSTICK 2　ユーロラック　モジュラーシンセ
7,HEXA ヘクサ MIDI ケーブル 3m 2本
8,Mordax DATA シルバー　オシロスコープ
9,DiGiGrid DLS / SoundGrid DSPサーバー内蔵　オーディオ・インターフェイス 56121Y
10,★AKAI S1000/S1000PB/S1000HD/S1100 DISPLAY★暗いです★
11,Mutable Instruments Plaits - 美品・完動品 モジュラーシンセ ユーロラック
12,(未テスト) DIROL Edirol AUDIO Capture オーディオキャプチャー UA-3FX
13,M-AUDIO Black Box Pedal Board
14,【D-4】 KORG コルグ nanoKEY-BK　 MIDIキーボード　通電確認済
15,Teenage Engineering PO-32 tonic & CA-X generic case シンセサイザー リズムマシン ビートマシン
16,★Roland S-750/S-770 SYS-772 SYSTEM DISK FLOPPY DISK 3枚セット★OK!!★MADE in JAPAN★
17,BOSS DR-55 リズムマシン Dr.Rhythm ボス ドクターリズム
18,01D30■APOGEE　duet2 オーディオインターフェース BOX セット■
19,★YAMAHA SU700 SAMPLING DIGITAL CD-AUDIO★DEMO & SAMPLING COLLECTION★
20,BEHRINGER TD-3-MO-SR USED
21,ミュージックデータプレーヤー（伴奏くん）MDP10
22,steinberg　スタインバーグ　UR44　オーディオインターフェイス　美品
23,正規品Waves IDX Intelligent Dynamics DTM
24,◇ Native Instruments MASCHINE MK2 white MIDIキーボードコントローラー　ノーチェック◇25-2-L110
25,★AKAI CD3000/CD3000i Motherboard L6028A5010★OK!!★MADE in JAPAN★
26,[USB] Roland UA-1G cakewalk ローランド 難あり
27,Roland Edirol / UA-1000
28,元箱付 Korg Triton Taktile 49鍵 コルグ MIDIキーボード
29,iCON Qcon Pro X フィジカルコントローラー
30,KORG ELECTRIBE EM-1 コルグ エレクトライブ シーケンサー リズムマシン 【通電確認済・現状品】
31,★★
32,★ローランド SC-88Pro サウンドキャンバス 音源モジュール★
33,ART MIDI MASTER CONTROL X12 動作確認済み
34,YAMAHA ヤマハ ・サンプリングユニット ・リズムマシン★ SU10 ★②・動作品・ACアダプター／/取扱説明書／CD2枚付き
35,SQR　PLUS ensoniq 音源モジュール
36,yamaha qy700 アダプター付き
37,【 G 】4530 AKAI MPKmini MIDIキーボード アカイ
38,Th983131 フォーカスライト 音響機器 オーディオインターフェース scarlett 2i2 レッド系 Focusrite 良好・中古
39,Roland WAVE EXPANSION BOARD Symphonique Strings SRX-04 ストリングス　ローランド 検（xv5080 xv5050）
40,★AKAI S5000/S6000 AKAI IB-ID2SC SCSI TO IDE BRIDGE ADAPTER HDD 40GB★OK!!★
41,Roland XV-5050
42,Noise Engineering/Basimilus Iteritas Alter Black モジュラーシンセ ユーロラック
43,「2FE23」デジタルシーケンサー アンド サウンドモジュール MT120 ローランド 電源アダプタ無し　本体のみ（250219）
44,Roland ローランド Sound Canvas SC-88 オーディオ機器音源モジュール 本体のみ
45,Roland MT-120 動作チェック済み アダプター付属
46,YAMAHA CBX-K1XG【音源搭載MIDIキーボード】
47,【中古】Akai Professional USB MIDIコントローラー 16パッド 4フェーダー MPD226
48,AKAI MPC2000用 ZIP Disk 起動用 最終 Ver 1.72
49,M-AUDIO air 192|6 オーディオインターフェイス ジャンク中古品
50,RME Fireface UFX【動作確認済】
51,【J】NATIVE INSTRUMENTS KOMPLETE AUDIO 2 オーディオ インターフェイス
52,♯【通電OK】Native Instruments グルーヴ制作システム MASCHINE MK3 Black 通電確認のみ 現状品
53,【楽器・機材】 MIDIキーボード Novation NOCTURN 49 通電確認のみ
54,森　2L7 TASCAM MiNiSTUDIO PERSONAL US-32 現状品　オーディオ　インターフェイス　ハイレゾ
55,Elektron Analog Rytm mkII
56,digidesign デジデザイン MINI BOX2
57,正規品 IK Multimedia Wurly Model 120 エレクトリックピアノ音源
58,Roland ローランド SOUND Canvas SC-88ST Pro サウンドキャンバス DTM 音源モジュール 動作確認OK
59,ZOOM RhythmTrak RT-223 リズムマシン フットスイッチ付き 説明必読 音出し動作確認済み 内蔵電池ソケット化済み
60,ALESIS 音源モジュール QSR 日本国内仕様(100V)アダプター付き
61,【G】Roland FC-200 MIDIフットコントローラー ローランド
62,YAMAHA MIDIキーボード CBX-K1 動作確認済み ACアダプタ付
63,ZOOM RhythmTrak RT-123
64,★AKAI S1000/S1000PB/S1000HD other NI05-05-5 NICHIA (L6009C5060)★Inverter★OK!!★MADE in JAPAN★
65,YAMAHA MOTIF RACK ES SY77SY99EX5CS6xS30MU1000MU2000の後継 PLG150-VL PLG150 PF など搭載可 MOTIF XS MOTIF XF MONTAGE
66,Steinberg Cubase Pro 13
67,iZotope Ozone 11 Advanced Windows
68,Roland cakewake オーディオ・インターフェイス SONAR V-STUDIO 100
69,Random*Source Serge GTO　動作品・美品
70,【ミキサー&マイク】YAMAHA ライブストリーミングミキサー AG06MK2-B + audio-technica AT2020 + キクタニ AD-11 + PogoLab BKW-X1
71,【中古】 Roland MC-303 groovebox シーケンサー
72,ニューイヤーセール iZotope Music Production Suite 7 正規品
73,C☆022860 AKAI Professional EWI USB ウインドシンセサイザー 希少 格安出品！
74,【通電確認品/美品】TASCAM USBオーディオインターフェース タスカム　US-144mkII/US-144mk2 配信/ストリーミング/宅録/60サイズ
75,【通電確認済/美品】SAMSON サムソン Graphite M25 USB MIDI キーボード 25 Key ポータブル コントローラー/80サイズ
76,◆YAMAHA ヤマハ DATA FILER MIDIデータファイラー MIDI音源 フロッピー MDF3◆
77,02S163■YAMAHA　音源モジュール　MU100■
78,【A1】 AKAI professional MPC EXPANSION STUDI music production controller コントローラー　 アカイ　※ジャンク品
79,【訳あり品】 Steinberg UR44(オーディオＩ/Ｆ)
80,Roland EDIROL PCR-300 MIDIキーボードコントローラー
81,YAMAHA QY300専用 Gotek FDDエミュレーター(USBドライブ)
82,■RME■128chモバイルデジタルオーディオインターフェイス■USB MADIインターフェイス■MADIface　USB ⑤
83,■RME■128chモバイルデジタルオーディオインターフェイス■USB MADIインターフェイス■MADIface　USB ①
84,■RME■128chモバイルデジタルオーディオインターフェイス■USB MADIインターフェイス■MADIface　USB ③
85,Behringer PP1 モジュラーシンセ ユーロラック
86,★ROLAND SR-JV80-19 HOUSE COLLECTION EXPANSION BOARD★OK!!★MADE in JAPAN★
87,◆YAMAHA ヤマハ DATA FILER MIDIデータファイラー MDF2 ジャンク◆
88,Arturia KeyLab essential 49 初代　本体のみ　MIDIキーボード
89,YAMAHA ヤマハ MU80 音源モジュール シンセサイザー トーンジェネレーター MIDI XG TONE GENERATOR
90,Roland ローランド SC-55 ST 音源モジュール サウンドモジュール サウンド キャンバス MIDI SOUND Canvas MODULE ACアダプター ACI-100C
91,VERMONA DRM1 mk2 ほぼジャンク扱い
92,[良品] Focusrite Scarlett 2i2 Gen3 コスパに優れた定番オーディオインターフェース [NLG34]【神戸店在庫】
93,Steinberg スタインバーグ 2x2 USB2.0 24bit/192kHz オーディオインターフェース UR22mkII
94,[良品] Focusrite Scarlett 2i2 Gen3 コスパに優れた定番オーディオインターフェース [NLF92]【神戸店在庫】
95,【 G 】2808 Arturia KEYLAB 49 MIDIキーボード アートリア
96,【 J 】2126 TASCAM US-366 オーディオインターフェース タスカム
97,管理番号=c3118638【中古】Native Instruments MASCHINE MK2 GC EDITION & DECKSAVER JUNK ジャンク 現状渡し
98,Avid HD Native Thunderbolt ＋ HD OMNIセット【Thunderbolt 2ケーブル、Thunderbolt 3（USB-C）- Thunderbolt 2変換アダプタ付き】
99,最終出品　即決　新品購入し一度使用　Roland Boutique TR-08 リズムマシン
100,◇中古品◇Apogee　USBオーディオインターフェイス　Quartet　アポジー（11625030503842AK）
101,E-MU Vintage Keys オペレーションマニュアル / 日本語
102,DiGiGrid DLS
103,SoundForce S-LD モジュラーシンセ ユーロラックdtm daw linn drum リンドラム
104,RME Fireface UFX+　オーディオインターフェース
105,marantz マランツ PMD570 SOLID STATE RECORDER コンパクトフラッシュ対応 据置型レコーダー 2台セット◆動作未確認品【TB】
106,即決◆新品◆送料無料AKAI Professional EWI5000J White ウインド・シンセサイザー
107,【中古・生産終了品】Synthesis Technology / E340 Cloud Generator　滑らかな音色推移が楽しい2 output・ウェーブテーブル・オシレーター
108,Roland TD-7 ローランド パーカッション サウンドモジュール 音源モジュール 電子ドラム 音響機材
109,ローランド CM-500 サウンドモジュールアダプター DN-500N MIDI音源 機材関連機器 QD033-3
110,Focusrite Scarlett solo 4th gen オーディオインターフェース　未使用
111,【美品】初音ミク ポケットミク Gakken 歌うキーボード 大人の科学マガジン
112,管250314 f ★☆ AUDIO KONTROL 1 / native instruments ☆★
113,M-AUDIO KEYSTATION49 MK3/KEYSTATION61 MK3 計２点まとめ売り MIDIキーボード 通電OK 動作未確認 250307SK430856
114,iZotope Ozone 11 Advanced Windows
115,◆Roland ローランド 音源モジュール CM-64 CA-30 set◆
116,Roland ローランド SC-D70 SOUND Canvas DIGITAL 音源モジュール ¶ 71952-1
117,★YAMAHAヤマハ RX5 ROMカートリッジ 現状渡し
118,Roland INTEGRA-7（WNA1100－RL付属） SuperNATURAL Sound Module
119,3/17★Behringer ベリンガー★U-PHORIA UM2 USB オーディオインターフェース【中古/現状品/動作未確認ジャンク】
120,ジャンク品 Roland TR-606 ドラムマシン リズムマシン
121,XAOC Devices Koszalin 美品　ほぼ未使用
122,03D42■KORG　リズムマシン EA-1 mkii ELECTRIBE■
123,レア サンプリングCD 「 HEAVY GUITAR LIBRARY 」輸入盤CD サンプリング素材 ギター
124,RME Fireface UFX II
125,ARTURIA アートリア MiniLab 3 ORANGE USB MIDIキーボード パッド コントローラー【Analog Lab Intro他バンドルソフト付き】
126,箱あり OCTA-CAPTURE Roland UA-1010
127,【新品同様】「DR-01s Rhythm Partner」BOSS ボス リズムパートナー【送料無料】
128,KGNY5019 Roland ローランド D-110 MULTI TIMARAL SOUND MODULE 音源モジュール オーディオ機器 現状品
129,【J】 AKAI MPKmini play ミニキーボード アカイ 094965
130,MOTU UltraLite mk3 HYBRID I/O オーディオインターフェース USB2/FireWire 完動品 1円〜
131,2hp EG モジュラーシンセ ユーロラック doepfer masf moog make noise
132,MACKIE CONTROL UNIVERSAL
133,iZotope RX11 Advanced Windows
134,『未使用品』M-AUDIO エムオーディオ MIDIキーボード KEYSTATION88 MK3
135,ローランド Roland 音源モジュール SonicCell
136,3/23 *7■YAMAHA PTX8■ヤマハ 音源モジュール【中古/現状品/動作未確認ジャンク】
137,Mannequins Three Sisters（ユーロラック Eurorack Doepfer）
138,【限定色】YAMAHA ウインドMIDIコントローラー WX5 White
139,SSL 2 USB AUDIO INTERFACE
140,UNIVERSAL AUDIO ユニバーサルオーディオ Apollo Twin MKII QUAD 極美品 / UAD オーディオインターフェース DAW
141,【質店】動作未確認　中古　steinberg UR12 USBオーディオインターフェイス　ジャンク扱い
142,【ジャンク品】Roland ローランド 音源モジュール SOUND Canvas SC-88 【取説付】
143,通電確認済み Roland SC-88 Pro MIDI音源 ローランド
144,動作OK UAD Apollo Twin X DUO Suhr PT100 fender55 tweed VOXBOX等プラグイン付
145,Roland A-800PRO キーボード ローランド 鍵盤楽器 音楽 中古 C9836965
146,AKAI S3000XL MIDI STEREO DIGITAL SAMPLER ジャンク品
147,1円〜【美品】Roland AIRA Compact P-6 クリエイティブサンプラー
148,【0327i A16551】 YAMAHA ヤマハ ミキシングコンソール AG03 音響機材 ジャンク
149,YAMAHA ヤマハ MU90 TONE GENERATOR 音源モジュール
150,【中古・未メンテナンス品】M-AUDIO KEYSTATION49 MK３ 箱付き【通電のみ確認済み】：
151,YAMAHA QY-100 ヤマハ
152,ZEN-ON Rhythmina RTM-302 リズムボックス　★動作未確認
153,mbox2 factory オーディオインターフェース　M BOX2 ファクトリー　デジデザイン
154,【G】Hammond SUZUKI MIDI STEP MIDIペダル ハモンドスズキ 3009889
155,1点のみ値下げ4800→3999 定番ピアノ音源2点セット XLN Audio Addictive Keys 未使用 DTM ボカロ
156,正規品 Universal Audio LA-2A Tube Compressor 定番コンプ UAD
157,AKAI MPC3000専用 アップグレードROM Vailixi 3.50 PCアクセスほか 未使用新品
158,ARTURIA アートリア MiniLab 3 Alpine White MIDIキーボード
159,[中古] YAMAHA QY100 音源、伴奏パターン、シーケンス機能を内蔵し作曲可能 [OLH54]【難波店在庫】
160,KORG TRITON RACK 音源モジュール
161,★M-AUDIO KEYSTATION49 MK3 MIDIキーボード 49鍵
162,steinberg UR22C オーディオインターフェース 音響機材 スタインバーグ 250326SK250214
163,【 G 】6438 steinberg 　UR242　オーディオインターフェース　スタインバーグ　元箱付
164,Steinberg MR816X/FireWireオーディオインターフェイス/動作確認済み/スタインバーグ
165,RME Hammerfall DSP digiface Interface オーディオインターフェイス 0330.003
166,SY-OSK4　YAMAHA ヤマハ オーディオインターフェイス AG03 音響機材 ミキサー オーディオ
167,Edirol 現Roland UA-4FX オーディオインターフェイス
168,★Steinberg CUBASE PRO 14 正規ライセンス譲渡★
169,M-Audio M-Track Duo コンボ入力2系統 ファンタム電源搭載 48KHz 2チャンネル USBオーディオインターフェース
170,【USED】 BEHRINGER / RD-6-TG　アナログドラムマシン ※ジャンク出品
171,iCON P1-M DAWコントローラー
172,管理番号=Ec0842865【中古】ARTURIA KEYLAB 88 JUNK アートリア MIDIキーボード ジャンク 現状渡し
173,BEHRINGER　ベリンガー　UCA222　U-CONTROL　２入力２出力　USBオーディオインターフェース
174,CASIO カシオ MIDIプレーヤー FD-1 フロッピーディスク
175,Digidesign 888 I/O、2台目
176,K1482/YAMAHA(ヤマハ) RS7000 通電確認のみ
177,AKAI Professional MPX8
178,APOGEE Groove
179,Lexicon LXP Native Reverb Plug-in Bundle Windows
180,Celemony Melodyne Studio 5 Windows
181,Erica Synths Perkons Voice モジュラーシンセ ユーロラック ドラムボイスモジュール
182,Roland BOSS SP-303 サンプラー ジャンク おまけ付き
183,【 G 】6108 AKAI MPK mini MIDIキーボード アカイ
184,中古品 EDIROL USB オーディオキャプチャー UA-4FX ジャンク
185,Mackie Baby HUI
186,Roland S-550 デジタルサンプラー 綺麗通電済み
187,Steinberg UR44 安定動作品
188,Make Noise 0-Coast
189,Roland ローランド M-512E メモリーカード 【動作未確認】
190,Roland DIGITAL SAMPLER MS-1 ローランド　デジタルサンプラー 通電　基本的音出し動作OK
191,KAWAI カワイ G Mega 音源モジュール ACアダプター付き★簡易検査品【TB】
192,YAMAHA RX15 DIGITAL PHYTHM PROGRAMMER 通電確認
193,TASCAM ★ タスカム ★ USBオーディオ MIDIインターフェース★ US-2x2
194,送料本文 元箱付 全MIDIポート確認 emagic unitor 8 8IN/8OUT USB対応 MIDI インターフェース フェイス INTERFACE 専用AC/ケーブル有管1004
195,【中古】 サンプラー BOSS SP-303 Dr. Sample ボス
196,(041050D)【B級中古品】 YAMAHA DTX drums ドラムトリガーモジュール　 DTX502
197,★ローランド/Roland ED 音源モジュール SC-8850 Sound Canvas 通電のみ確認 Roland/ローランド ★現状渡し
198,【9946】 UNIVERSAL AUDIO Apollo Twin USB
199,【G】Hughes&Kettner FSM-432MkIII MIDIコントローラー ヒュース&ケトナー 223155
200,USB→MIDI変換ケーブル　送料230円　数回使用
201,ARTURIA シーケンサー機能搭載 キーボードコントローラー KEYSTEP
202,Roland ローランド M-512E メモリーカード RAM 32K BYTES JD-800 JD-990 JV-880 XP-60 XP-80 JV-80 JV-2080 JV-1080用 動作未確認 現状品
203,Acustica Audio Fire The Delay: 時代を超越したディレイ
204,《希少　名機》Roland TR-808 Rhythm Composer　ローランド 〈シリアル010719〉（マニュアル付）［通電のみ確認］ヴィンテージリズムマシン
205,ジャンク Rolan sp-404 サンプラー
206,iZotope RX11 Advanced Windows
207,ジャンク YAMAHA MU2000 音源モジュール
208,【 G 】 Y7194 Roland CM-64 音源モジュール ローランド
209,新品未使用品！PRESONUS ( プレソナス ) Studio 1824c オーディオインターフェイス　Studio One Artist　音源付き
210,A208-N35-4268 Roland ローランド MC-50mkII マイクロコンポーザー シーケンサー 通電確認済み 現状品2
211,★PreSonus/プレソナス AudioBox iTwo Studio オーディオインターフェイス/HD7 ヘッドホン・M7 マイク・外箱付き&1029005579
212,Roland ローランド SOUND LIBRARY SN-U110-02 [動作未確認・ジャンク品]
213,美品 PreSonus オーディオ・インターフェース Studio 24c プレソナス 音響機材 音楽 USB-C ヴォーカルレコーディング 本体 店頭直接引取可
214,Roland ローランド MIDIキーボードコントローラー 61鍵盤 A-800PRO
215,BOSS ボス Dr.Rhythm DR-660 リズムマシン 本体のみ 電源コード欠品 動作未確認 ジャンク品
216,Fabfilter Total Bundle Windows
217,(041513E) YAMAHA MU500 音源モジュール本体のみ　B級中古品
218,【送料無料】Antelope Audio Zen Go Synergy Core USB オーディオインターフェース
219,【 G 】489 YAMAHA RX11 リズムマシーン ヤマハ
220,ZOOM(ズーム) U-44 オーディオインターフェース AD-17AとAIH-1セットで!! (検 forcusrite u-22 2i 4i 6i roland boss scarlett
221,QK4-100【ジャンク品】Roland ローランド SOUND Canvas サウンドキャンバス MIDI SOUND GENERATOR SC-55 通電未確認 保管品
222,邦楽コンダクター 水晶 邦楽 リズムマシン 詩吟コンダクター通電確認済み
223,【1円スタート！】Neve モジュール 2台まとめて トーンジェネレータ コンデンサ 音響機器 ※現状渡し その11
224,■□Avid HD OMNI Pro Tools HD オーディオインターフェース アビッド□■027389010J□■
225,【(KI-7)ジャンク!ROCKTRON MIDIフットコントローラー MIDI X CHANGE★ロクトロン/音楽機材/本体のみ＠60（4）】
226,Sその他◇AMDEK 音源モジュール COMPU MUSIC CMU-800 通電確認のみ◇P79
227,MOTU モツ Traveler mk3 オーディオインターフェース
228,Plinky synth v3 シンセサイザー
229,【A-2】 Boss DR-550MKⅡ リズムマシン ボス 出音不可 現状品 3165-3
230,Verbos Complex Oscillator モジュラーシンセ ユーロラック
231,★ジャンク品★音源モジュール SG01p AKAI
232,☆【売り切り】YAMAHA AGO3 MK2 オーディオインターフェース ミキサー 通電確認済み ヤマハ ミキシングコンソール 配信 宅録 DTM DAW
233,Elektron Digitakt
234,Klevgrand Stark
235,Acustica Audio Fire The Delay: 時代を超越したディレイ
236,Yamaha WX5
237,美品！動作確認済み！YAMAHA AG03 ミキシングコンソール ミキサー ヤマハ オーディオインターフェース
238,eowave ZONE B.F.　ユーロラック　モジュラーシンセ　make noise mutable moog masf Instruo Strymon　doepfer
239,CASIO カシオ MIDIキーボード GZ-5
240,●Roland MC-505 シーケンサー リズムマシン ローランド●
241,YAMAHA MU2000 EX 動画有 音源モジュール
242,★Native Instruments MASCHINE MIKRO 音楽機器 ネイティブインストゥルメンツ USED 16767★！！
243,AKAI　アカイ　ウィンドシンセサイザ　EWISOLO　箱付　現状品　TK4.007　/05
244,Roland FC-200 MIDI FOOT CONTOROLLER 動作確認済み品！
245,中古　KURZWEIL Micro Piano MP1
246,RME Fireface UCX USB Firewire オーディオインターフェース
247,ICON DIGITAL PLATFORM M+ コントローラー 【元箱付き】ジャンク
248,アポジー ワン APOGEE ONE
249,【美品】プロケーブル 超越重鉄タップ・十個口　電源タップ
250,緑屋Re■ ローランド　SOUND Canvas　SC-88VL　MIDI音源 モジュール　通電品　動作未確認　　t/bnit/4-132/10-3#80
251,YAMAHA FB-01 動作チェック済み FM音源モジュール
252,YAMAHA MU128 音源モジュール ヤマハ
253,KORG MICROKEY2-49 コンパクトMIDIキーボード コルグ 49鍵盤 箱付　 キーボード
254,o306 KORG/コルグ microKEY-25 USB MIDIキーボード 未確認　現状品
255,743B ZOOM オーディオコンバーター オーディオインターフェイス 器材 ギター ベース　UAC-8 AUDIO CONVERTER ズーム 楽器 DTM DAW 音響機器
256,【J】YAMAHA QY100 ミュージックシーケンサー ヤマハ　3011471
257,【期間限定出品】universal audio apollo 8 duo UAD-2 Satellite Thunderbolt 2 QUAD CORE プラグインセット
258,SHURE(シュア) MVX2U デジタルオーディオインターフェース
259,【中古・美品・動作良好】★ Focusrite・フォーカスライト★Scarlett 18i20★2nd Gen・第二世代★オーディオ・インターフェース ★元箱付き
260,完全動作品 YAMAHA PLG150-VL プラグインボード
261,1円〜 TASCAM US-428 DAWコントローラー　付属品
262,【1円〜】Focusrite Scarlett 8i6 3rd Gen オーディオインターフェイス（USB-C、MIDI端子搭載）（元箱付）
263,Roland ローランド SC-88VL MIDI音源モジュール
264,Universal Audio Verve Analog Machines Essentials
265,MYM4-1629 激安 KORG 05R/W 音源モジュール　通電未確認　中古現状品 ※3回再出品で処分
266,新品！レア！メモリー SIMM 72pin 16MB×2 AKAI MPC2000 MPC2000XL S3000XL S3200XL S2000 etc…
267,【 G 】914 APOGEE Duet オーディオインターフェース アポジー
268,□現状品□ YAMAHA SU200 サンプリングユニット サンプラー ※通電確認のみ （2761488)
269,[中古] YAMAHA UW500 オーディオ/MIDIを同時に転送できるインターフェース機能 [OLR97]【箕面店在庫】
270,中古 BEHRINGER ベリンガー U-PHORIA UMC22 オーディオインターフェース
271,ARTURIA keystep37 MIDIキーボード
272,korg ag-10 動作品 箱付き 送料無料 KORG AG-10 WAVETABLE SOUND MODULE AG-10 ☆
273,Roland 電子ドラム 音源モジュール ローランド　tm-2 通電のみ確認　送料無料
274,Y06/381 YAMAHA ヤマハ RY10 RHYTHM PROGRAMMER リズムマシン 通電確認済み 現状品
275,【ほぼ未使用】KORG リズムボックス KR mini
276,YAMAHA MU50 整備済品
277,ソフトウェアシンセサイザー　ローランド　バーチャルサウンドキャンバス　EDIROL
278,TASCAM タスカム オーディオ MIDIインターフェース US-4x4 現状品 直接お渡し歓迎 ANK680552八
279,Roland DG COMPU SYNTH CMU-810 アナログ モノフォニック シンセサイザー ローランド DTM 機材 ビンテージ シーケンサー ミキサー レトロ
280,iZotope RX11 Advanced Windows
281,[良品] Roland PMA-5 手帳のサイズ感で手軽に使えるMIDIシーケンサー [OLN84]【梅田店在庫】
282,Avid Pro Tools用変換ケーブル Adapter DigiLink (F) to Mini‐DigiLink (M) #1
283,Pro Tools用 Digi Linkケーブル〔Large - Large) 25ft(7.62m)
284,【C】YAMAHA AG06 MK2 ライブストリーミングミキサー ヤマハ 221680
285,YAMAHA TX81Z シンセサイザー 音源 モジュール ヤマハ 音響機材 ジャンク Y9902608
286,【 C 】 Y7788 KORG KR-55PRO リズムマシン コルグ 【元箱付き】
287,Celemony Melodyne Studio 5 Windows
288,☆【1K0501-45】 KORG コルグ 音源モジュール M3R 100V ジャンク
289,☆【2K0501-29】 Roland ローランド HUMAN RHYTHM COMPOSER R-70 ジャンク
290,4983//digidesign MH068 デジデザイン オーディオ インターフェイス 通電確認済み
291,Focusrite Clarett 4pre Thunderbolt オーディオインターフェース　フォーカスライト
292,YAMAHA EMT-10 動作チェック済み
293,094-m494 AKAI professional アカイ MPC1000 サンプラー 1GB コンパクトフラッシュ マニュアル 付属
294,★AKAI S3000XL other FLOPPY DRIVE TEAC FD-235HF 7551-U★OK!!★MADE in JAPAN★
295,100円～★ESI U22 XT cosMik Set 録音・配信セット オーディオインターフェース コンデンサーマイクロフォン モニタリングヘッドフォン
296,【通電のみ確認済】Donner USB MIDI キーボード コントローラー 25鍵 ブラック DMK-25 PRO /Y30445-P1
297,通電確認済み VESTAX VCM-600 MIDIコントローラー ベスタクス
298,Waldorf blofeld サンプルオプション適用済み
299,【動作未確認】EDIROL by Roland/エディロール UA-25EX 24bit 96khz オーディオインターフェース /000
300,iPhone/iPad用オーディオインターフェイス　iRig ペイント入り　IK Multimedia　★送料無料★
301,【Ｃ】AKAI MPX8 サンプラー アカイ 3012277
302,#綺麗【IK Multimedia iRig Pro Duo I/O AUDIO/MIDI interface モバイル デュアルチャンネル オーディオインターフェース】Q05195
303,YAMAHA MU100 トーンジェネレーター 音源モジュール シンセサイザー
304,AKAI MPC1000 サンプラー オーディオ 音響機材 取説 メモリ付属●G050Y010
305,A570-H27-1990 Roland ローランド SC-88 SOUND Canvas サウンドキャンバス 音源モジュール 通電確認済み IM
306,Mark of the Unicorn MTP Ⅱ MIDI TIME PIECE Ⅱ MIDIインターフェイス 通電確認のみ
307,ベリンガー　アナログドラムマシン
308,Roland ローランド UA-22 オーディオインターフェイス 通電のみ確認済み 現状品
309,【 G 】YAMAHA FB-01 音源モジュール ヤマハ 3045776
310,YAMAHA ヤマハ　RY20 Rhythm Programer 取扱説明書、アダプタ付き
311,093 k4322 ジャンク AKAI MPK Mini play MIDIキーボードコントローラー
312,［美品］ KORG nanoKONTROL2
313,【NA-4023】VOCALOID3 MEIKO メイコ V3 ボーカロイド ボカロ CRYPTON WIN MAC 外箱付 現状品 東京引取可 同梱可【千円市場】
314,☆コルグ　MIDIキーボード　MICROKEY-25　ジャンク
315,Focusrite scarlett solo 4th Gen オーディオインターフェイス 中古 良好 T10012808
316,●Kenwood デジタル アンプ KAF-A55
317,B409★Roland MEMORY　CARD　M-512E　動作未確認・店頭手渡しOK★2505
318,【 J 】7676 Roland　DTM-88PW　音源モジュール　ローランド
319,▼ Steinberg スタインバーグ UR 22C オーディオインターフェース 中古 現状品 ♯ 250205B6390
320,Focusrite Scarlett 8i6 3rd Gen オーディオインターフェイス（USB-C、MIDI端子搭載）
321,オーディオインタフェース　Universal Audio Apollo 16 Thunderbolt3端子　換装済み
322,◆整備品◆ KORG コルグ AI SYNTHESIS MODULE 音源モジュール M3R
323,AKAI Professional MPK49
324,【 J 】7064 Steinberg　UR22 MKii　オーディオインターフェース　スタインバーグ　本体のみ
325,YAMAHA ヤマハ EAD10 エレクトロニック アコースティック ドラムモジュール トリガーユニット 》U7281
326,Boredbrain Music / Optx　モジュラーシンセ　ユーロラック
327,EDIROL UA-25EX エディロール オーディオインターフェース ジャンク品
328,【C】KORG KR-55Pro リズムマシン ドラムマシン コルグ 3046197
329,M-AUDIO M-TRACK 2x2M オーディオインターフェース 通電OK ジャンク品
330,名機　Roland SoundCanvas SC-88Pro ガイドブックとセットで♪
331,MOTU オーディオインターフェース Ultra Lite
332,YAMAHA QY300専用 Gotek FDDエミュレーター(USBドライブ)
333,ヤマハ DB50XG MIDI音源ドーターボード PC-98など 動作品
334,AKAI S-900 サンプラー アカイ●G050Y114
335,KORG M1R EX 音源モジュール●G050Y102
336,Roland ローランド BRIDGECAST ゲーミングミキサー オレビバ！コラボレーションモデル 箱/説/USB-C to USB-Cケーブル付
337,55-6 MOTU 828MK2FW オーディオインターフェイス　音響機材
338,【 B 】7994 MOTU M4 オーディオインターフェース モツ
339,Neve モジュール 2台まとめて トーンジェネレータ 音響機器 ※現状渡し その9
340,Steinberg アドバンスドインテグレーションDSPスタジオ MR816X　送料無料　2台あります
341,MOTU M2 美品 動作確認済 おまけ付
342,ZOOM RhythmTrak RT-223 リズムマシン リズムトラック 中古品 良品 通電確認済み
343,♪▲【YAMAHA ヤマハ】音源モジュール MU128 0521 4
344,【C】Native Instrument KOMPLETE KONTROL S61 MK2 MIDIキーボード 3054193
345,【iy】 Roland オーディオインターフェース Rubix22 (5.17.1)
346,★☆YAMAHA ヤマハ USB MIDI interface MIDI インターフェース インターフェイス UX256 稀少品☆★
347,"★動作OK★Roland　S-550★80年代12bitローファイサンプラー★外部ビデオ画面表示あり★定価\298,000円　1988年　ローランド日本製★"
348,■EDIROL by Roland/エディロール UA-25EX 24bit 96khz オーディオインターフェース
349,NATIVE INSTRUMENTS MASCHINE MK3 箱付き
350,美品 ソフトウェア付属 Native Instruments Maschine Studio Black KOMPLETE SELECTION ネイティブインストゥルメンツ
351,Roland CM-300 GS SOUND MODULE / ローランド サウンドモジュール
352,Roland SOUND Canvas ローランド 音源モジュール サウンドキャンバス
353,ROLAND ローランド SoundCanvas SC-88Pro マニュアル付き
354,Roland Rhythm Performer TR-8S + 専用デッキセーバー
355,emagic amt8 8×8 MIDI インターフェイス USB
356,YAMAHA　QY70
357,No228 YAMAHA　ヤマハ　リズムマシン　RX17
358,AKAI アカイ S20 デジタルサンプラー
359,TOONTRACK superior drummer 3
360,Neural DSP_Quad Cortex
361,【G】KURZWEIL Micro Piano ピアノ音源モジュール カーツウェル 3046897
362,pro samples プロサンプルズ・シリーズ サンプリングCD etc
363,【J】Ace Tone RHTHEM ACE FR-7L リズムボックス リズムマシン 3046966
364,Roland ローランド A-49-BK MIDIキーボード 49鍵 USBケーブル付き★動作品【TB】
365,ALESIS SR18 BOSS ボス DR-550
366,AKAI Professional FL専用コントローラ FIRE 250520SK450016
367,Roland MC-505 ローランド リズムマシン ドラムマシン
368,M-Audio Profire 2626 オーディオインターフェース
369,（82）steinberg　UR22C　オーディオインターフェース　取説・箱付き　美品
370,送料無料 moddict スリムパッチケーブル 6種 36本セット ダークグレー モジュラーシンセ ユーロラック patch cable モディクト
371,中古 Steinberg UR22 mk2 オーディオインターフェース スタインバーグ ※通電のみ確認済／さ
372,F377 動作未確認 ジャンク ESI イーエスアイ U24 XL 2イン/2アウトの24bit USBオーディオインターフェース 2in2out
373,MOTU モツ M2 オーディオインターフェイス 元箱 冊子付 美品 ⊥ 71744-1
374,Roland MPU-401 プロセッシングユニット
375,05S255■Roland　音源モジュール　JV-2080　動作品■
376,★Roland EDIROL　スタジオ・キャンバス SD-90　中古★
377,Soundtheory Gullfoss Windows
378,◆YAMAHA/MIDI EXPANDER YME8（069）◆
379,【used品】 Steinberg UR22 mkII オーディオインターフェース
380,yamaha QX3 デジタルシーケンサー MIDIレコーダー ビンテージシンセサイザー 送料無料(z-1831)
381,【オススメ品】E-MU 音源モジュール VINTAGE KEYS 9056
382,コルグ　KORG S3 ジャンク品
383,ALESIS AirFX Air Synth ２個セット
384,AKAI アカイ EWI 3020m ウインドシンセモジュール ケース付き 2105271441
385,Roland SC-55
386,Metric Halo 2882 3d
387,★Steinberg CUBASE PRO 14 正規ライセンス譲渡★
388,Metric Halo MH Edge Card MADI
389,ROLAND SOUND CANVAS SC-88 PRO ローランド 音源モジュール おまけ付き
390,HAGIWO MOD1 ハード組立済 DIYモジュール　Eurorack モジュラーシンセ　①
391,Roland SH-101 アナログ シンセサイザー 32鍵 ローランド 鍵盤 楽器 ジャンク T10094757
392,★YAMAHA ヤマハ AG06 MK2 ライブストリーミングミキサー★
393,SOLD AKAI アカイ APC40 MKII Ableton Live専用コントローラー ※ジャンク品
394,Steinberg スタインバーグ UR242 オーディオインターフェース ◆ST5/45◆
395,Dayton Audio DSP-408 4x8 DSP Digital Signal Processor for Home and Car Audio
396,☆Apogee ensemble FireWire☆oyaide d+
397,希少品 AKAI ASQ10 シーケンサー フロッピーエミュレーター 43631606
398,PRESONUS プレソナス STUDIO 26c オーディオインターフェイス USBケーブル付き★動作未確認品【TB】
399,PRESONUS プレソナス STUDIO 26c オーディオインターフェイス USBケーブル付き★動作未確認品【TB】
400,PRESONUS プレソナス STUDIO 26c オーディオインターフェイス USBケーブル付き★動作未確認品【TB】
401,♪▲【Roland ローランド】CM-500 サウンドモジュール DN-500N 0606 4
402,052926.SC-55MK II.Roland SOUND CANVAS SC-55MK2.音源モジュール.本体のみ.動作未確認.ジャンク
403,E028-W19-531 HAMMOND SUZUKI MIDI Step 足鍵盤 ハモンドスズキ IJ
404,●【通電のみ確認/動作未確認】M-Audio エムオーディオ Keystation 49 MK3 USB/MIDI キーボード コントローラー
405,レア！【 Isla Instruments KordBot 】MIDIコントローラー MIDIキーボード
406,Steinberg CI2+ USB Studio オーディオインターフェース 状態良好 送料無料 本体のみ(z-1814)
407,Roland ローランド MPU-101 MIDI/CVインターフェース MIDI-CVコンバーター★動作未確認品
408,1円スタート　Roland SC-55 SOUNDCanvas
409,KORG/コルグ 05R/W SYNTHESIS MODULE 音源モジュール (610
410,ROLAND サンプラー MS-1
411,【Y-2057】Roland ローランド TR-626 RHYTHM COMPOSER リズムマシン リズムコンポーザー 説明書付 外箱付 現状品 東京引取可【千円市場】
412,◆◇Steinberg★オーディオインターフェース UR12 24bit/192kHz USB2.0 スタインバーグ 中古 送料無料◇◆
413,ジャンク品　Steinberg CI1 USBオーディオインターフェイス　本体のみ
414,＄【売り切り】 M-AUDIO air オーディオインターフェース 192/4
415,[動作ジャンク品] KORG 05R/W 音源モジュール [音出し確認済み]
416,★Roland SR-JV80-04 VINTAGE SYNTH EXPANSION BOARD★OK!!★MADE in JAPAN★
417,送料無料A100 TASCAM US-2x2 タスカム オーディオインターフェース オーディオインターフェイス
418,【C】YAMAHA QY300 ミュージックシーケンサー ヤマハ 3048568
419,ヤマハ YAMAHA USB-MIDIインターフェース UX-16 純正品 動作確認済み 音楽制作・DTMに最適
420,AKAI Professional mini MIDIキーボード 中古品
421,Waldorf　Q RACK　Classic Blue　32ボイス　シンセサイザー　モジュール　OS 3.00
422,KAWAI MAV-8 MIDIパッチベイ
423,TASCAM オーディオインターフェース　US-2×2 ジャンク品 激安1円スタート
424,【現状渡し品】NOVATION Circuit GROOVEBOX シーケンサー リズムマシン ノベーション 音楽 機材 -小
425,【J】 ACE TONE リズムボックス エーストーン 190108
426,【B-1】 Roland SC-55mkⅡ 音源モジュール ローランド 通電確認済み 1875-22-2
427,正規品 iZotope RX 11 Elements DTM 歌ってみた
428,Roland R-70 リズムマシン 説明書/元箱付き ローランド【現状販売品】25F 北HH2
429,AKAI アカイ 赤井 CD3000 デジタルサンプラー
430,"E-MU EmulatorX CD-ROM Beat Shot Two ,Vintage X Pro Vol1からVol3 CD-ROM SAMPLE Vol.８とVol.１１"
431,中古 AKAI MIDIコントローラ APC40 発送120サイズ
432,AKAI Professional MPK mini play Mk3 MIDIキーボード コントローラー 250613RM380021
433,Tiptop audio stackable cable 黄色50cm 24本　赤30cm 6本 (ユーロラック) 計30本
434,YAMAHA ヤマハ トーンジェネレーター TG100 TONE GENERATOR MIDI音源モジュール　本体のみ【現状出品】
435,Roland sc-55k sound canvas MIDI音源モジュール
436,オーディオインターフェース
437,【中古】 Roland ローランド サンプラー SP-404
438,Roland ARIA T-8 Beat Machine ★ ローランド AIRA T-8 ビートマシン ★ ドラムマシン
439,1円〜 Roland ローランド SOUND Canvas サウンドキャンバス SC-55mkⅡ SC-55mk2 音源モジュール 通電確認のみ ジャンク扱い
440,R313 通電OK YAMAHA/ヤマハ ミュージックシーケンサー QY100 リズムマシン ギター 音楽/楽器/作曲/器材/周辺機器 動作未確認/現状品
441,【G】AKAI MPD226 MIDIコントローラー アカイ 3046892
442,ROLAND ローランド SC-88 Pro SOUND Canvas MIDI音源モジュール ミュージ郎 音響機器 通電確認済 中古品
443,WALDORF Blofeld Desktop White デスクトップシンセサイザー ウォルドルフ 25F 北TO2
444,AUDIENT iD22 オーディオインターフェイス
445,f2754/【動作未確認】EDIROL by Roland UA-4FX USB オーディオキャプチャー
446,「Roland SRX-10 Big Brass Ensemble EXPANSION BOARD」
447,■LINE6■USBギタープロセッサイングインターフェース■TONEPORT UX2■中古/現状品■ ★即決★
448,Steinberg UR22mkII オーディオインターフェース 音響機材 スタインバーグ 中古 O10138416
449,EDIROL エディロール オーディオインターフェース FA-66 FireWire Roland ローランド　 (管：2F-S６)
450,未点検◆iRig KEYS 37鍵盤 MIDIキーボード コントローラー◆USBケーブル無し
451,[KM0186] 中古現状品 novation Launchkey Mini (MK1) 25鍵 MIDIキーボード ノベーション 1000円スタート！
452,ジャンク YAMAHA MU2000 音源モジュール
453,電源ケーブル無し ジャンク◆ローランド/Roland UA-1000 オーディオインターフェース AUDIO Interface
454,正規品 iZotope RX 11 Elements DTM 歌ってみた
455,【送料無料】Roland R-70 リズムマシン　説明書/ACアダプタ/メモリーカード付
456,MOTU M2 オーディオインターフェイス 音響機材 ブラック モツ 音響機器 中古 良好 N10169552
457,Mutable Music Things Ears モジュラーシンセ ユーロラック 25F 北TO2
458,★1円スタート♪★ AKAI MPC2000XL 動作未確認 ジャンク品 現状品 MPC-2000XL ★
459,MOTU モツ オーディオインターフェイス M2/M2MA09EARI 通電〇【DFBA5006】
460,Buchla & Tiptop Audio Quad Function Generator 281t ユーロラック モジュラーシンセ
461,Intellijel Designs Stereo Line Out 1U モジュラーシンセ ユーロラック 25F 北TO2
462,【 G 】8649② CME WIDI-X8　2個　ワイヤレス MIDIインターフェース　シーエムイー
463,【ほぼ新品】 KORG microKEY2 61鍵盤 MICROKEY261
464,AKAI Z4
465,M-Audio Oxygen 61 MKV MIDIキーボードコントローラー 61鍵 ベロシティ対応パッド【美品】
466,BEHRINGER ベリンガー BCF2000 B-CONTROL FADER ①
467,[KM0195] 中古現状品 SONY DRP-2 DRUM PAD ドラムパッド 音出しOK 1000円スタート！
468,【G】PreSonus V-FIRE R-BUS to FireWire インターフェイス 3106212
469,YAMAHA MU1000 EX バッテリー新品 音源モジュール 完動品
470,Presonus FaderPort DAWコントローラー 中古 良好 T10152157
471,YAMAHA AG03 MIKU オーディオインターフェース ヤマハ ミキサー ウェブキャスティングミキサー
472,【JL-10】Cubase ELEMENTS 9 or 9.5 パッケージ版 ダウンロードコード mac windows ジャンク アクティベート不可【未開封】
473,4ms WAV Recorder ユーロラック モジュラーシンセ　dtm daw
474,【中古】 USB/MIDIパッドコントローラー AKAI Professional MPD226 USB/MIDIパッドコントローラー
475,◎ AKAI MPC2000XL 最新OS メモリ32MB 8パラアウト搭載！パッドセンサー新品交換済み ！！
476,359★100円～★スタインバーグ Steinberg USB3.0 オーディオインターフェイス UR22C■美品
477,KORG ELECTRIBE SX ESX-1SD エレクトライブ SX
478,AKAI MPC LIVE 2 サンプラー リズムマシン シーケンサー 他おまけ / セミハードケース oyaide オヤイデ 未開封USBケーブル 64GB SDカード
479,DR-880 　BOSS 　リズムマシン　ミュージックマン　RRS FENDER　ギブソン
480,【A-2】 Steinberg UR22 MK2 オーディオインターフェース 動作確認済み 元箱付き スタインバーグ 4182-62
481,♪Avid SYNC HD ProTools アビッド シンクロナイザー 中古♪
482,★ジャンク品★MIDIキーボード A-37 Roland
483,PRESONUS プレソナス STUDIO 26c オーディオインターフェイス USB接続MIDIインターフェース　USBケーブル付き★動作未確認品【TB】
484,Roland JV-2080 64ボイス シンセサイザー モジュール オーディオ ローランド 中古 O10200768
485,（53）Roland ローランド SOUND Canvas サウンドキャンバス SC-88 Pro DTM-88PRW 音源モジュール
486,動作良好！ AKAI S2000 Ver2.0 32MB +サンプルDVD付き
487,動作品 Roland MIDI音源モジュール SOUND Canvas SC-55 サウンドキャンバス ローランド【20
488,B219 AKAI アカイ CD3000XL サンプラー 音響機器
489,AKAI アカイ S20 デジタルサンプラー アダプター欠品
490,数量限定値下げ izotope AIボーカルミキシングツール NECTAR 4 ELEMENTS　DTM
491,20.83 Roland◆SD-35 SoundCanvas MIDIプレーヤー◆音源モジュール
492,【 B 】9907 YAMAHA UX16 USB-MIDI インターフェース ヤマハ 3106531
493,【 C 】9997 AKAI MPK mini MIDIキーボード コントローラー アカイ 051868
494,NATIVE INSTRUMENTS MASCHINE MIKRO MK3 フィンガードラム MIDIコントローラー アクティベート解除済み 中古品 激安1円スタート
495,美品 FOCUSRITE scarlett solo オーディオインターフェイス USB
496,【 G 】7294 Focusrite Scarlett Solo オーディオインターフェース フォーカスライト 3084738
497,Maneco Labs GRONE　Eurorack版　　Doepfer eurorack modular synth　モジュラーシンセ ユーロラック
498,ACE TONE FR-106 Rhythm FEVER アナログ リズムボックス
499,digidesign MIDI
500,RME Fireface400 オーディオインターフェイス　②
501,送料無料 Steinberg/スタンバーグ UR22mk2 USBオーディオインターフェース 説明書＆Tool for UR22mkⅡソフト付属 / USB AUDIO INTERFACE
502,Axion M-AUDIO air25 MIDIキーボード　未使用
503,【ジャンク】 Roland SD-20 音源モジュール 本体のみ
504,■□Avid HD MADI Pro Tools HDX用 オーディオインターフェース アビッド□■027389027□■
505,【G】KORG M3R 音源モジュール コルグ 3092480
506,YAMAHA RY30 RHYTHM PROGRAMMER ヤマハ リズムプログラマー 動作品 電源アダプター付き
507,【美品】Antelope Audio / Orion Studio Synergy Core 高級オーディオインターフェイス
508,TASCAM(タスカム)製　iXZ 　現状品　元箱つき　通電確認ずみ
509,Roland ローランド SD-90 音源モジュール
510,EDIROL製　まとめ売り　UA-5、HQ-GM2、UM-1
511,ローランド　Roland A-49　USB-MIDIキーボード　【動作品】
512,Roland　ローランド　サウンドモジュール　　D-110
513,Roland 　ローランド　オーディオインターフェース　　UA-25EX
514,【G】Roland A-49 BK MIDIキーボードコントローラー ローランド 3091458
515,CubaseLE14最新版
516,Roland/ローランド SR-JV80-10 BASS & DRUMS 音源ボード エクスパンションボード 2506
517,JZ-472 激安 Roland VS-880 デジタル・スタジオ・ワークステーション 通電NG 中古現状品 ※3回再出品で処分
518,Verbos Electronics Harmonic Oscillator 美品　Buchla モジュラ　ユーロラック
519,AKAI S950 サンプラー アカイ　ジャンク
520,【G】STEINBERG UR22C オーディオインターフェース スタインバーグ 3072698
521,★BOSS ボス Roland ローランド Dr.Sample SP-202 サンプラー★
522,MOTU MIDI Timepiece インターフェース MTP AV USB シンクロナイザー 音響機材 ジャンク O10204707
523,YAMAHA AG03 ヤマハ ミキサー オーディオインターフェース 配信機材 中古 S10193155
524,「オーダー商品」
525,YAMAHA ヤマハ ウェブキャスティングミキサー AG03 3チャンネル DJミキサー オーディオ 音響機器 通電確認品
526,【G】BEHRINGER UMC202HD オーディオインターフェイス ベリンガー 232538
527,ギター ベース オーディオインターフェース IK Multimedia iRig HD X
528,◎MIDIスルーボックス KENTON THRU-5 現状品【通電のみ確認】◎Z-2834
529,Roland　ローランド　音源モジュール　JV-2080　現状品　TJ8.007　/09
530,【 J 】 Y9903 AKAI EWI4000S ウインドシンセサイザー アカイ 【ケース付き】 211211
531,YAMAHA MU2000
532,Avid DigiLink cable M to M 12ft.(3.6m) x1 192 I/O DiGiGridなどとの接続用
533,ジャンク RME FIREFACE 800 オーディオインターフェース
534,【OV-0069】YAMAHA ヤマハ QY20 ポータブルシーケンサー パーツ取り ミュージックシーケンサー SEQUENCER ジャンク扱い 同梱可【千円市場】
535,UY-664 Native Instruments Komplete Kontrol S88 mk2 MIDIキーボード 88鍵 専用台座付き
536,PRESONUS プレソナス STUDIO 26C オーディオインタフェース USB-C接続 MIDI対応 USB録音機器★動作未確認品【TB】
537,YAMAHA MIDI DATA FILER MDF2 MIDIデータレコーダー ファイラー
538,MOTU 2408 mkII
539,EDIROL AUDIO　 CAPTURE　UA-5
540,【G】STEINBERG UR242 オーディオインターフェース スタインバーグ 3072868
541,studio projects VTB1 V series オーディオインターフェース
542,入手困難！Rossum electro-music Assimil8or Black バージョン　購入1週間　Doepfer モジュラ　ユーロラック
543,③t602◆YAMAHA ヤマハ◆電子ドラム 音源モジュール DTXPL DTXPLORER 本体のみ ドラムトリガーモジュール 未検品
544,【G】RANE serato SCRATCH LIVE SL3 オーディオインターフェイス レーン 3095364
545,Roland ローランド MIDI インターフェース USB Audio MIDI Interface UA100 UA-100 BR2237
546,【送料無料・中古美品】 BOSS FC-50 MIDI フット・コントローラー MIDIケーブル付き
547,【C】NATIVE INSTRUMENTS KOMPLETE AUDIO 6 オーディオインターフェース ネイティブ インストゥルメンツ 3096226
548,【 G 】2032 ROLAND SP-404SX サンプラー ローランド 058487
549,MOTU Microlite
550,Arturia V Collection Windows
551,Roland XV-3080 音源モジュール　シンセサイザー(管2FW)
552,HAGIWO MOD2 ハード組立済 DIYドラム音源モジュール　Eurorack モジュラーシンセ　③
553,steinberg ur22mkⅡ　オーディオインターフェース
554,Arturia V Collection Windows
555,YAMAHA QX3用 高輝度ブルー LEDバックライト液晶ディスプレイ
556,UNIVERSAL AUDIO ユニバーサルオーディオ Apollo Twin X DUO Heritage Edition オーディオインターフェイス 動作未確認 ジャンク品 ◆7406
557,【ジャンク品】 KOMPLETE AUDIO 2 オーディオインターフェース Native Instruments オーディオインターフェイス
558,★ALESIS D4 Drum Module VOLUME BOARD★OK!!★
559,★SEC MD98022A MEMORY 64X4=256MB 72Pin SIMM★OK!!★
560,Roland A-33 取扱説明書 2点セット
561,★AKAI S1100/S1000/S1000HD/S1000PB CONTRAST KNOB★OK!!★
562,【現品限り・未開封品】WHITE LOOP14 Punk Construction Kit [サンプリングCD]
563,★AKAI DR8/DR16/PC Memory 30 Pin TAK 1MB★OK!!★MADE in JAPAN★
564,新品■ モノモジュラーシンセ ユーロラック ロングパッチングケーブル 100cm x 20本 モノラルケーブル シールド 3.5mm パッチシンセ
565,【USB-C対応・ハイレゾ対応・USBオーディオ/MIDIインターフェイス】M-AUDIO ( エムオーディオ ) / M-TRACK 2x2M
566,＜中古＞未開封　BOSS DISCRETE DRUMS　ドラムサンプル集CD　FOR the BR-1600CD
567,美品 送料無料 ライセンス解除済み 再登録できると思います NI社 Native Instruments MASCHINE
568,YAMAHA MU128 動作チェック済み
569,★Roland SC-8850/JV-1080/JV-2080/JD-990/XV-3080/XV-5080/AR-2000/AR-3000 other VALUE/(Push) SOUND LIST KNOB★
570,★★★本物ビンテージ★★★Roland TR-909【動作品】プラグインでは出せない音 人気の後期型 rhythm composer　ローランド　リズムマシン
571,★★★Waldorf microWAVE XT ウォルドーフ　WaveTable音源アナログモデリングシンセモジュール/ウェーブテーブル シンセサイザー
572,新品■ モジュラーシンセ用 ロングパッチングケーブル 黒 100cm x 10本 ■ユーロラック
573,C3035★ ROLAND　ローランドSRV330　デジタルリバーブ　ジャンク扱い
574,★E-MU MEMORY (FLASH ROM SUPPORT)★OK!!★
575,Roland SOUND LIBRARY SN-R8-11 Metallic Percussion / サウンドチャート 日本語/英語
576,【セール対象商品】[極美品] KORG Wavestate KORG WAVESTATIONを現代風にリアレンジ！人気のシンセサイザー！ ● [TK450]
577,★Roland SP-808 series PANEL BOARD ASSY 70909012★OK!!★MADE in JAPAN★
578,著作権フリー音楽ループ素材集 MAGIX Sound PooL vol.1
579,【美品・動作品】BOSS SP-303 サンプラー Dr.Sample ボス Roland ローランド
580,YAMAHA DM3 Series 保護 フィルム OverLay Plus Lite for ヤマハ デジタルミキサー DM3シリーズ 高精細液晶対応 アンチグレア 反射防止
581,Audio Damage ADM16 Dub Jr. MKII Clock Synced Delay　 モジュラーシンセ　 ユーロラック Doepfer　make noise moog Intellijel
582,★ROLAND A-90/A-90EX 鍵盤 キーボード セット (音全部出ます)★
583,ZOOM RT-123 RhythmTrack 整備済品
584,【中古】 Novation 61SL MKIII MIDIキーボード 61鍵　ライセンス登録解除済み
585,■YAMAHA■ミュージックデータプレーヤー（伴奏くん）■MDP10(X)■中古■　★即決★
586,Steady State GATE エンペロープ　フィルター　LPG ユーロラック
587,Arduinoboy アルドゥイーノボーイ　ゲームボーイ　MIDI接続 lsdj nanoloop mgb カスタムMIDIケーブル付　チップチューン
588,送料無料！美品！【Qu-bit Electronix Pulsar】ユーロラック　モジュラーシンセ
589,★★★MACKIE BIG KNOB PASSIVE 【動作品】MONITOR CONTROLER モニタースピーカーコントローラー レターパックプラス発送
590,ZOOM MRT-3B Micro Rhythm Trak ズーム リズムマシン 通電確認済み　A4241
591,Roland/ローランド SRX-03 STUDIO SRX 音源ボード エクスパンションボード 250102
592,【美品】AKAI　Professional　APC40　MIDIコントローラー　Ableton　エイブルトン
593,emagic Unitor8 Mk II MIDIインターフェイス 未チェック 現状品 管理番号01146
594,VINTAGE RHYTHM★ビンテージリズム★DF-SD0160★日本盤★サンプリングCD★DTM★TR-808★TR-707★TR-626★XR-10★HR-16B★LINN LN-1
595,★Akai S01/S2800/S3000XL/S3200XL/CD3000/CD3000XL/MPC3000/EWI3030m other KNOB★
596,EDIROL UA-20
597,YAMAHA・MIDI音源モジュールTX81Z 音出し確認済み
598,美品 PreSonus インターフェイス FireStudio Project
599,YAMAHA RX8
600,KORG KR-11 コンパクト リズム ボックス ドンカマチック コルグ
601,01D31■APOGEE　Quartet オーディオインターフェース■
602,Rosendahl(ローゼンダール) / NANOCLOCKS（ナノクロック）
603,SONY DRB-G1 BEAT BOX with DISTORTION ビートボックスリズムマシン
604,AVID Pro Tools Mbox アビッド プロツールス オーディオインターフェース 中古 ジャンク扱い
605,BOSS Dr Rhythm ドクターリズム DR-670
606,Roland M-BD1 動作チェック済み
607,【中古】 オーディオインターフェイス Apogee DUET 2
608,Roland　DTM-88PW　音源モジュール　ローランド　本体のみ
609,KORG DDD-5 コルグ リズムマシン ドラムマシン　本体のみ
610,AIによる簡単ミックス iZotope Neutron 5 Elements
611,★EDIROL USB Audio Capture オーディオインターフェース UA-25 未チェック 現状品 管理番号02095
612,☆【1T0212-30】 Roland ローランド モジュールオーディオ VariOS 100V OPEN SYSTEM MODULE 本体のみ ジャンク
613,■Roland ローランド 音源モジュール SC-55mk2
614,AKAI MPK mini MIDIキーボード コントローラー 音響機材 USB 25鍵 アカイ
615,BOSS FC-50 MIDI FOOT CONTROLLER＜通電のみ確認＞ACアダプター付き ボス フットコントローラー PSA-100 /巻 □
616,【J】Roland QUAD-CAPTURE UA-55 オーディオインターフェース ローランド
617,送料無料　SMF Music Data　クラフトワーク Kraftwerk 「Die Tekno Musik 〜RADIOACTIVITY〜」
618,R210-N29-4742 YAMAHA ヤマハ TONE GENERATOR 音源モジュール MU80 シンセサイザー 現状品②
619,Steinberg UR22C オーディオインターフェイス
620,U242-N41-1971 BOSS ボス DR-5 Dr.Rhythm Section リズムマシン リズムセクション ジャンク 現状品2
621,正規品 W.A.Production Puncher 2 マルチエフェクトプラグイン EDM
622,【美品】YAMAHA MFC10 MIDI FOOT CONTROLLER ヤマハ MIDIフットコントローラー 取扱説明書付き MIDIコントローラー
623,【G】YAMAHA FB-01 音源モジュール ヤマハ 3001182
624,★サウンドライブラリー02 Roland L-503//L-507/MC-300/MC-500★ローランド/動作未確認/フロッピー/消費税0円
625,未開封 国内正規品 teenage engineering EP-133 K.O. II ティーンネイジ・エンジニアリング
626,GID250218-3-4 Akai Professional アカイプロフェッショナル MIDIコントローラ APC40 ジャンク品
627,【楽器・機材】 KORG コルグ USB MIDIキーボード microKEY-37 マイクロキー37鍵 通電確認のみ （一部割れあり）
628,【 G 】1739 AUDIENT iD14 オーディオインターフェース オーディエント
629,YAMAHA MU100R 整備済品
630,【4/27最終処分】MOTU モツ MIDI Express XT MidiXT MIDIインターフェース アメリカ製 音響機材 通電確認済み AAL0105大6768/0220
631,★ROLAND ローランド TR-6S リズムマシン★
632,正規品 Celemony Melodyne 5 Essential 歌ってみた
633,Roland Rubix 22 オーディオインターフェース ローランド　動作確認済み
634,Steinberg UR22 オーディオインターフェース スタインバーグ 箱、取説付き　動作未確認　ジャンク品
635,"Roland SOUNDCanvas SC-8820,SC-88セット（USED）"
636,Roland SBX-80　シンクボックス　80年代のスタジオ定番機！
637,【動作確認済】BOSS ビンテージ リズムマシン DR-55 Dr.Rhythm
638,【使用感有】Focusrite Scarlett 4i4 3rd gen オーディオインターフェース
639,◆IG8 ZOOM U-24 オーディオインターフェース　Handy Audio Interface　動作未確認　USBコード無し◆T
640,ZOOM RT-223 RhythmTrak Drum Machine リズムトラックマシーン ドラムマシン 動作確認済み
641,AKAI APC mini MIDIコントローラー バスパワー DTM DAW 音楽制作 64パッド アカイ 中古 美品 O9727432
642,Native Instruments/ネイティブインストゥルメンツ KOMPLETE AUDIO 2 オーディオインターフェース【通電確認済】 /000
643,★☆ MU1000 YAMAHA ヤマハ 音源モジュール ☆★
644,スタインバーグ Steinberg USB2.0 オーディオインターフェイス 24bit/192kHz ポッドキャストパック
645,正規品Waves IDX Intelligent Dynamics DTM
646,Emu & AKAI サンプラー用CD-ROM ４種
647,【ト足】 ローランド Roland SC-88 MIDI音源モジュール SOUND Canvas 音楽制作 機材 CO398CHH2F
648,Behringer ベリンガー XENYX302USB アナログミキサー オーディオインターフェイス 動作品 中古
649,1円〜 ◆ Steinberg スタインバーグ 【 UR22C 】オーディオインターフェース / 音響機器 / 動作未確認・美品
650,Digidesign 888 I/O　通電確認　ジャンク
651,★Roland SN-R8-10 DANCE SOUND LIBRARY★OK!!★MADE in JAPAN★
652,KORG　音源モジュール　シンセサイザー　TRITON-Rack　ジャンク
653,YAMAHA MIDI TONE GENERATOR MU100R ヤマハ MIDI トーンジェネレーター MU100R 音源モジュール【DBBA1018】
654,AKAI HDM-10 ハードディスクアダプタ MPC1000 MPC2500 中古 ジャンク
655,AKAI アカイ S1000 デジタル サンプラー ステレオ プロフェッショナル MIDI STEREO DIGITAL SAMPLER professional
656,【未使用】M-AUDIO Keystation 49 MK3 MIDIキーボード
657,AKAI アカイ Professional APC40 MIDI コントローラー Ableton SK
658,KORG DDD-5 リズムマシン
659,(ユーロラック) Hikari Instruments Att/mixer
660,【レア】Erica Synths / Pico T → G モジュラーシンセ ユーロラック Doepfer Make Noise Mutable Intellijel Noise Engineering Instruo
661,KORG KONTROL49 MIDIキーボード
662,オーディオインターフェース　iRig 2
663,非売品 Roland(ローランド)【D-50 Special Selected Sound Library】シンセ サウンドライブラリ/メモリーカード
664,KORG NanoKEY2 MIDIキーボード コルグ
665,HAGIWO MOD1 ハード組立済 DIYモジュール　Eurorack モジュラーシンセ　①
666,正規品 Universal Audio LA-2A Tube Compressor 定番コンプ UAD
667,【国内正規品】Cubase Pro 14 通常版 Win＆Mac ダウンロード版
668,[超美品] Arturia KEYLAB ESSENTIAL 88 鍵盤MIDIキーボード/コントローラー [NLG70]【神戸店在庫】
669,AKAI EWI3020m バッテリー新品交換済 アナログ音源モジュール 中古動作品
670,送料無料!! uO_C Ornament & Crime クオンタイザー シーケンサー ユーティリティ ユーロラック モジュラー 美品　中古
671,SC-88pro
672,★極上美品★ ZOOM UAC-232 オーディオインターフェース 32bit
673,3k3047b2z ジャンク扱い Roland/ローランド サウンドモジュール 音源モジュール DM-500N
674,YAMAHA MIDIキーボードCBX-K1【動作未確認ジャンク品】
675,iZotope Nectar 4 Advanced Windows
676,ARTURIA KeyLab Essential 49Mk3
677,ARTURIA◆シンセサイザー MINILAB MKII
678,Digidesign 888 I/O　ProTools用　オーディオインターフェース　1円スタート！
679,【 J 】2867 Roland QUAD-CAPTURE UA-55 オーディオインターフェース ローランド 元箱付き
680,Metric Halo Mobile I/O 2882 2nd Expanded DSPオーディオI/F&スタンドアロンデジタルミキサー 状態多分良好＋返金保証付き
681,KAWAI MIDIシーケンサー Q-80 カワイ 純正アダプター付属　現状　管理番号9423
682,Solid State Logic SSL 2+ 729704X1 オーディオインターフェース ソリッドステートロジック 中古 S9801495
683,Roland ローランド Mobile Studio Canvas SD-50 美品
684,Roland ローランド 24-bit USB Audio Capture USBオーディオ・インターフェース UA-25EX 本体のみ 経年保管品 動作未確認/ジャンク品
685,Roland ローランド TR-8 RHYTHM PERFORMER リズムマシン / PSD-100 電源アダプター 通電確認のみ 現状品 管理7Y0313N-B02
686,【ジャンク】[中古] IK Multimedia iRig 2 動作に不具合のため特価で販売/アンプ接続用出力端子が追加 [NLG20]【神戸店在庫】
687,ローランド Roland SOUND EXPANSION M-OC1 オーケストラ 音源モジュール
688,AG03MK2-W ホワイト YAMAHA オーディオインターフェイス　AG03mk2 新品同様品　マニュアル未開封　ほぼ未使用　動作確認済み
689,APOGEE AD-8000 A/Dコンバーター 説明文
690,サンプリングCD「Pro Samples Vol.22　Hip Hop from NY Cuts ヒップ・ホップ」2枚組・国内販売仕様・デジパック仕様・帯付・ジャケ美品
691,オーディオインターフェイス M-AUDIO AIR 192|14
692,Shakmat Modular Clock O'Pawn MK2 ほぼ未使用　美品 ユーロラック
693,ローランド　PC-200　MKⅡ　MIDIキーボードコントローラー　Roland　動作未確認　ジャンク品
694,YAMAHA AG03 Mk2 ブラック
695,AKAI S1000/1100 内蔵パーツのまとめ売り JUNK S1100 S1000
696,iZotope Neutron 5 Windows
697,AKAI Professional/アカイ MPK mini 25鍵 MIDIキーボード コントローラー 通電確認済み /060
698,美品 Roland SP-404MKII ローランド サンプラー
699,E-mu PROTEUS2 と電源コード、音出し動作確認、midi同期確認済み、
700,♪▲【EDIROL エディロール】オーディオインターフェース 2点セット UA-25/UA-101 まとめ売り 0318 4
701,STEINBERG UR28M 動作確認済　/スタインバーグ　USBオーディオインターフェース
702,iZotope VocalSynth 2 Windows
703,Roland MC-505 groovebox 基本の音出し確認のみ・ジャンク扱い
704,M-AUDIO M-TRACK オーディオインターフェイス　　現状　ジャンク
705,ROLAND ローランド Sound Canvas SC-88Pro 音源モジュール 音楽機材
706,【G】RME Fireface 800 オーディオインターフェース 3015781
707,BEHRINGER X1204USB XENYX USB オーディオインターフェース 音出し確認済み
708,Roland UM-ONE USB MIDI インターフェース ローランド PC パソコン ケーブル
709,Roland ローランド　サウンドキャンバス　SC-55MK2 SC-55MKII 動作未確認　ジャンク
710,BOSS ボス DR-670 リズムマシン ①
711,ZOOM UAC-2 USB3.0 オーディオインターフェイス　通電OK 本体のみ　付属品なし　動作未確認　ジャンク品(60s)
712,Sdkc Instruments Helical（ ヘリカル ） +Sdkc Instruments Addition
713,YAMAHA ヤマハシーケンサーQY-300
714,中古品　年代物　BOSS リズムマシン ボス DR-770 ドラムマシン　動作確認済
715,【 G 】6083 Steinberg UR-RT4 USBオーディオインターフェース DTM スタインバーグ 元箱あり
716,【動作品】　audient iD4 mk2
717,E767 通電確認のみ ジャンク品 NATIVE INSTRUMENTS ネイティブインストゥルメンツ　MIDI M-シリーズキーボード KOMPLETE KONTROL M32
718,E-MU E4 ULTRA SOUND LIBRARY
719,送料込み 中古 Roland JD990 EX
720,Focusrite Scarlett Solo オーディオインターフェース 音響機材 中古 Z9815660
721,★動作未確認★ CAKEWALK Roland UA-25EXCW オーディオインターフェイス USB Audio capture　　　38-48#1123#7 #5490
722,ZA374/Roland QUAD-CAPTURE UA-55 オーディオインターフェイス 取説付 オーディオチャプター ローランド 保管品
723,【中古・生産終了品】Qu-Bit Electronix / Nebulae V1　現行品には無い機能も備えた大名品グラニュラー＆サンプラー！初期型
724,M-AUDIO M-TRACK DUO オーディオインターフェース 音響機材 中古 W9850629
725,☆【1K0318-12】 Focusrite USBインターフェース ices-003 48V ジャンク
726,ROLAND ローランド SOUND EXPANSION 音源モジュール オーケストラ M-OC1/ ストリングス M-SE1 2台セット 動作品 現状 管理番号9955
727,【 G 】2822 Roland MC-50 リズムマシン ローランド 本体のみ
728,"【超美品】Antelope Audio Amari DAC アンテロープオーディオ 定価¥526,900"
729,即決◆新品◆送料無料AKAI Professional EWI Solo Special Edition White スピーカー内蔵 ウインド・シンセサイザー
730,送料込み 中古 KORG SG-RACK STAGE PIANO 音源モジュール ジャンク
731,ICON DIGITAL V1-M dawコントローラー　midiフェーダー
732,AKAI MPC1000 サンプラー 出品です。
733,♪美品♪XSONIC AIRSTEP Lite Bluetooth MIDI フットコントローラー♪
734,Roland/ローランド EDIROL UA-101 USB Audio Interface オーディオインターフェース
735,AKAI/アカイ　MIDIパッドコントローラー　MPD32 通電OK 本体のみ　ジャンク扱い　プロフェッショナル
736,IK Multimedia Amplitube 5 SE アンプシミュレーター ギター
737,iZotope RX11 Advanced Windows
738,Roland オーディオ楽器器材 RUBIX22 USB Audio Interface
739,ローランド Roland サウンドキャンバス SC-55mkII MIDI音源モジュール SOUND Canvas サウンドモジュール 通電確認 現状品■XF012s■
740,Expressive ETouch SE
741,UR22C スタインバーグ オーディオインターフェイス Steinberg オーディオインターフェース steinberg
742,Steinberg/スタインバーグ UR22 mk II オーディオインターフェース 通電確認済み /000
743,KORG 01R/W ラックマウントシンセサイザー 現状品
744,●YAMAHA UX16 USB MIDIケーブル●
745,M-AUDIO KEYSTATION61 MK3 MIDI キーボード セミウェイト ピッチベンド 楽器 61鍵盤 中古 良好 O9865790
746,☆YAMAHA ヤマハ DTX2 version2.0 電子ドラム 音源モジュール☆通電確認済み
747,メンテ済！AKAI MPC1000BK-N！JJOS！全スイッチ交換！
748,403 RME fireface 800 オーディオインターフェース
749,【ジャンク扱い】emagic unitor8 MIDIインターフェイス
750,BOSS　Dr.RHYTHM　DR-550MKⅡ
751,iZotope RX11 Advanced Windows
752,★Universal Audio ユニバーサルオーディオ VOLT 276 オーディオインターフェース
753,Roland OCTA-CAPTURE　UA-1010　オーディオインタフェース
754,03D103■Roland　TD-7 音源モジュール■
755,YAMAHAシーケンサー　QY70　（中古美品）
756,Roland SP-404SX サンプラー
757,N958 Big Knob Passive モニターコントローラー　中古　本体　未確認　現状　ジャンク
758,steinberg スタインバーグ UR22 MkII オーディオインターフェイス 音響機材 中古 N9897036
759,★AKAIアカイ ウインドシンセサイザー EWI USB
760,1円スタート！Roland/ローランド MIDI 音源モジュール ラックマウント版 GS音源モジュール M-GS64
761,【美品】Tom Oberheim SEM with MIDI to CV トム・オーバーハイム
762,即決◆新品◆送料無料AKAI Professional EWI SOLO スピーカー内蔵 ウインド・シンセサイザー
763,iRig HD2 IK Multimedia ギター/ベース用インターフェイス　通電確認のみ
764,ROLAND ローランド 音源モジュール SOUND Canvas SC-88PRO □ 716CB-1
765,BOSS Dr.Rhythm DR-670 リズムマシン 音響機材 ボス 中古 C9869405
766,KORG 1212I/O マルチチャンネルオーディオインターフェイス　送料込み
767,【 G 】226 novation LAUNCHCONTROL MIDIコントローラー ノベーション
768,【B-2】 Roland sc-88st DTM 通電確認済み 元箱付き ローランド 1530-3
769,【 C 】 Y7045 Steinberg UR22C オーディオインターフェース スタインバーグ　 【元箱付き】
770,(T) Roland EDIROL ローランド エディロール STUDIO Canvas 動作確認済み SD-80 音源モジュール サウンドモジュール 日本製
771,s001 H3 動作未確認 PreSonus AudioBox iTwo ＆ヘッドフォン付き オインターフェイス 音響機材 中古
772,送料無料 モジュラーシンセ ユーロラック M2.5 ねじ BEFACO 50個入り
773,victor　SEA-80 取扱説明書　グラフィック イコライザー
774,RME ADI-2 PRO 中古 外箱・付属品全揃 最新ファームウェア 工場出荷状態 オーディオインターフェース・ヘッドフォンアンプ
775,【美品 動作確認済み】TASCAM iXZ iPad/iPhone/iPod touch/Androidoデバイス用 マイク/ギターインターフェース　管理番号9216
776,ジャンク YAMAHA ヤマハ QY100 ミュージックシーケンサー
777,iZotope Neutron 5 Windows
778,Roland ローランド　サウンドキャンバス　SC-55MK2 SC-55MKII 現状【EB1032】
779,0A0A1　[ジャンク]　ヤマハ/YAMAHA　RS7000 ミュージックプロダクションスタジオ シーケンサー 音源モジュール スマートメディアカード付
780,Plinky synth V3 タッチ式高機能シンセサイザー モジュラーシンセ ユーロラック ドローン　アンビエント
781,Roland ローランド OCTA-CAPTURE オーディオインターフェイス
782,【美品】 Akai Professional アカイ プロ LPD8 MK2 USB MIDI パッド コントローラー MPC ドラムパッド x 8 ブラック
783,● STEINBERG スタインバーグ UR22MKII オーディオインターフェース●
784,Avid MNox オーディオインターフェース 動作品
785,【動作未確認/ジャンク】KORG MIDIキーボード（nanoKEY）【送料込】
786,Toontrack トーントラック　EZX JAZZ/ezdrummer
787,Focusrite Scarlett 18i20 USB2.0 オーディオインターフェイス 動作品 *424397
788,AKAI professional MIDIキーボード LPK25 キーボード USBケーブル付き 25鍵 ミニ鍵盤 MIDIコントローラー アカイ
789,SUNRISE SESSIONS SM13 CD-ROM + DVD サンプリングCD SAMPLE MAGIC チルアウト ダウンテンポ アンビエント CHILLOUT AMBIENT
790,AUDIENT iD14 オーディオインターフェース オーディエント
791,Roland AIRA Compact J-6 T-8 S-1 ESi UGM192 セット　オマケ　パッチケーブル　5本　MIDIケーブル　1本　付き
792,1円から - RME Fireface UC オーディオインターフェイス、ユニバーサル電源アダプター付属（通電確認済）
793,QUASIMIDI Rave-O-Lution 309※送料無料！
794,Roland　TR-707　ヴィンテージ
795,AKAI MPC500 サンプリングマシン
796,iZotope Equinox Windows
797,★Akai S01/S2800/ S3000/S3000XL/ S3200/S3200XL/CD3000/CD3000XL/MPC2000/MPC2000XL other CURSOR BLACK★
798,★AKAI MPC2000/APC20/APC40 other スライド フェーダー KNOB BLACK★OK!!★
799,◆ウインドシンセサイザー YAMAHA WT11 WX11 MIDI コントローラー音響 ジャンク 動作未確認 現状渡し 純正ケース付
800,★ジャンク品★【タバコ臭あり】シンセサイザー TX116 TF1×3基 YAMAHA ヤマハ
801,送料無料 中古美品 ALESIS SR18 High-Definition Drum Machine リズムマシン ドラムマシン 2025年1月12日新品購入
802,サ0005T★★Antelope Audio ZEN GO SYNERGY CORE オーディオインターフェース
803,AKAI PROFESSIONAL AMX DJミキサー型Serato DVSオーディオインターフェース●G040Y001
804,LINE 6 ライン6 POD STUDIO UX1 USB オーディオインターフェース
805,Roland ローランド 音源モジュール SOUND Canvas SC-55mkII + SC-55 2点セット □ 71E83-8
806,ZOOM RT-123 リズムマシン 簡易動作確認済み
807,Steinberg UR28M USB オーディオインターフェイス スタインバーグ 通電確認済み
808,サンプラー Roland ローランド SP-404 シリアル番号 CX34463 音響機器 ※稼働品 ◆おたからや【x-B67812】【S-408】
809,[中古] Steinberg UR242 24bit/192kHz対応/ネット配信にも便利な機能付き [PL127]【神戸店在庫】
810,Steinberg オーディオインターフェース UR22 mkⅡ スタインバーグ
811,04D45■Roland　XV-5050 音源モジュール 動作品 取説 ディスク付属■
812,★ YAMAHA ヤマハ MU50 ターンジェネレータ 中古 現状品 250301E6235
813,AKAI アカイ REMIX88 サンプラー 動作品 フルメモリ増設済(17MB)
814,☆【2R0422-17】 OBERHEIM オーバーハイム デジタルドラムマシン DX ジャンク
815,★Roland ローランド MT-32 MIDI音源モジュール 中古 現状品 250401E6833
816,AKAI アカイ MPC2000 サンプラー 8パラアウト拡張済み●G040Y051
817,Roland　Duo-Capture　EX
818,★BOSS ボス Dr. Rhythm DR-880 リズムマシン★
819,【G】BEHRINGER X-TOUCH コントローラー ベリンガー 228385
820,【 J 】4901 Native Instruments MASCHINE MK3 MIDIコントローラー ネイティブインストゥルメンツ 元箱付き
821,Acustica Audio Fire The Delay: 時代を超越したディレイ
822,Roland ローランド デジタルシーケンサー　音源モジュール　MT-100 アダプタ (SONY AC-D6M通電OK現状品
823,Steinberg UR22 MkII USB オーディオインターフェイス
824,Roland SOUND CANVAS SC-55MK2 USEDジャンク扱い
825,【即決あり】AKAI APC40MkⅡ Ableton Live 専用コントローラー
826,【美品】YAMAHA ヤマハ QY70 MUSIC SEQUENCER ミュージックシーケンサー（20250427O）
827,Roland EDIROL FA-66 オーディオインターフェース
828,Roland TD-25 Drum Sound Module
829,Make Noise MIMEOPHON モジュラーシンセサイザー ユーロラック 超美品
830,Audient iD22 オーディオインターフェイス
831,Y08/380 Roland ローランド MC-50 マイクロコンポーザー シーケンサー 通電確認済み 現状品
832,MIDIケーブル　約５ｍ×2本、オマケ45cmのMIDIケーブル
833,新品■ モジュラーシンセ用 パッチングケーブル 黒 15cm 20cm 45cm 各5本 計15本 ■ユーロラック
834,【 J 】5125 Antelope Audio Discrete 4 Synergy Core オーディオインターフェース アンテロープオーディオ 元箱付き
835,RME Fireface UC オーディオインターフェイス
836,美品　behrioger U-PHORIA UMC202HD オーディオインターフェース　ベリンガー オーディオインターフェイス
837,E mu 音源モジュール Proteus 2000 (ジャンク)
838,TASCAM オーディオインターフェース US-122MKII
839,【 G 】7077 Native Instruments MASCHINE MK3 サンプラー ネイティブインストゥルメンツ
840,pro tools duet by APOGEE オーディオ インターフェイス 音響機材 中古 O9878604
841,【日本未発売】希少 ROLI LUMI キーボード 鍵盤 USB 音楽 海外 限定 ボード けんばん
842,【A-4】 Akai MPK mini MIDIコントローラー 動作確認済み アカイ 2102-90
843,【同梱不可】 マッキー　MIDIコントローラー　Mackie Control C4
844,259同梱NG KORG MIDIコントローラー MICROKEY-25 25鍵 コルグ MIDIキーボード 通電OK 動作未確認 現状 楽器 器材 音響機材 録音 撮影 用品
845,AUDIENT iD14＜簡易動作確認＞※ケーブル欠品 USBオーディオインターフェイス オーディエント □
846,34-36　ヤマハ　CBX-K1 MIDIキーボード　コントローラー
847,【 C 】 Y7744 Steinberg UR22 mkII オーディオインターフェース スタインバーグ 【元箱付き】
848,KORG TR-Rack TRR 音源モジュール　変形あり　通電のみ確認　ジャンク
849,KORG nanoPad 2 （USB MIDI パッドコントローラー）
850,BOSS Roland ＭＩＤＩ ＩＮＰＵＴ　ＳＥＬＥＣＴＯＲ　ＭＰＵ－１０４　中古
851,ARTIPHON ORBA（中古）
852,rme fireface ucx オーディオインターフェース dac da コンバーター
853,ANTELOPE AUDIO Discrete 8 Synergy Core オーディオインターフェース I/F アンテロープ
854,【新品同様/即日配送】 M-AUDIOKeystation mini32 MK3 MIDIキーボード 32鍵
855,E-MU PROTEUS 2000 シンセサイザー　音源モジュール　DTM 音源
856,ジャンク扱いで(動作未確認) ローランド/Roland TD-7 パーカッション サウンドモジュール
857,★Akai S01/S2800/S3000XL/S3200XL/CD3000/CD3000XL/MPC3000/EWI3030m other KNOB★
858,MOTU オーディオ インターフェイス Ultralite mk3 Hybrid 管理番号6743
859,Behringer RD-6-BB 美品
860,Roland ローランド MT120 デジタルシーケンサー＆サウンドモジュール☆Digital Sequencer And Sound Module
861,KORG SUPER DRUMS DDM-110　プログラマブル デジタル ドラムマシーン、動作品、説明書＆ACアダプタ付き
862,●美品 Focusrite Scarlett 4i4 オーディオインターフェース 音響機器 フォーカスライト●
863,◆　ドラム音源　◆　HELLNIAN’s ROCK DRUM　Vol.1＆2 　2枚セット◆　石鹸屋　東方アレンジ曲　ヘルニアン　KONTAKT5　DVD　打ち込み
864,audient id14 オーディオインターフェイス
865,ABLETON エイブルトン Ableton Push MIDIコントローラー★動作未確認品
866,YAMAHA MIDI音源　MU80 ヤマハ音源モジュール
867,★中古・ジャンク★ALESIS アレシス VORTEX WIRELESS ショルダーキーボード
868,【動作確認済み】ZOOM UAC-2 USB3.0 Audio Converter オーディオインターフェース USBコード付き ストリーミング 配信/60サイズ
869,李2077 未開封 未使用 Roland ローランド EDIROL UA-3FX USBオーディオ・キャプチャー 24ビット ハイ・クオリティー DTMP
870,YAMAHA MU2000 通電1回のみ
871,☆【1H0512-7】 通電OK Roland ローランド 音源モジュール XV-5080 100V ジャンク
872,①Expert Sleepers disting mk4
873,管理番号Eb5642【中古】インターフェースセット ①IK Multimedia iRig Pro I/O②iRig2(×3)③TASCAM US-144MKⅡ(×2) ジャンク 現状渡し
874,Yamaha MU2000 音源モジュール ヤマハ　動作品
875,Roland EDIROL UA-25中古(ジャンク)
876,ZOOM ズーム リズムマシン RT-123 RhythmTrak 未確認
877,ROLAND ローランド サンプラー SP-404 MK II 240718RM750156
878,M-AUDIO　M-TRACK　SOLO
879,【J】 YAMAHA QY70 リズムマシン ヤマハ 189302
880,Native Instruments ( ネイティブインストゥルメンツ )KOMPLETE 12　ソフトウェア音源
881,Roland SYSTEM-100M モジュール １１０ 動作未確認ジャンク品
882,CMI WIDI JACK & WIDI MASTER ワイヤレスMIDIアダプター
883,ヤマハ MOTIF-RACK シンセサイザー 音源モジュール YAMAHA
884,Doepfer A-178 テルミン　Theremin Controller
885,KORG コルグ ELECTRIBE ES-1 RHYTHM PRODUCTION SAMPLER 綺麗で動作品
886,Elektron Octatrack MKII サンプラー リズムマシン　おまけ付き / syntakt digitone Digitakt AKAI MPC
887,Roland SP-808 SP-808-OP1 Expansion Board付 zipディスク未使用5枚、動作確認用1枚付、送料込 サンプラー groovesampler
888,KORG コルグ nanoPAD2/nanoKEY2/nanoKONTROL2 MIDIコントローラー 3点セット 250508SK050239
889,Digidesign/AVID SYNC-HD マスタークロックハードウェア ※通電のみ確認 a-①
890,【現状品】YAMAHA QY70 リズムマシン
891,YAMAHA ヤマハ QY300 ミュージック シーケンサー リズムマシン
892,即決◆新品◆送料無料M-Audio Micro DAC 24/192 USBメモリ タイプ DAC
893,【1円スタート】RME FIREFACE 800
894,【 C 】1757 Roland SC-155 音源モジュール ローランド
895,簡易チェックのみ/ジャンク☆ローランド/Roland☆バリフレーズプロセッサ―/サンプラー☆VP-9000 管N26895 #
896,YAMAHA QY700 ミュージックシーケンサー ヤマハ （1031）
897,☆ Arturia アートリア MINI LAB MIDI CONTROLLER 中古 現状品 250507S2004
898,E-MU イーミュー デジタル・ポリフォニック・シンセサイザー・モジュール PROTEUS 2000 元場/説明書付き ¶ 7240E-9
899,☆ Roland ローランド UA-25 USB Audio Capture 中古 現状品 250507Y3462
900,DONNER B1 ANALOG BASS SEQUENCER キーボード シーケンサー コントローラー 未使用品 現状品
901,Focusrite Scarlett Solo 3rd Gen オーディオインターフェイス 中古 O10009742
902,Universal Audio/ユニバーサル オーディオ VOLT2 Studio Pack オーディオインターフェース マイク 通電確認済み /100
903,MOTU M2 USB-C Audio/MIDI Interface　美品
904,HAGIWO MOD1 ハード組立済 DIYモジュール　Eurorack モジュラーシンセ　②
905,Roland ローランド 音源モジュール CM-300 ジャンク品
906,送料無料☆KORG(コルグ) MIDIキーボード microKEY マイクロキー DTM/25鍵盤/コントローラー/USB/パスパワー/プラグイン付属 MICROKEY-25
907,② Roland ローランド MIDIキーボード A-49
908,美品 ALESIS アレシス Q49 USB MIDI Keyboard controller
909,【B-3】 Roland SC-88 音源モジュール ローランド SOUNDCANVAS 現状品 3118-209
910,Erica Synths BLACK VCO２+ BLACK VCO EXPANDER
911,Roland A-500S
912,【G】KORG ELECTRIBE SX ESX-1SD サンプラー コルグ 3066584
913,Doepfer A-178 Theremin Controller　モジュラーシンセ　ユーロラック　make noise moog masf
914,♪▲【NATIVE INSTRUMENTS】オーディオインターフェース 箱付き 部品取りHM KOMPLETE AUDIO 6 0527 4
915,Steinberg UR22 スタインバーグ オーディオインターフェース
916,[超美品] KORG drumlogue ドラムマシンのさらなる革新がここに！ [QL062]【神戸店在庫】
917,KORG microKEY-37 コルグ MIDIキーボード USBケーブル バンドル・ソフトウェア
918,【 G 】8342 AKAI MPK mini キーボードコントローラー アカイ
919,KORG microKEY-25 MIDIキーボード
920,★Roland ローランド PMA-5 ペン カバー ポケット・ガイド付 バックアップ電池切れ 送料無料
921,【 G 】2151 Roland D-110 音源モジュール ローランド
922,●ほぼ未使用●　MPC ONE AKAI Professional サンプラー
923,PEAVEY SPECTRUM BASS　ジャンク
924,STEINBERG オーディオインターフェイス UR22C 未開封新品
925,Avid HD Native PCIe カード
926,BOSS DR-660 Dr.Rhythm ドラムリズムマシン 説明書/元箱付き ボス 25E 北TO3
927,MOTU MIDI EXPRESS XT USB MIDIインターフェース
928,■□ 動作品 □■ KORG コルグ ER-1 ELECTRIBE RHYTHM SYNTHESIZER 取説.アダプター付属
929,Roland/ローランド リズムマシン TR-606 Drumatix ジャンク品 ∩ 72545-12
930,AKAI MPC1000 サンプラー 電源コード付き
931,KAWAI R-50Ⅲ デジタルドラムマシン
932,TASCAM AUDIO/MIDI INTERFACE US-1800
933,まとめて！Roland/ローランド 　USBオーディオインターフェース(UA-30)　+　USBオーディオキャプチャ(UA-4FX)
934,TASCAM US-42B オーディオインターフェース
935,MOTU M2 オーディオインターフェイス 音響機材 オーディオ ブラック モツ 音響機器 中古 良好 T10070264
936,TASCAM US-366 USBオーディオインターフェース
937,【中古】 BEHRINGER RD-9 Rhythm Designer アナログ/デジタルリズムマシン ドラムマシン
938,美品 ヤマハ YAMAHA AG03 オーディオインターフェース ミキサー XM-900 マイクロフォン マイク uhuru
939,【初期化済】YAMAHA/MU2000/トーンジェネレーター/音源モジュール/ヤマハ【送料無料】
940,MOTU ultralite mk3. firewire
941,ジャンク KORG コルグ EX M1R
942,【動作確認済】KORG ピアノ音源モジュール SG-RACK
943,吉 極美品 ほぼ未使用 ZOOM AMS-44 タイプC接続 オーディオインターフェース 音響機材 動作確認済み
944,吉 Roland SC-D70 ローランド 音源モジュール デジタル サウンド モジュール サウンドキャンバス SOUND Canvas 動作確認済み
945,AKAI MPC X　サンプラー　スタンドアローン　音楽制作ツール　ジャンク
946,YAMAHA BC3 ジャンク品 ブレスコントローラー ヤマハ
947,RYK M185 モジュラーシンセ シーケンサー ユーロラック daw dtm ジャンク
948,□ジャンク品□ ※改造品？Jomox XBASE 999 ANALOG DRUM SYNTHESIZER リズムマシーン (2755350)
949,Roland　Tシャツ　中古品
950,YAMAHA ヤマハ 音源モジュール MU50 トーンジェネレーター 音響機器
951,AKAI MPC2500 SE LCD 画面 パーツ
952,099 YAMAHA ヤマハ AG03 MK2 LIVE STREAMING MIXER オーディオインターフェース USBタイプ ※中古
953,Roland VERSELAB MV-1
954,[美品] Universal Audio Apollo twin duo 初代 圧倒的な人気を誇るApollo Twinシリーズの初代！ [RL803]【神戸店在庫】
955,【中古】 リズムマシン BOSS DR-3 Dr. Rhythm
956,T【ヲ6-74】【80サイズ】▲Fireface ファイヤフェイス UCX オーディオインターフェイス/通電可/ジャンク扱い/※傷・汚れ有
957,TASCAM タスカム US-1×2 USBオーディオインターフェース★動作未確認品
958,送料無料【 Korg volca drum 】ボルカドラム リズムマシン ドラムマシン ドラムシンセ シンセサイザー
959,中古品 novation Launchkey mini Launchpad mini USB キーボード パッド コントローラー midi 音楽機材 abelton arturia まとめて 楽器
960,BOSS Dr.Rhythm DR-55 ボス リズムボックス リズムマシン 動作未確認品 管理ZI-LP
961,Nonlinearcircuits 1u DIFF-RECT Intellijel 1U専用 ユーロラック
962,Roland　オーディオインターフェース　３個
963,YAMAHA AG03 ストリーミング ミキサー 2021年製 音響機材 ヤマハ 中古 Y10110707
964,●(y) dbx 2ch コンプレッサー/リミッター /ゲート 1066
965,KORG ES-1 コルグ
966,APOGEE Symphony I/O オーディオインターフェース アポジー 音響機材 中古 W10122691
967,PreSonus Audio Box オーディオインターフェース Audio Box 22VSL 中古現状品
968,MOTU オーディオインターフェイス Ultra Lite FireWire 通電確認 ケーブル
969,YAMAHA DTXPRESS 現状品
970,MS3063 通電/一部動作確認 AKAI アカイ ELECTRONIC WIND INSTRUMENT ウィンドシンセサイザー EWI4000SW 箱あり (検)電子楽器 シンセ
971,K1825/ SHURE X2u インターフェイス SM11 MEXICO DYNAMIC 通電確認のみ
972,♪▲【YAMAHA ヤマハ】音源モジュール TG300 0613 4
973,【美品】Native Instruments■Audio 8 DJ■インターフェース■コード付き■USBケーブル付
974,"Hexinverter Mutant BD9(ユーロラック, モジュラーシンセ)"
975,◆現状品◆ digidesign Digi 003 Rack オーディオインターフェース ◆
976,【C】Akai MPK mini MIDIキーボード アカイ 077504
977,美品[付属品全有]Behringer X-TOUCH MINI USB MIDI コントローラー
978,Tiptop audio stackable cable 黒90cm8本　青70cm12本 セット (ユーロラック)
979,【G】BOSS DR-770 リズムマシン ボス 3046850
980,6-296♀Roland/ローランド MIDIアウトプットセレクター MPU-105♀
981,【動作未確認】YAMAHA ヤマハ MU128 音源モジュール
982,18.54 Steinberg◆スタインバーグ UR12 USBオーディオインターフェイス◆
983,Eurorack つまみ Knob 27個セット
984,behringer CRAVE （ベリンガー クレイブ）
985,Roland MPU-401N PC-98ノート用MIDIインターフェイス
986,Make Noise 0-COAST セミモジュラーシンセサイザー 説明書付き メイクノイズ 25F 北TO2
987,DIGIDESIGN 888/24
988,YAMAHA ヤマハ　 ウェブキャスティングミキサー AG03　 オーディオインターフェース
989,ANIMEX SCRAMBLE7 アニメックススクランブル7 97劇場アニメ・テーマ曲集 smf midi data ミディ データ
990,e14004　AVID elevenRack アビッド オーディオインターフェイス 通電確認済 ケース付
991,☆ KORG コルグ volca drum リズムマシン 中古 現状品 250612H2379
992,Alesis Nano Piano
993,【 J 】8512 APOGEE duet for iPad & Mac　オーディオインターフェース　アポジー　元箱付き　210437
994,【J】AKAI ASQ10 シーケンサー アカイ 3071015
995,E-MU MORPHEUS model9053 Z-Plane Synthesizer イーミュー シンセサイザー 動作確認済
996,Teenage Engineering EP-1320 medieval 1回視聴のみ サンプラー
997,【中古・生産終了】Synthesis Technology / E350 Morphing Terrarium　24000種以上の波形を備えたウェーブテーブル・オシレーター！
998,H232●Roland ローランド STUDIO CAPTURE UA-1610 オーディオ インターフェイス スタジオ キャプチャー 日本製
999,Dt320新品◆YAMAHA ヤマハ◆ドラムトリガーモジュール DTXPLORER 電子ドラム 音源モジュール 打楽器 ドラム 未開封
1000,1円〜① Yamaha RX15 Digital Rythm Programmer ヤマハ デジタルリズム プログラマー ドラムマシーン通電確認済み
1001,steinberg UR242 オーディオインターフェース 音響機材 中古 M10134867
1002,Roland TR-606 名機　動作品　純正マニュアル付き
1003,●営TT979-60 Roland EDIROL エディロール USB Audio Capture USBオーディオインターフェース UA-4FX ローランド /a
1004,HAGIWO MOD2 ハード組立済 DIYドラム音源モジュール　Eurorack モジュラーシンセ　③
1005,Roland ローランド SC-88VL 音源モジュール★簡易検査品
1006,★Roland★CM-32P 音源モジュール 美品 ローランド★
1007,Polyend Preset モジュラーシンセ ユーロラック 25F 北TO2
1008,calsynth JAK PLUGG UPEAKS モジュラーシンセ ユーロラック 25F 北TO2
1009,◆EDIROL/USB-MIDIインターフェースUM-1　（011）◆
1010,【動作確認済】Steinberg オーディオインターフェース UR22 mkII
1011,Intellijel Designs Quadratt 1U モジュラーシンセ ユーロラック 25F 北TO2
1012,中古美品　Lexicon(レキシコン) I-ONIX U42S 　USBオーディオインターフェイス
1013,2hp MMF モジュラーシンセ ユーロラック 25F 北TO2
1014,u57792　中古　KEITH MCMILLEN　MIDI EXPANDER
1015,KORG ER-1 リズムマシン ELECTRIBE RHYTHM SYNTHESIZER 作動未確認　ジャンク
1016,CD House & Garage Construction サンプリングCD Creative Essentials Sampling CD Series Volume 11
1017,★YAMAHAヤマハ DJX-IIB DJギア シーケンサー リズムマシン　★ジャンク品
1018,Y14/898 Novation NOCTURN 49 MIDIキーボード 通電確認済み 現状品
1019,BOSS DR-220A リズムマシン ジャンク品 ケース付
1020,【送料無料】moddict Party Peoples Patch Cable パッチケーブル 3種13本セット モジュラーシンセ ユーロラック モディクト
1021,N962 SSL2 Solid State Logic ソリッドステートロジック SSL 2 USBオーディオインターフェイス 中古　本体
1022,MOTU モツ MicroBook II USBオーディオインターフェイス 未チェック 現状品 管理番号 07025
1023,iZotope Ozone 11 Advanced Windows
1024,【G】Roland SC-55mkII SOUND CANVAS 音源モジュール ローランド 231817
1025,① YAMAHA QY70 ヤマハ シーケンサー
1026,(モジュラーシンセ)Hikari Instruments 5 bus
1027,P202-S3 Roland ED ローランド SC-8850 SOUND CANVAS サウンド キャンバス 音源モジュール 音響機材 楽器機材 通電OK 1796162
1028,【 C 】 Y9427 KORG ELECTRIBE-R ER-1 リズムマシン コルグ　 【元箱付き】 3062231
1029,AVID HD OMNI
1030,digidesign デジデザイン 9100-17918-00 REV A EXPANSION HD Expantion HD HOST PCieカード付き★動作未確認品
1031,【動作確認済】Roland 音源モジュール JV-2080 EXPボード 8枚増設済
1032,オーディオインターフェース Focusrite Scarlett 8i6 Gen1 本体 USBケーブル 電源アダプタ セット
1033,TASCAM US-322 USB 2.0オーディオインターフェース タスカム Audio Interface Y1758
1034,AKAI CD3000XL ビンテージサンプラー CDドライブ内蔵 サウンド アカイ ジャンク O10202793
1035,YAMAHA ヤマハ VL1-m 音源モジュール
1036,サーキットベンディング　サーキットベンドマシーン
1037,Teenage engineering ティーンエイジ エンジニアリング EP-133 K.O.II サンプラー シーケンサー USB-C エフェクター EP-133 K.O. II
1038,未使用 未開封 保管品 Roland USBオーディオインターフェース EDIROL UA-1EX
1039,美品 TASCAM タスカム US-366 USB 2.0 Audio Interface オーディオインターフェース 音響機器 現
1040,【 G 】9901 ROLI Lightpad Block MIDIパッドコントローラー ローリー 3070194
1041,【 G 】8935 Roland　 SC-D70　音源モジュール　ローランド　本体のみ　3106935
1042,M-AUDIO M-TRACK DUO オーディオインターフェイス 超美品/60
1043,Digidesign 192 I/O　16アナログIN　8アナログOUT　動作確認済み　中古　Avid
1044,♪▲【Roland ローランド】SOUND Canvas 音源モジュール DTM-88PW SC-88 Pro 0711 4
1045,TASCAM タスカム 家庭用放送機器 USBオーディオインターフェース US-42
1046,Roland ローランド SR-JV80-10 BASS & DRUMS 音源ボード エクスパンションボード 現状品 ジャンクC10189889
1047,【D】YAMAHA RX5 リズムマシン ヤマハ 3051333
1048,RME Fireface400 オーディオインターフェイス　①
1049,Roland ローランド SBX-1000 MIDI CUEING BOX★動作未確認品【TB】
1050,【 J 】8148 ARTURIA KEYLAB61 MkII 電子キーボード アートリア 3070141
1051,◆◇focusrite forte オーディオインターフェース◇◆
1052,ローランド　MT-32　取扱説明書
1053,Novation NOVA アナログ モデリング シンセサイザー 音源モジュール 現状品
1054,【 G 】8169 AKAI MPK mini play MIDIキーボード アカイ 元箱付き 024495
1055,▼ジャンク☆Tascam タスカム/iXR/オーディオ/MIDIインターフェース/DTM 宅録▼H80793
1056,【 G 】1116 Roland OCTA-CAPTURE UA-1010 オーディオインターフェイス ローランド 3062747
1057,【J】KORG MINIPOPS 20S リズムマシン コルグ 030202
1058,Vermona RETROVERB 中古
1059,● Roland Rubix24 ローランド USBオーディオインターフエース 2入力4出力 オーディオインターフェース 音響機器 通電確認済 ●25071702Y
1060,PRESONUS プレソナス STUDIO 26c オーディオインタフェース USB-C接続 MIDI対応 USB録音機器 USB-Cコード付き★動作未確認品【TB】
1061,PRESONUS プレソナス STUDIO 26c オーディオインタフェース USB-C接続 MIDI対応 USB録音機器 USB-Cコード付き★動作未確認品【TB】
1062,レアカラー YAMAHA CBX-K1 MIDIキーボード クリアブルー・Boss db-66 メトロノーム
1063,AKAI MPK mini MIDIキーボード　ジャンク
1064,【 G 】9045 ARTURIA　 KEYLAB Essential 49　MIDIキーボード　アートリア　元箱付き　210746
1065,ジャンク 起動確認のみ AKAI アカイ プロフェッショナル MPC1000 サンプラー サンプリングマシン 音響機器 [TK25-0720-1]①
1066,ANTELOPE AUDIO Zen Go Synergy Core USB 動作確認済
1067,YAMAHA ヤマハ XG音源モジュール MU100 2000年代の懐かしい音が満載です。動作確認済み 外観美品 AWM音源
1068,iRig Pro I/O ＋ iRig PowerBridge（Lightning）セット ・即戦力！
1069,ジャンク KAWAI XD-5 DIGITAL SYNTHESIZER シンセサイザー 電源欠品
1070,【G】ALESIS DM5 ドラム音源モジュール アレシス 190672
1071,[KM0241] 中古現状品 YAMAHA RX8 リズムマシン デモ演奏OK 1000円スタート！
1072,☆【1K0721-9】 Roland ローランド シーケンサー MC-505 100V リズムマシン ジャンク
1073,【美品】【通電確認のみ】Steinberg UR22 オーディオインターフェイス USB D-PRE搭載 本体のみ
1074,●Roland UA-4FX ローランド　audio capture●
1075,AKAI MPK mini play 動作確認済み
1076,◆ YAMAHA FGDP-50 ヤマハ フィンガードラムパッド 新品 即納 未使用
1077,SWAM All In Bundle Windows
1078,ジャンク　AKAI MIDIパッドコントローラ MPD26
1079,Roland TR-505 リズムマシン　本体のみ　ジャンク品（送料込み）
1080,AVID HD OMNI
1081,ジャンク扱い 起動確認のみ ROLAND ローランド EDIROL エディロール UM-880 USB MIDI インターフェイス [TK25-0728-2]
1082,TASCAM MTS-30 MIDI TAPE SYNCHRONIZER タスカム MIDIテープシンクロナイザー ※通電NG 状態説明あり 〆5★ジャンク品【福岡】
1083,VICTOR behringer モジュラーシンセ ユーロラック オシレーター
1084,KORG X5DR
1085,2hp ADSR モジュラーシンセ ユーロラック
1086,Roland MPU-105 MIDI OUTPUT SELECTOR
1087,novation「xio synth 25」ノベーション エクシオ シンセ 25 シンセサイザー オーディオインターフェース MIDIコントローラー 音楽機材 DTM
1088,A42 展示品 動確済 ESI イーエスアイ UGM192 ギタリスト向け レコーディングに最適 モバイルUSB 3.1 オーディオインターフェイス
1089,ジャンク AKAI EWI3020 ウインドコントローラー
1090,★ Roland Sound Canvas SK-88 Pro ★
1091,◎YAMAHA ヤマハ AG03 オーディオインターフェース ミキサー 機材 現状品 TW193367
1092,YAMAHA WT11 　WX11、WX5用音源
1093,サンプリングCD Welcome to Japan Vol1
1094,訳あり TASCAM MiNiSTUDIO CREATOR US-42 ホワイト USB オーディオインターフェース 家庭用放送機器 エフェクト タスカム
1095,iZotope Catalyst Series Windows
1096,【 G 】 Y10052 ROCKTRON MIDI MATE フットコントローラー ロックトロン 3070469
1097,【 D 】 Y10060 iONE iFl HI SPEED USB オーディオインターフェース アイワン 3095990
1098,M-vave Chocolate Plus Controller MIDI エフェクターボード ギター ベース フットスイッチャー
1099,KORG コルグ　EMX-1 ジャンク品［j25080016］ドラムマシン　サンプラー
1100,Xfer Records Serum 2 Windows
1101,【53fa5aac】通電◎ 動作未確認　PreSonus AudioBox 22VSL オーディオインターフェース
1102,eVY1 Board 歌うMIDI音源モジュール　＊未使用現状品 J-973
1103,MOTU M4 オーディオインターフェース
1104,APOGEE duet2 オーディオ インターフェイス アポジー
1105,【C】Novation 61SL Mk II MIDIキーボード ノベーション 3095859
1106,【C】Native Instruments KOMPLETE KONTROL S49 MK2 MIDIキーボード ネイティブインストゥルメンツ 3108068
1107,【J】 MOTU 896mk3 オーディオインターフェイス モツ 3118462
1108,revelator io44 PreSonusオーディオインターフェース 未確認ジャンク
1109,【動作品】YAMAHA PLG150-PF 本体のみ 送料無料 | ピアノ拡張音源ボード ヤマハ（z-1916）
1110,YAMAHA TG77 液晶LED化 生福ACT1インストール済 内部バッテリー新品 完動品 音源モジュール
1111,Evolution? X-Session　MIDIコントローラー? 動作未チェック 中古品 現状品 ジャンク品
1112,Native Instruments KOMPLETE KONTROL M32
1113,極上の新古品 TASCAM MODEL 12 オーディオインターフェイス
1114,《希少　名機》Roland TR-808 Rhythm Composer　ローランド ［通電のみ確認］ヴィンテージリズムマシン
1115,★ROLAND FANTOM-XR JACK BOARD Assy 72566290 MIDI/OUTPUT★OK!!★MADE in JAPAN★
1116,★E-MU FORMULA 4000 HIP-HOP NATION SOUND LIBRARY (CD DATA STORAGE)★
1117,"中古CD■SAMPLING■AMG / STEVE WHITE / ON THE BEATEN TRACK / FUNK, SOUL■サンプリング, ドラム, パーカッション, Drum, Percussion"
1118,★Roland EXPANSION BOARD SRX-99 SPECIAL WAVE 64 Patches★OK!!★ MADE in JAPAN★
1119,Arduinoboy ゲームボーイ音源/ 翌日迄の決済 受け取り迅速 厳守
1120,激安中古品　novation IMPULSE 25 USB-MIDI KEYBORD
1121,★Roland SR-JV80-03 PIANO EXPANSION BOARD★OK!!★MADE in JAPAN★
1122,★AKAI Professional EWIマウスピース / EWI Solo EWI5000 EWI4000s EWI USB用 ★新品/メール便
1123,PCN98-1741 激安 OMS OPCODE Studio4 MIDIインターフェース ユニット オプコード 中古 現状品
1124,MOTU midi express XT USB 8x8 MIDIインターフェイス　USB　通電確認　現状品　電源ケーブル無　モツ　[A00027]
1125,[美品] Roland SC-88 90年代に発売された今では珍しい音源モジュール [SK864]
1126,MIDI WAVE SHAPER MWS-714 レア品
1127,BOSS ボス RC-5 ループシステム #UD3359
1128,KAWAI カワイ Q-50 DIGITAL MIDI SEQUENCER デジタル MIDI シーケンサー 通電OK 即有り
1129,[カタログ] YAMAHA(ヤマハ)1999年11月 コンピューターミュージック総合カタログ/HELLO! MUSIC!/QY70/MU128/WX5/DTM/
1130,QU-Bit Data Bender　ユーロラック　モジュラーシンセ
1131,★Roland SRX-04 STRINGS EXPANSION BOARD★OK!!★MADE in JAPAN★
1132,★AKAI MPK25/MPK49/MPK88/APC20/APC40/MPD24/MPD32/MINIAK other KNOB★OK!!★
1133,【通電確認済み】リズムマシン ヤマハ RX17 デジタルリズムプログラマー 音響機器 YAMAHA テクノ トランス EDM 八王子市 引き取りOK
1134,Cheap Comic Shot! With Siren & Pyun Pyun Machine Vermilion サンプリングCD カエルカフェ　レゲエ スカ ダブ
1135,美品　4ms Shuffling Clock Multiplier モジュラーシンセ　クロック　定番　ユーロラック
1136,★中古★ M-AUDIO PROJECT MIX I/O インターフェイス フィジカルコントローラー 通電確認済み
1137,★Akai Professional APC mini MK2 / Ableton Live用 クリップ・ローンチ コントローラー★新品送料込
1138,★KORG M1 M3R SYNTH 1 MSC-02/RPC-02 PCM DATA MEMORY CARD MSC-2S★OK!!★MADE in JAPAN★
1139,EDIROL （Roland ） USB Audio Capture UA-25 ジャンク品　送料無料
1140,Native Instruments Twenty Five
1141,キーボード M-AUDIO KEYSTATION 49 MK3
1142,Roland EDIROL UA-4FX USB Audio Capture ローランド オーディオ キャプチャー オーディオ インターフェース
1143,★Akai CD3000XL CD-ROM DRIVE Toshiba XM-5701B★OK! !★Made in JAPAN★
1144,Tascam オーディオインターフェース TASCAM
1145,2点まとめて BOSS DR-550MKII 送料1200円 マルチエフェクター エフェクタードクターリズム リズムマシン KORG PANDORA TONE WORKS PXR4
1146,TASCAM タスカム iUR2 オーディオ/MIDIインターフェース IPAD/IPHONE用　送料750円～ ほぼ未使用
1147,Lynx Studio Technology AES16e-SCR-G /PCl Express Card ★動作品★
1148,KORG コルグ TR-Rack・音源モジュール用 ★ユーザーズ・ガイド/Voice Name List/エフェクト・ガイド★美品
1149,♪ ZOOM S2t オーディオインターフェース 中古 現状品 250211Y7214
1150,iZotope VocalSynth 2 Windows
1151,EDIROL エディロール UA-3FX オーディオインターフェース　未確認
1152,送料無料！KORG nanoKEY コルグ USBキーボード 通電確認済み ジャンク扱い品
1153,▽536703 Steinberg スタインバーグ オーディオインターフェース UR22mkII
1154,◆　ROLI SEABOARD RISE 49 MIDIキーボード　◆
1155,F★【G】YAMAHA MU100R 音源モジュール ヤマハ 3014416
1156,korg mc-1　 コルグ MIDIキーボード　元箱　 microKONTROL　(A)
1157,Roland SP-404mk2 ほぼ未使用 sdカード 付き ローランド サンプラー
1158,◎K93191-1:TASCAM US-42B MiNiSTUDIO CREATOR オーディオインターフェース 音響機器 配信機材 オーディオ機器 動作未確認 ジャンク
1159,☆【1T0212-29】 APOLLO アポロ ユニバーサルオーディオ QUAD 2 本体のみ ジャンク
1160,Steinberg USB AUDIO INTERFACE UR22mkⅡ ジャンク
1161,KOMPLETE KONTROL M32 MIDIキーボード 通電確認済み 現状品 ジャンク m-s-011009-39
1162,Vestax USB MIDI CONTROLLER VCM-100
1163,【G】Pearl EM-1 malletSTATION マレットステーション パール 222182
1164,ROLAND ローランド TRI-Capture USB AUDIO INTERFACE と Cakewalk Music Creator 6 セット
1165,DaveJones ユーロラックモジュール O'Tool オシロスコープ (モジュラーシンセ DOEPFER MAKENOISE INTELLIJEL ALM 4MS TIPTOP MUTABLE WMD)
1166,送料630円～ ジャンク 動作未確認 EDIROL Roland USB オーディオキャプチャー UA-4FX SN.20199 管理F
1167,YAMAHA ヤマハ VL70-m 音源モジュール ジャンク品
1168,ZOOM RhythmTrak RT-123 ズーム リズムマシン 音響機材 中古 S9696360
1169,Roland MC-307【現状品/新品ACアダプター付属】
1170,正規品 IK Multimedia AmpliTube SVX Ampeg ベースアンプ
1171,iZotope Ozone 11 Advanced Windows
1172,ROLI BLOCKS Beatmaker Kit
1173,フィジカルコントローラー　Behringer X-TOUCH ONE
1174,ローランド　xv-5080
1175,MOTU モツ MICRO EXPRESS MIDIインターフェース 電源コード/取説/接続ケーブル/ソフト/元箱付き★動作未確認品
1176,ローランド BRIDGE CAST ゲーミングDACアンプ オーディオインターフェース 配信 ゲーミングミキサー オーディオミキサー Mac/Win C244
1177,【 C 】1768 Roland SP-404MKii サンプラー ローランド
1178,【 G 】2273 BOSS Dr.Rhythm DR-660 リズムマシン ボス
1179,KORG コルグ Expandable Hi Module/Sampler 音源モジュール サンプラー TRITON-Rack
1180,SEQUENTIAL TOM
1181,M-AUDIO エムオーディオ オーディオインターフェース　 M-TRACK 2x2 未確認
1182,ROLAND SOUND EXPANSION M-BD1 BASS & DRUMS ドラム音源
1183,ジャンク AKAI EWI3030m 音源モジュール
1184,iRig　keys　I/O　25鍵盤　キーボード　専用ケース　MIDI
1185,★良品！EDIROL Roland UA-101 Hi-SPEED USBオーディオインターフェース 付属品あり★
1186,★KORG NanoKEY2 MIDIキーボード コルグ USBケーブル付き USED 15112★！！
1187,TASCAM US-322
1188,〇B136-W18-391 PRESONUS プレソナス AudioBox GO オーディオインターフェイス 箱付き③
1189,MOTU 828 ES オーディオインターフェイス 美品 その2
1190,Roland OCTA-CAPTURE オーディオインターフェース UA-1010 送料込
1191,Roland ローランド TR-707 リズムコンポーザー ACアダプター 付き 5902211071
1192,美品 Steinberg UR22 スタインバーグ オーディオインターフェース
1193,★未使用 CASIO デジタル シンセサイザー VZ-10M iPD音源 音源モジュール DIGITAL SYNTHESIZER 箱説付 カシオ【40
1194,Roland　ローランド　SOUND CANVAS　音源モジュール　SC-8850　動作確認済み
1195,Waldorf Kyra シンセサイザー
1196,【動作確認済】BOSS DR-3 Dr.rhythm リズムマシン
1197,Y10/879 KORG コルグ MIDI USB キーボード K25 通電確認済み 現状品
1198,【ヤフオク】TASCAM US-1x2HR #2【No.1476】
1199,★未開封＆未使用 ZOOM/ズーム ハンディオーディオインターフェース U-24 + ホルダー AIH-1/器材/外箱付き&2104700009
1200,iZotope Ozone 11 Advanced Windows
1201,Roland ローランド SOUND Canvas SC-88ST Pro サウンドキャンバス DTM 音源モジュール 動作確認OK
1202,【C】ZOOM UAC-232 オーディオインターフェース ズーム 3001791
1203,KAWAI カワイ CARD RAM OC-8 メモリーカード 【動作未確認】 K4 K4r K1 XD5
1204,Roland SOUND CONVOS SCー88VL
1205,1円～ 破損箇所有 YAMAHA ヤマハ ウェブキャスティングミキサー AG06 オーディオインターフェース【ジャンク・現状品】 [51-0302-O4]
1206,EDIROL Roland ローランド USB-MIDIインターフェイス UM-550 動作未確認
1207,Roland/ローランド JV-2080 音源モジュール バッテリー交換済み 250118
1208,KORG　MINIPOPS3★ビンテージアナログリズムマシン ゲルマニウムTR式★1972年　コルグ　京王技研　日本製 ミニポップス
1209,DIVISION6 ジャックライト 2本組 (ユーロラックモジュール モジュラーシンセ DOEPFER INTELLIJEL MAKENOISE 4MS ALM MOOG TIPTOP MUTABLE)
1210,DIVISION6 ジャックライト 2本組 (ユーロラックモジュール モジュラーシンセ DOEPFER INTELLIJEL MAKENOISE 4MS ALM MOOG MUTABLE TIPTOP)
1211,Roland オーディオインターフェイス UA-55
1212,Roland ローランド PCM ROM CARD SN-U110-02、07 Latin& F X. Percussions Electric Guitar 音源モジュール サウンドライブラリ 2枚セット
1213,&【売り切り】Focusrite Scarlett Solo 第3世代 2in2out オーディオインターフェース 3rd スカーレットソロ ファーカスライト USB DAW DTM
1214,【ヤフオク】TASCAM US-2x2【No.1487】
1215,【ヤフオク】TASCAM US-1x2HR 箱なし 【No.1477】
1216,AKAI MPK mini
1217,新同品 ARTURIA Mini Lab 3 MIDI キーボード ホワイト
1218,[KM0098] 未使用品 ZOOM UAC-2 2ch USBオーディオインターフェース 通電OK ズーム
1219,正規品】AIボーカルミキシングツール izotope NECTAR 4 ELEMENTS DTM
1220,Roland ローランド オーディオインターフェース UA-55 QUAD-CAPTURE 音響機材 オーディオ機器 オーディオインターフェイス USB
1221,送料無料!! BUGBRAND PTDelay Standard ディレイ モジュラーシンセ スタンドアローン 美品 中古
1222,YAMAHA ヤマハ TX81Z 音源モジュール★簡易検査品
1223,yamaha wx5 ケース付き ヤマハ WX5 ウインド MIDI コントローラー
1224,【国内正規品】Cubase Pro 14 通常版 Win＆Mac ダウンロード版
1225,Roland ローランド s-50 sound library サウンドライブラリー フロッピー 6枚 ケース付き 動作未確認 ジャンク
1226,★元箱付！AKAI アカイ Professional MPC Live II サンプラー★
1227,即決 KORG KR mini スピーカー内蔵 リズムボックス リズムマシン
1228,【★31-84】■中古■PreSonus ioSTATION 24c オーディオ・インターフェース & DAWコントローラー（4022）
1229,[美品] Arturia KEYLAB 88 MK1 WH 88鍵盤MIDIキーボード/コントローラー [NLE80]【神戸店在庫】
1230,☆KAWAI R-50 DIGITAL DRUM MACHINE カワイ リズムマシン☆現状品
1231,UAD Apollo Solo USB (Windows専用）
1232,AKAI サンプラー MPX8
1233,ORB J10-XLR Clear Force 100cm
1234,正規品】AIボーカルミキシングツール izotope NECTAR 4 ELEMENTS DTM
1235,BOSS　DR-880　Dr.Rhythm　ドクター・リズム
1236,Pittsburgh ANALOG REPLICATOR
1237,■AUDIENT iD4 MkⅡ■ DAC 125.5dB / ADC 120dBの高音質モデル
1238,動作確認済み BOSS リズムマシン DR-880
1239,intellijel scales ユーロラック モジュラーシンセ 黒パネルのみ 新品未使用
1240,Roland MT80ｓ MUSIC PLAYER（MIDI音源）
1241,★E-MU E5000 Ultra/E6400 Ultra/E4XT Ultra/E-SYNTH/E4 PLATINUM other SCSI BOARD AP423★
1242,Roland M-DC1 ダンスミュージック　ラック　90年代　ビンテージ
1243,Erica synths perkons voice モジュラーシンセ　ユーロラック　dtm daw ドラムマシン
1244,[中古] KORG volca beats 思い通りのドラム・サウンドをすぐに作り出すことが可能 [NL389]【神戸店在庫】
1245,MOTU 828 mk3 192KHz Hybrid FW-USB2 オーディオインターフェイス 音響機材 モツ ジャンク T9630455
1246,【 J 】6617 Roland　SC-8820　音源モジュール　ローランド　本体のみ
1247,[良品] IK Multimedia iRig 2 アンプ接続用出力端子が追加/自宅でもライブでも使える人気モデル [NLG17]【神戸店在庫】
1248,◆YAMAHA ヤマハ MU80 音源モジュール シンセサイザー MIDI トーンジェネレーター◆
1249,通電のみ確認UNIVERSAL AUDIO APOLLO TWIN DUO オーディオインターフェイス ACアダプター付
1250,サンプリングCD「Creative Essentials Sampling CD Series Vol.27 VOICE OF AFRICA ボイス オブ アフリカ」輸入盤/美品ジャケ盤面新品同様
1251,Behringer（ベリンガー）TD-3 アナログ・ベースライン・シンセサイザー
1252,"Roland S4M-5 スマートメディア 4MB 5V 中古品 (MC-505,SP-202等で使用可)"
1253,S) (GG-9) YAMAHA ヤマハ QY10 リズムマシン / シーケンサー 音響機器 機材 @80 (3)
1254,Make Noise PrssPnt モジュラーシンセ ユーロラック
1255,KAWAI K5000R シンセサイザー 音源モジュール　簡易チェック済み　中古品　音出しOK
1256,サンプリング CD 「 SPECTRASONICS LIQUID GROOVES 」輸入CD サンプリング素材
1257,貴重 廃盤 サンプリング CD 2枚組「 FUNK STEW 2 」BIG FISH AUDIO R&B HIPHOP サンプリング素材 ドラムループ 楽器フレーズ 音ネタ
1258,Roland D-10 シンセサイザー
1259,ROLAND ローランド リズムボックス CR-68 CompuRhythm AC100V 50/60Hz 動作確認済み
1260,H1309 TASCAM US-42W MiNiSTUDIO CREATOR
1261,【TASCAM US-600 本体 オーディオインターフェース アダプタ】
1262,Roland/ローランド オーディオインターフェース□Rubix22 中古□送料無料
1263,1円〜 KAWAI K5000R Advanced Additive Synthesizer 河合楽器 シンセサイザー 音源モジュール 通電確認 disk付き まとめ 音響機器 カワイ
1264,ヤマハ FB-01 FMサウンドジェネレーター FM音源モジュール 機材関連用品 QD033-8
1265,ローランド S-330 デジタルサンプラー Roland 音楽関連機器 QD033-4
1266,【通電確認のみ ジャンク】YAMAHA Tone Generator TG300B ヤマハ トーンジェネレーター◆3101/西伊場店
1267,【G】Native Instruments MASCHINE PLUS HW スタンドアローン サンプラー 3003349
1268,【J】AKAI MPC1000 サンプラー アカイ 3017702
1269,Roland/ローランド SRX-07 ULTIMATE KEYS 音源ボード エクスパンションボード 250102
1270,APOGEE AD-8000 A/Dコンバーター 説明文 ラスト
1271,WALDORF Blofeld Desktop White SLライセンス付
1272,iZotope RX11 Advanced Windows
1273,【ヤフオク・格安スタート】TASCAM Mixcast4 本体・電源アダプターのみ【No.1579】
1274,★ AKAI アカイ MPK mini play スタンドアローン MIDI キーボード 箱付き 中古 動作確認済み (0220517837)
1275,【ヤフオク・格安スタート】TASCAM US-2x2HR USBケーブル欠品【No.1575】
1276,Novation LaunchControl XL MIDIコントローラー #UD3689
1277,TAMA RHYTHM WATCH RW100 メトロノーム　リズムマシン　現状品
1278,Steinberg UR12
1279,京王技研 Rhythm trainer リズムトレーナー RT-10 動作品 / リズムマシン 電子メトロノーム
1280,【良品】 Audio Technica オーディオテクニカ AT-UMX3 ライブ配信向けUSBオーディオミキサー 元箱/説明書付き ∩ 71A2F-3
1281,Make Noise LxD 黒パネル ユーロラック モジュラーシンセ
1282,Roland ローランド sc-88VL SOUND canvas MIDI音源 モジュール ※ジャンク品 ☆U8939
1283,ROLAND（ローランド）音源モジュール U-110
1284,E-MU CLASSIC KEYS Model 9027 音源モジュール Analog Keyboards イーミュー 通電確認済み 現状
1285,#15948 Roland ローランド 音源モジュール SOUND Canvas サウンドモジュール SC-33 動作未確認
1286,A90★Steinberg スタインバーグ UR242 オーディオインターフェース
1287,★AKAI MPC2000 SYSTEM DISK Ver.1.72★OK!!★
1288,Roland SCP-55 Sonud Canvas GS MIDI PCMCIAカード
1289,[中古] Roland Rubix22 24bit/192kHzに対応/新開発の高品位プリアンプ搭載 [NLG46]【神戸店在庫】
1290,【 C 】5346 Roland MC-505 シーケンサー リズムマシン ローランド
1291,H6-1-5032520 Roland ローランド TRI-CAPTURE UA-33 オーディオインターフェース 配信/ストリーミング/楽曲制作
1292,Roland ED UA-30 USBオーディオインターフェース ローランド 札幌 西区 西野
1293,(Z) BOSS ビンテージ リズムマシン DR-55 Dr.Rhythm
1294,正規品Waves IDX Intelligent Dynamics DTM
1295,中古品 ZOOM ズーム オーディオインターフェイス USB3.0 UAC-2 楽器
1296,Lynx Hilo AD/DAコンバーター　ヘッドホンアンプ
1297,mutec MC3+USB ブラック クロックジェネレーター 中古 T9830975
1298,NOVATION LAUNCHPAD X MIDIコントローラー 音響 機材 DTM DAW 中古 T9833054
1299,訳あり KORG コルグ MICROKEY2-61 マイクロキー キーボード MIDI DTM◆通電のみ確認 [N8113]
1300,送料込み 中古 Roland MC-500 Mk-II ジャンク品
1301,Prism Sound Orpheus オーディオインターフェース
1302,★完動新同! YAMAHA AG06 ウェブキャスティングミキサー オーディオインターフェース 6ch インターネット配信に便利な機能充実 ヤマハ
1303,【送料込み】M-AUDIO MobilePre オーディオインターフェース【美品】
1304,送料950円～ ジャンク 動作未確認 Roland EDIROL UM-550 ローランド エディロール USB-MIDIインターフェイス SN.ZQ01000 管理F
1305,中古 AKAI professional MIDI MIX (u82817)
1306,●BOSS Dr Rhythm DR-550　　ボス　リズムマシーン
1307,ヤマハ　YAMAHA G10C　ギター MIDIコントローラー
1308,"★ジャンク★BOSS Dr,Rhythm DR-660　ドラムリズムマシン"
1309,④ TASCAM タスカム US-366 オーディオインターフェース
1310,Make Noise Spectraphon モジュラーシンセ ユーロラック オシレーター　モジュラー
1311,Q247-CH4-2079 BOSS ボス リズムマシン DR-220E ドラムマシン Dr.Rhythm ドクターリズム 日本製 通電確認OK 取扱説明書/ケース付き KA
1312,[ZEROnet]ジャンク扱い オーディオ機器 DTM シンセサイザー MIDI音源/GS音源 ローランド CM-300 音出しOK　ΣK704-01
1313,美品 MFB MFB-STEP64 Step Sequencer アナログステップシーケンサー
1314,★Roland EXPANSION BOARD SR-JV80-10 BASS & DRUMS MADE IN JAPAN★
1315,Arturia MIDIキーボード keyStep 37
1316,AKAI Z4 サンプラー フルメモリ HDD80GB 液晶焼け 現状
1317,Korg nanoPAD2 コルグ MIDIコントローラー 中古
1318,KORG nanoKEY2 BK 中古
1319,[超美品] Mackie MIX8 8chアナログミキサー/3バンドEQ搭載 [OLM24]【梅田店在庫】
1320,Lexicon PCM Native Effects Plug-in Bundle Windows
1321,[New In Box] Arturia Minifreak - ALGORYTHMIC SYNTHETISER midi/usb keyboard + eurorack compatible outputs + introduction software
1322,1円スタート！ YAMAHA RX11 リズムマシン デジタルリズムプログラマー
1323,Roland SRX-08 Platinum Trax Expansion Board 動作品
1324,KORG nanoKEY2　キーボード
1325,希少Roland ローランド MT-32 音源モジュール
1326,03S210■Roland　SBX-10　シンクボックス　MIDI■
1327,Roland QUAD-CAPTURE UA-55 オーディオインターフェース [G-1097]
1328,Mutable Instruments Marbles ランダムサンプラー ユーロラック モジュラーシンセ
1329,Mutable Instruments Plaits - 美品・完動品 モジュラーシンセ ユーロラック
1330,Roland ローランド UM-ONE USB MIDI INTERFACE インターフェース
1331,GENELEC ジェナレック 9301A マルチチャンネル インターフェイス 音響機材 ジャンク O9901725
1332,◆◇Native Instruments Rig kontrol 3 ギターリグ　フットペダル　コントローラー　本体のみ◇◆
1333,HP40 - Bubblesound モジュラーシンセ ユーロラック
1334,正規品】AIボーカルミキシングツール izotope NECTAR 4 ELEMENTS DTM
1335,正規品 Celemony Melodyne 5 Essential 歌ってみた
1336,【1円スタート！】Neve モジュール 2台まとめて トーンジェネレータ コンデンサ 音響機器 ※現状渡し その1
1337,【G-2】 京王 Mini Pops 7 リズムマシン ジャンク品 ケイオウ 3118-45
1338,ジャンク Native Instruments MASCHINE MK3 ネイティブインストゥルメンツ 250403SK250544
1339,YAMAHA QY70 XG音源 シーケンサー ヤマハ モバイルワークステーション リズムマシン
1340,Roland VT-4 TASCAM iXZ ボイチェン 配信に ボイストランスフォーマー ボイスチェンジャー オーディオインターフェース
1341,【動作確認済】YAMAHA 音源モジュール MU2000 EXトーンジェネレーター
1342,D499★ Roland Rubix 24 オーディオインターフェース ローランド 通電確認済み 動作未確認 [ジャンク] USB
1343,Roland SC-D70 ローランド 音源モジュール デジタル サウンド モジュール サウンドキャンバス SOUND Canvas 通電確認のみ 250324SK010167
1344,Avid Digidesign Mbox 2 Mini オーディオインターフェース ProTools 超美品（ほぼ新品）
1345,AVID アビッド　Mbox Pro オーディオインターフェース
1346,YAMAHA QY70 ヤマハ MUSIC SEQUENCER ミュージックシーケンサー 使用浅品
1347,【G】NativeInstruments NI MASCHINE MIKRO MK2 3005264
1348,【 G 】6438 YAMAHA TX81Z 音源モジュール ヤマハ
1349,★Universal Audio APOLLO TWIN duo オーディオインターフェース★
1350,ドンカマチック　　ＤＥー２０　レトロ
1351,【中古品】APOGEE オーディオインターフェイス Symphony I/O MKII Thunderbolt Chassis No module 他（11625011601022KMH）
1352,iZotope Ozone 11 Advanced Windows
1353,（USED）Make Noise 0-CTRL
1354,Lynx AURORA (n) 8 USB +LM-DIG
1355,♪▲【Roland ローランド】音源モジュール サウンドモジュール サウンド キャンバス MIDI SOUND Canvas SC-55 ST 0404 23
1356,EDIROL by ROLAND UA-25EX
1357,ジャンク AKAI EWV2000 音源モジュール
1358,PRESONUS プレソナス STUDIO26C オーディオインターフェイス 通電確認済★簡易検査品【TB】
1359,【1円スタート！】Neve モジュール 2台まとめて トーンジェネレータ コンデンサ 音響機器 ※現状渡し その11
1360,Roland SP-404 12パッド コンパクト・サンプラー【中古/動作品】#410485
1361,OK10550◎SAMSON　Graphite25　サムソン　MIDIキーボード　25Key　アダプタ AD965-1　付属　通電OK【ジャンク】250418
1362,■即決■Roland USBオーディオインターフェース EDIROL UA-1EX　※未チェック現状品■
1363,Roland SC-55 mkII フル整備品
1364,【スタジオ引き上げ品】　完動品　M-AUDIO ProFire 2626 オーディオインターフェイス
1365,AVID HD OMNI 通電のみ確認 ②
1366,★ジャンク品★【タバコ臭あり】デジタルリズムプログラマー RX11 YAMAHA ヤマハ
1367,TASCAM US-2x2 オーディオMIDIインターフェース　ジャンク
1368,新品 即決 DOREMIDI FC-ONE MIDIフットコントローラー MIDIホスト機能
1369,【中古】 リズムマシン Roland TR-505
1370,【動作未確認/ジャンク】YAMAHA MIDIキーボード（CBX-K1）2台【送料込】
1371,K1535/Roland V-Drums 音源モジュール TD-12 ローランド 電子ドラム ジャンク
1372,steinberg CI 1　USBオーディオインターフェース　動作未確認
1373,Intellijel Designs 7U Performance Case (84HP) ＋1Uユーティリティモジュール×5＋おまけ1U 2HPブランクパネル付き
1374,Make Noise Tempi ユーロラック モジュラーシンセ
1375,簡易チェックのみ☆Roland/ローランド☆MIDIパッチベイ☆A-880 管N26711 #
1376,F81 ジャンク 通電確認のみ DENON デノン FLASH START REMOTE RS-232C REMOTE CONTROLLER
1377,F86 ジャンク CME シーエムイー Bluetooth対応MIDIキーボード Xkey Air 25 フルサイズ鍵盤
1378,★ジャンク品★MIDIキーボード CBX-K1XG YAMAHA
1379,AKAI MPC2000 MPC2000XL 中古パッドセンサー
1380,AKAI MPC2000 MPC2000XL 中古パッドセンサー ②
1381,Analogue Systems RS-110 モジュラーシンセサイザー マルチモードフィルター -4120262-
1382,Akai Professional MIDIキーボードコントローラー MPK Mini
1383,6mm軸 Dシャフトノブ ツマミ 14.5mmx19.7mm 0度 90度 180度 270度 の悩み無用！ 色は10色から選んで新品4個セット
1384,■中古■maono AU-AM200-S1 オーディオインターフェース オーディオミキサー■
1385,【動作確認済】Roland 音源モジュール JV-2080
1386,TOP WINNG OPT ISO BOX
1387,MOTU M2 オーディオインターフェイス　中古美品
1388,RME Hammerfall DSP Multiface インターフェイス
1389,YAMAHA ヤマハ MU80 トーンジェネレーター音源モジュール 音響機材●純正ACアダプター付
1390,Universal Audio Apollo X Twin Duo
1391,M-AUDIO オーディオインターフェース FireWire 410 MFW410M
1392,0000163411【動作確認済】Steinberg/スタインバーグ　オーディオインターフェース　UR22 MkⅡ【中古品】
1393,Plinky synth v3 シンセサイザー
1394,S) Roland ローランド UA-55 QUAD-CAPTURE オーディオインターフェース 音響機器 機材 ※現状渡し/動作未確認 @80 (4)
1395,Roland　リズムコンポーザー　R-5
1396,美品 未使用品 KAWAI K1r 音源モジュール デジタルシンセサイザーモジュール カワイ
1397,[良品] AKAI LPK25 軽くて小さなUSB MIDIキーボード！弾きやすさが魅力！ [PL962]【神戸店在庫】
1398,maonocaster AU-AM100 オーディオインターフェース オーディオミキサー
1399,【B-2】 Focusrite Scarlett Solo オーディオインターフェイス 動作確認済み フォーカスライト 1026-3
1400,Roland 音源モジュール D-110 MIDI音源 ローランド デジタルシンセサイザー
1401,Antelope Audio Discrete 8 Synergy Core USB/Thunderbolt オーディオインターフェース
1402,E-MU Ultra Proteus ROMカード　RAMカード計4枚セット 　（動作未確認）
1403,ARTURIA（アートリア） Mini Fuse2 USBオーディオインターフェース【中古】
1404,Plaits Mutable Instruments モジュラーシンセ ユーロラック
1405,Studiologic SL88 studio midiキーボード 88鍵盤　初心者　DTM ハンマーアクション
1406,PreSonus プレソナス FADERPORT MIDI コントローラー オーディオ 音響機材 中古 W9960380
1407,ZOOM MRT-3B リズムマシン
1408,●③Arturia analog experience61 通電確認のみジャンク品●
1409,【ジャンク】apogee ensemble FireWire mac専用 オーディオインターフェイス アポジー
1410,(ジャンク品) Akai S900 サンプラー ローファイ アカイ 説明書
1411,YAMAHA CBX-K1XG ヤマハ MIDIキーボード シンセサイザー★簡易確認音出しok★ジャンク
1412,H715 【神奈川県厚木市発・現状品 通電確認済】MACKIE コントロール・サーフェス MCU Pro UNIVERSAL ジャンク品
1413,【J】YAMAHA QY700 シーケンサー ヤマハ 3012487
1414,34-37　ローランド　PC-160 DiMiキーボードコントローラー
1415,YAMAHA UW500 オーディオインターフェース 含む 音響機材等 まとめ セット
1416,【B-1】 Akai REMIX88 サンプラー アカイ 通電不可 現状品 1581-43
1417,Roland ローランド SP-404 サンプラー 電源コード/ACアダプタ付き★簡易検査品
1418,【G】YAMAHA RX7 リズムマシン ヤマハ 3052190
1419,M-AUDIO M-TRACK DUO ポータブル インターフェース ジャンク★6480
1420,YAMAHA ヤマハ - QY300 シーケンサー ジャンク品
1421,Roland ローランド MC-300 MICRO COMPOSER ローランド マイクロコンポーザー シーケンサー 通電確認済み ジャンク
1422,【G】Roland MC-500MKII マイクロコンポーザー ローランド 3058532
1423,ⅰＲｉｇ　Blue　Board
1424,digidesign デジデザイン MH068 オーディオインターフェース 通電画像あり★動作未確認品
1425,EURO KASTLE 高級金属のノブ付き ユーロラック モジュラーシンセ
1426,YAMAHA MDF3専用 Gotek FDDエミュレーター(USBドライブ)
1427,Studiologic SL88 GRAND MIDIキーボード スタジオロジック 88鍵盤 木製鍵盤
1428,Hammond XM-1 XMC-1 オルガン音源モジュール ドローバーセット ハードケース、MIDIケーブル付き。ハモンドモンド
1429,良品 Roland ローランド SP-404SX LINEEAR WAVE SAMPLER サンプラー
1430,UA-4FX Roland ローランド EDIROL オーディオインターフェイス
1431,digidesign オーディオインターフェース 192 通電のみ確認
1432,AKAI アカイ MPC4000 サンプラー ◆ST5/8◆
1433,【質Banana】動作品 Roland/ローランド SC-88VL SOUND Canvas サウンドキャンバス MIDI 音源モジュール 電源アダプタ付き 現品限り♪
1434,【美品/未使用】Presonus AUDIO BOX GO オーディオインターフェース 箱付き プレソナス/60サイズ
1435,Native Instruments KOMPLETE AUDIO6 中古品
1436,STRINBERG UR12 USB AUDIO MTETFACE 24-BIT/192KHZ オーディオインターフェース 現状で
1437,【A48255】　AKAI professional　アカイ　MPK Mini Plus　37鍵　MIDIキーボード　袋付　中古品　ジャンク品　通電のみ確認済み　経年保管品
1438,BOSS DR-110 アナログドラムマシン 本体のみ
1439,Make Noise Erbe-Verb モジュラーシンセ ユーロラック 中古
1440,ROLI Songmaker Kit | seaboard block・Lightpad M・Loop Block
1441,★ROLAND MC-300 PCB PANEL BOARD Assy 22925507★OK!!★MADE in JAPAN★
1442,AKG C451B 中古品
1443,Roland　ローランド　リズムマシン　RHYTHM COMPOSER　TR-707　メモリーカード/M-64C×2　現状品　TJ5.040　/06
1444,tiptop audio happy ending kit ケース付き　モジュラーシンセ　ユーロラック
1445,ROLAND JV-880 ローランド 音源モジュール●G050Y105
1446,AKAI S-2800i サンプラー アカイ●G050Y110
1447,AKAI S-1000 サンプラー アカイ●G050Y112
1448,「ALESIS SR-16 リズムマシン」付属品多数
1449,[中古] BOSS DR-550MKII 古い機種ならではのサウンド！ [QL294]【神戸店在庫】
1450,■■A Roland ローランド 音源モジュール サウンドモジュール TD-7 ジャンク品です■■
1451,Roland JS-30 ローランド サンプラー デジタル サンプリングワークステーション ヴィンテージ ビンテージ レア 廃盤
1452,【G】UNIVERSAL AUDIO Apollo Twin X DUO オーディオインターフェース ユニバーサルオーディオ 3071581
1453,V020328★ヤマハ YAMAHA MUSIC ACCOMPANIMENT PLAYER QR10
1454,BOSS DR-110 アナログドラムマシン 動作未確認品
1455,通電確認済み！Roland / ローランド ダイナミックMIDIペダル PK-5 ハードケース付き MIDIペダル
1456,ROLAND ローランド JV-2060 音源モジュール 通電確認済み 現状品 説明書 電源コード付き
1457,TASCAM MiNiSTUDIO PERSONAL US-32
1458,お得! ARTURIA KEYSTEP PRO CHROMA ブラックタイプ　MIDIコントローラー　デッキセーバー付き 限定カラー 黒
1459,ローランド/Roland MS-1 デジタルサンプラー 通電 音出し確認 ジャンク品扱い
1460,＄【売り切り】Roland/ローランド 音源モジュール SOUND CANVAS SC-8850 ※通電OK
1461,【未使用・箱付】ローランド USBオーディオインターフェイスRoland RUBIX-22
1462,Focusrite iTrack Solo iPad/Mac/PC USBオーディオインターフェイス
1463,【美品】1円スタート、ZOOM ズーム AMS-22 オーディオインターフェース オーディオインターフェース ZOOM
1464,★ Roland ローランド MC-909 サンプラー 動作確認済 中古 250501Y8322
1465,25名/A044594-4/IM3000/P063-105/【名古屋】KORG コルグ SG-Rack STAGE PIANO MODULE MODEL SGR
1466,【Ｃ】Roland CR-80 リズムマシン ローランド 3046931
1467,【 C 】2033 AKAI EWI SOLO スピーカー内蔵ウインドシンセサイザー カワイ
1468,Fabfilter Total Bundle 2025 Windows
1469,即決◆新品◆送料無料M-Audio M-Track Solo コンボ入力 ファンタム電源搭載 48-KHz 2チャンネル USBオーディオインターフェース
1470,Roland JV-1080 簡易動作チェック　NO.1
1471,【簡易動作確認済】PreSonus AudioBox USB オーディオインターフェイス Audio Box 22VSL 配信/ストリーミング/宅録/60サイズ
1472,【中古】 サンプラー Roland SP-404 ローランド
1473,【簡易動作確認済】Roland QUAD-CAPTURE UA-55 オーディオインターフェース 取説 保証書 元箱付 配信/ストリーミング/宅録/60サイズ
1474,YAMAHA ヤマハ TG55 トーンジェネレーター 音源モジュール 通電確認済み 現状品 説明書 ハードケース付き
1475,M-AUDIO AIR 192 6/USB-C/オーディオインターフェース
1476,♪▲【Roland ローランド】MIDIキーボードコントローラー A-49-BK 0520 23
1477,M-AUDIO M-TRACK SOLO オーディオインターフェース
1478,Roland QUAD-CAPTURE オーディオインターフェース
1479,■■B Roland ローランド 音源モジュール サウンドモジュール TD-7 ジャンク品です■■
1480,送料無料 moddict スリムパッチケーブル 3種 15本セット グレー モジュラーシンセ ユーロラック patch cable モディクト
1481,ELEKTRON TM-1 MIDIインターフェイス 通電確認済み 本体のみ
1482,iRig Acoustic Stage
1483,B584 AKAI MPK mini MIDIキーボード ジャンク品
1484,Erica Synths/Pico Drums & Pico Drum Programmer　ユーロラック　モジュラーシンセ
1485,Roland Rubix22
1486,PRESONUS プレソナス STUDIO 26c オーディオインターフェイス USB-C MIDIインターフェース USB接続 USBケーブル付き★動作未確認品【TB】
1487,TEI【現状渡し品】YAMAHA ライブストリーミングミキサー AG03 MK2 W ホワイト〈097-250531-YO-16-TEI〉
1488,05S256■Roland　エクスパンションボード　SR-JV80-98■
1489,Roland GROOVEBOX MC-101
1490,◆AKAI/MIDIキーボード MPK　Mini（062）◆
1491,Behringer　RD-8
1492,【ZOOM GCE-3 本体 ズーム ギターベース USBオーディオインターフェイス 】
1493,ボス DR-5 Dr.Rhythm Section リズムマシン BOSS 機材関連用品
1494,送料無料 ポケットミク 歌うキーボード 初音ミク 学研 大人の科学マガジン オマケでアナログシンセSX-150markIIとUSB-MIDIケーブル
1495,A3　BEHRINGER　ベリンガー　U-PHORIA　UM2　オーディオインターフェース　音響機材　現状品
1496,初代Polyend Tracker ＆ Analog Cases：USED美品
1497,【J】ROLAND SC-88 PRO MIDI音源モジュール ローランド 3071750
1498,Teenage Engineering / EP-133 K.O. II サンプラー・シーケンサー 美品！
1499,Roland ローランド SOUNDCANVAS SC-8850 音源モジュール
1500,MOTU 16A
1501,cubase AI
1502,Mutable Instruments Beads モジュラーシンセ ユーロラック 完動品
1503,【G】AKAI EWIUSB ウィンドシンセ アカイ 230197
1504,AKAI MPK mini play MIDIキーボード 新品同様
1505,Steinberg UR22 オーディオインターフェイス 中古 W10039616
1506,【中古】 MIDIコントロールパッド IK MULTIMEDIA iRig PADS コンパクトMIDIグルーブコントローラー
1507,【Roland SD-90 音源モジュール】電解コンデンサ全交換済 分解清掃済み　整備済み 動作OK STUDIO Canvas ローランド
1508,Vestax PAD-One USB MIDI パッドコントローラー 音響機材 中古 W10088789
1509,【２本まとめて】Akai Pro EWI 5000 黒 ウインドシンセサイザー 電子管楽器 ワイヤレス 電子サックス【送料無料】
1510,■Roland/EDIROL FA-66 オーディオインターフェイス Audio Capture FireWire ローランド エディーロール USED 18735■！！
1511,24ビット/96ｋHｚ　∞　 USB・デジタル・オーディオ・プロセッサ　 ∞　　ONKYO SE-U55GX　∞　・・・ノイズ少ない機種！
1512,【G】NATIVE INSTRUMENTS MASCHINE Jam MIDIコントローラー マシーンジャム ネイティブインストゥルメンツ 3047960
1513,【 G 】 Y8491 Universal Audio Apollo Twin X Duo オーディオインターフェース 【元箱付き】
1514,【Ｊ】YAMAHA QY700 ミュージックシーケンサー ヤマハ 3007734
1515,Antares Auto-Tune Unlimited Windows
1516,限定レア　Sonicware Liven Lo-Fi 6 ほぼ未使用
1517,1円【一般中古】Roland ローランド/MIDIフットコントローラー/FC-300/65
1518,Roland 拡張音源 SR-JV80-10 BASS & DRUMS ローランドEXPANSION BOARD エクスパンションボード
1519,KOMPLETE KONTROL S49 MIDIキーボード ネイティブインストゥルメンツ DTM
1520,★ジャンク品★音源モジュール SC-8850 Roland ローランド
1521,【ジャンク品】Roland ローランド 音源モジュール SOUND Canvas SC-88
1522,●【現状品】FIFINE ゲーミングオーディオミキサー オーディオインターフェース　ホワイト
1523,●代MC241-60 BOSS ボス D.r Beat DB-88 電子メトロノーム リズムマシン 取扱説明書付き
1524,【通電動作未確認】YAMAHA AG03 ウェブキャスティング 3チャンネル ミキサー オーディオインターフェース ライブ 配信 ヤマハ 1円~　M0659
1525,【簡易動作確認済み】 YAMAHA DISK ORCHESTRA MODULE ディスクオーケストラ 音源モジュール DOM-30
1526,1円〜 YAMAHA ヤマハ MONTIF-RACK トーンジェネレーター サウンドモジュール 通電確認済 動作未確認 現状品 ※同梱不可 3809820
1527,KORG　wavestation A/D 動作品
1528,Mannequins W/ 2HPサイズ　サンプラー
1529,☆希少品 送料無料 美品 KORG コルグ 01R/W 音源モジュール シンセサイザー
1530,KORG nanoKEY MIDIコントローラ BLACK USB DTM 25鍵盤
1531,Roland ローランド Expansion Board MADE in JAPAN SRX-10 Big Brass Ensemble エキスパンションボード
1532,Focusrite Scarlett 2i4
1533,【C】ZOOM UAC-8 オーディオインターフェース ズーム 3105536
1534,【★38-443】■ジャンク■Roland QUAD-CAPTURE UA-55 オーディオインターフェース（5858）
1535,AKAI IB-4D S/PDIF CARD WORD CLOCK Z4/Z8/MPC4000
1536,MIDI キーボード パッド ARTURIA M-AUDIO KEY STEP 念の為ジャンク
1537,M-AUDIO エムオーディオ オーディオインターフェース
1538,【中古】YAMAHA MU500 ACアダプター付き (DTM音源)
1539,qu-bit mojave　モジュラーシンセ　ユーロラック
1540,AKAI MPC LIVEⅡ 完動品
1541,Native Instrument MACHINE JAM 中古
1542,BOSS DR-01s リズムパートナー リズムマシーン メトロノーム パーカッション ボス 250612SK030182
1543,YAMAHA/ヤマハ MU128 音源モジュール(610　アダプター付
1544,A4419◆AKAI / EWI3030m / EWI3020 / アナログ音源モジュール ウインドシンセコントローラー / ケース付き
1545,Universal Audio Apollo 8 Duo thunderlotケーブル付き
1546,(#7341)Roland スタジオ・キャンバス SD-90
1547,通電確認済 ローランド／Roland U-110＋U-220 PCM＆RS-PCM SOUND MODULE 日本製/MADE IN JAPAN
1548,【HMH250213】【中古】M-AUDIO M-TRACK DUO オーディオインターフェース エムオーディオ　アダプター欠品
1549,PEAVEY SPECTRUM BASS 音源モジュール ビーヴィー【現状販売品】25F 北HH3
1550,Q250620-001 Leap Motion　リープモーション　3Dモーションコントローラー H090
1551,Avid Protools artist 永続ライセンス新規
1552,★送料込み PreSonus Studio 24c オーディオインターフェース 音響機器
1553,【designデジデザイン】Mbox２ オーディオ・インターフェース【ジャンク品：付属品は殆ど無し/通電したのみで、動作確認は無し】
1554,YAMAHA ヤマハ シーケンサー QY20 02193
1555,pro tools duet by APOGEE オーディオ インターフェイス 音響機材 中古 O9878605
1556,ユーロラックまとめ売り(4台) お得 アナログオシレーター
1557,AKAI PROFESSIONAL MPK mini MK2 (ほぼ未使用)
1558,Roland UA-25EX オーディオキャプチャー オーディオインターフェース 音響機器 中古 Z10135086
1559,Roland SC-8820 ★MIDI音源 ★USB接続 ★ACアダプタ新品付き 音源モジュール Sound Canvas ローランド
1560,ELEKTRON OCTATRACK DPS-1 MKI　サンプラー＋保護カバー
1561,Focusrite Scarlett 2i2 オーディオインターフェース 中古 良好 T10157753
1562,Antelope Audio ORION32 オーディオインターフェイス AD/DAコンバーター
1563,KORG コルグ AI SYNTHESIS MODULE 音源モジュール M3R
1564,Roland ローランド A-800PRO-R MIDIキーボードジャンク
1565,ZOOM　RhythmTrak RT-323　リズムマシン
1566,【G】ROLAND D-110/U-110 音源モジュール ローランド 3049902
1567,【44c9b6d6】TASCOM MiNiSTUDIO CREATOR US-42B 家庭用放送機器 ライブ配信向けUSBオーディオインターフェース　未使用
1568,"BOSS MPD-4,BP-1 セット midiコントローラ パッド"
1569,正規品 IK Multimedia AmpliTube SVX ベースアンプ Ampeg
1570,KORG EM-1 コルグ ELECTRIBE MUSIC PRODUCTION STATION 中古 ACアダプター 箱無し説明書無し
1571,◆◇M-AUDIO Keystation 88 88鍵盤USBキーボード. 通電可◇◆
1572,MIDIキーボード　akai mpk mini ブラック
1573,Roland SC-88 Pro 音源モジュール　ケーブルなし　作動未確認　ジャンク
1574,▼ Roland ローランド SONAR V-STUDIO 100 オーディオインターフェース？ 現状品 中古 250605B6753
1575,Intellijel BUFF MULTI 3U MAIN PANEL モジュラーシンセ ユーロラック 25F 北TO2
1576,Cakewalk by Roland オーディオインターフェース UA-25EX ジャンク
1577,Roland Windows95/3.1 ミュージ郎 Sound Canvas SC-88ST サウンドキャンバス ローランド 箱説付 通電のみ確認【20
1578,◆ YAMAHA FGDP-50 ヤマハ フィンガードラムパッド 新品 即納 未使用
1579,【B-2】 Zoom RT-123 リズムマシン 動作確認済み ズーム 説明書付き 4043-120
1580,Oeksound soothe2 Windows
1581,【簡易動作確認済/美品】KORG/コルグ microKEY2-61Air 61鍵盤 MIDIキーボード Bluetooth ダンパーペダル接続可能モデル
1582,☆Steinberg スタインバーグ UR12 オーディオインターフェース 音響機材 元箱付き 通電のみ確認済み◆
1583,【送料無料】moddict Party Peoples Patch Cable パッチケーブル 3種12本セット ② モジュラーシンセ ユーロラック モディクト
1584,BOSS Sample SP-303
1585,元箱有り 美品 Native Instruments KOMPLETE KONTROL S61 MK2 KOMPLETE SELECT MIDIキーボード NI ネイティブ インストゥルメンツ
1586,KENTON MERGE-4 ケントン　マージ4
1587,★Roland ローランド SP-555 サンプラー★
1588,ARTURIA MIDI キーボードコントローラー MiniLab Mk II
1589,廃盤 Arpitecht + Triad WMD モジュラーシンセ ユーロラック make noise mutable intelijel
1590,Korg Volca Sample V.1
1591,Roland　ローランド　Fantom XR　音源モジュール　シンセサイザー
1592,iCON アイコン P1-M DAWコントローラー 美品 付属品有り ◆ST6/52◆
1593,8565★リズムマシン　YAMAHA　RX-11　通電OK　ヤマハ　1円スタート　音楽
1594,正規品 Komplete 15 Select Beats Native Instruments Massive X Battery 4
1595,【ジャンク】[中古] Roland A-800 Pro 動作不良のため特価！ [SL632]【神戸店在庫】
1596,【 G 】 Y9473 Native Instruments AUDIO KONTROL 1 オーディオインターフェース ネイティブインストゥルメンツ 【元箱付き】 3108519
1597,【B-1】 Roland MT-32 音源モジュール 通電確認済み ローランド 3700-47
1598,未使用 未開封 保管品 Roland UA-25EX USBオーディオインターフェイス ローランド EDIROL CAKEWALK オーディオインターフェース
1599,【 C 】9903 Steinberg UR12 USBオーディオインターフェース スタインバーグ 3105139
1600,Roland A-49 BLACK midi keyboard controller
1601,iZotope RX11 v11.2.0 Advanced Windows
1602,YAMAHA FS1R
1603,Line6 Sonic Port
1604,◯営HM112-A9さT60【埼玉発】M-Audio M-Track Solo オーディオインターフェース 音楽制作 ポッドキャスティング 配信機材 未使用品
1605,【送料無料】極美品 Roland JV-2080 シンセサイザー サウンド 音源モジュール ローランド（整備＆新品バッテリ交換済）
1606,Roland ローランド/Boutique TR-08 Rhythm Composer ブティーク リズムマシン
1607,【ジャンク】digidesign D-Command ES Main ＋ X-MON
1608,YAMAHA ヤマハ オーディオインターフェース　動作未確認
1609,希少 レア Sound Master Disco Beat サウンドマスター ディスコビート リズムマシーン 箱 アダプタ付き
1610,送料込み RME Fireface 802 オーディオインターフェイス◇ETA 電源モジュール PD8L/ハードケース
1611,Naim Audio ブルートゥース スピーカー Mu-so Qb [Bluetooth対応 /Wi-Fi対応]（送料込）
1612,avid HD i/o 16x16 analog 完動品
1613,UNIVERSAL AUDIO Apollo Twin MkII Quad
1614,Roland ローランド SP-404MKⅡ サンプラー★簡易検査品
1615,Ableton Live連携 Novation Launchpad 初代 MIDIパッド コントローラー 本体のみ 動作確認済 ブラック DJ DTM 音楽
1616,未使用品 Roland DUO-CAPTURE EX UA-22 オーディオインターフェース 送料無料
1617,数量限定値下げ AIによる簡単ミックス iZotope Neutron 5 Elements
1618,Steinberg UR816C オーディオインターフェース
1619,YAMAHA YME8 MIDI EXPANDER
1620,audient evo 4 オーディオインターフェース 250623SK060579
1621,digidesign デジデザイン MH192 オーディオインターフェース DAW★動作未確認品【TB】
1622,☆新品同様・1円〜☆ EDIROL SD-20 音源モジュール Roland Sound Canvas DTM MIDI 音源 ローランド
1623,AKAIprofessional S2800i デジタルサンプラー
1624,□PreSonus/オーディオボックス iTwo STUDIO iPadレコーディングシステム【USED】
1625,☆☆Roland ローランド　音源モジュール　SC-55K　SOUND Canvas　ACアダプタ付き☆ジャンク品
1626,YAMAHA RX11 ジャンク品（送料込み）
1627,YAMAHA ヤマハ Rio3224-D オーディオインターフェース 電源コード/箱付き★動作未確認品【TB】
1628,送料770円～ ジャンク 動作未確認 ROLAND CM-300 GS SOUND MODULEサウンドモジュール 製造番号 ZE14137
1629,☆Roland ローランド Sonic Cell 音源モジュール 中古 現状品 250612H2439
1630,MOTU オーディオインターフェース M2 モツ #U4172
1631,KORG コルグ MS1 micro SAMPLER サンプリングキーボード★簡易検査品
1632,Native Instruments KOMPLETE KONTROL S61 MK2 MIDI キーボード 61鍵盤 音響 楽器 中古 良好 T10202363
1633,Focusrite MOSC0009 Nemko Scarlett Solo USB インターフェイス 通電確認済み　Z038
1634,★ Roland ローランド D-110 音源モジュール 中古 現状品 250601E6809
1635,G5997【インターフェース・ケーブル】Roland UM-1X USB MIDI★ローランド PC オーディオ機器 接続ケーブル★未使用？★
1636,未確認　novation launchpad s control
1637,KORG N1R
1638,【送料無料！】美品 MOTu M2 オーディオインターフェース
1639,Roland ローランド SC-88VL SOUND Canvas サウンドキャンバス 音源サウンドモジュール 音響機器 ジャンク品
1640,u58021　中古　AUDIENT 　iD4mk II オーディオインターフェース
1641,ACE TONE FR-60 RHYTHM ACE エーストーン リズムエース リズムマシン MADE IN JAPAN 音響機器 検）スピーカー
1642,ヤマハ YAMAHA 電子ドラム音源モジュール 初代 DTXPRESS
1643,動作保証品 Roland メモリーカード RAM 32KB M-256E MEMORY CARD ローランド【10
1644,KORG DDD-1 ヴィンテージ ドラム リズム マシン シーケンサー　ジャンク
1645,【通電確認済】ローランド　Roland R-5 HYUMAN RHYTHM COMPOSER☆現状品☆
1646,f146*80 【現状品】 【1円～】KORG コルグ micro KEY-25 MIDIキーボード 25鍵 1000000000002 A97UI481502
1647,Roland ローランド CR-1000 DIGITAL DRUMMER デジタルドラマー★簡易検査品
1648,1円～ 8TA70500725 Roland ローランド QUAD-CAPTURE オーディオインターフェイス 説明書付き 箱付き 通電動作未確認 現状品
1649,【音出ました】Roland ローランド MC-505 エフェクター リズムマシン Groovebox　現状品
1650,通電のみ確認済み RANE レーン SL4 serato SCRATCH LIVE オーディオインターフェース
1651,AKAI MPKmini play
1652,Softube Plug-in Collection Windows
1653,【 G 】935 RANE SL4 オーディオインターフェイス レーン 3110712
1654,【C】M-AUDIO KEYSTATION88 MK3 MIDIキーボード エムオーディオ 3096202
1655,11F08053 Roland ローランド FC-300 MIDIフットコントローラー　※アダプター社外品
1656,美品　EDIROL UA-25EX USBオーディオインターフェイス
1657,【C】Roland SC-88 音源モジュール ローランド 3078447
1658,AKAI MX76　 MIDI キーボード ハードケース付属 鍵盤楽器　アカイ
1659,YAMAHA MFC10 基本動作チェック済み
1660,【 G 】1040 KORG ESX-1 サンプラー コルグ 042788
1661,【 G 】 Y10173 TASCAM US-42B オーディオインターフェース タスカム 3109506
1662,PreSonus FaderPort DAWコントローラー プレソナス
1663,【1円】TACAM US-122MKII オーディオインターフェイス iXZ audio-technica AT-X11 マイク まとめ売り 未検品ジャンク D09-129jy/G4
1664,Make Noise Contour 青ノブ ・ユーロラック
1665,★極美品！KORG コルグ EMX-1SD シーケンサー サンプラー シーケンサー 元箱付！★
1666,MOTU M2 オーディオインターフェイス 音響機材 オーディオ ブラック モツ 音響機器 中古 良好 N10239556
1667,NOVATION ( ノベーション ) / Launchkey Mini 25 MK4 USB-MIDIキーボード
1668,送料無料 Steinberg/スタインバーグ UR22mk2 USBオーディオインターフェース 説明書＆Tool for UR22mkⅡCD付属 /AUDIO INTERFACE
1669,Softube Tube-Tech Complete Collection Windows
1670,【G】Roland Sound Canvas SC-88ST 音源モジュール サウンドキャンバス ローランド 3118776
1671,Roland SC-55ST ジャンク
1672,★夏セール★KURZWEIL Micro Piano　ピアノ音源モジュールの名機【動作品】
1673,AKAI S3000XL サンプラー 説明書付き
1674,プロDTM用サンプルパック　オルゴール/MUSICBOXライブラリ『DIAMOND/ダイヤモンド』KONTAKT/SOUNDFONT/WAV/EXS24　デモ音色あり
1675,Roland SN-U110-02 Latin & F.X.Percussions 動作チェック済み
1676,★YAMAHA MU500/UW500 USB Tone Generator★OK!!★MADE in JAPAN★
1677,★Akai CD-ROM SOUND LIBRARY Vol.8★OK! !★Made in JAPAN★
1678,【現品限り・未開封品】Dark Gray / TrainMaster Vol2 [サンプリングCD]
1679,"Groovemaster Drums ""Mads Michelsen"" / Dublab Production 2CD Loops & Hits"
1680,YAMAHA デジタルサウンドプロセッサー SPX50D 取扱説明書
1681,Roland SOUND LIBRARY SN-R8-09 Power Drums USA 動作チェック済み
1682,A-500PRO MIDIキーボードコントローラー
1683,【中古】 USBコントローラー ARTURIA MiniLab mkII
1684,K172/MOTU モツ 828x オーディオインターフェース ジャンク
1685,ST Modular SUM2 アナログミキサー ユーロラック モジュラーシンセ
1686,BEHRINGER ベリンガー UCG102 GUITAR LINK USBオーディオインターフェース DTM DAW ギター
1687,ZOOM PodTrak P4 マルチトラック ポッドキャストレコーダー
1688,【通電確認済み】 Roland ED/EDIROL/エディロール SOUND Canvas DIGITALミュージ郎 V6 デスクトップ ミュージック DTM MRV6-D70W
1689,③●Roland UA-22 DUO-CAPTURE EX USBオーディオインターフェース
1690,【Doepfer】A-118-2 Noise / Random / T&H / S&H Black【美品】
1691,Steinberg UR816C USBオーディオインターフェース
1692,Roland PC-200 MkII MIDI Keyboard ローランド キーボード -f734
1693,Prism Sound Atlas Black + HDX オーディオインターフェース
1694,Roland/ローランド SRX-05 Supreme Dance 音源ボード エクスパンションボード 241016
1695,YAMAHA / RX17 / Digital Rhythm Programmer 取扱説明書
1696,新品　sE2000 SE electronics 単一指向性　コンデンサ　マイク　 shure
1697,ローランド　Ｒｏｌａｎｄ　ＵＡ－３０　オーディオインターフェイス　＊＊中古＊＊
1698,★AKAI Z4/Z8 取扱説明書 日本語★
1699,ENDORPHIN.ES Milky Way ステレオエフェクトモジュール
1700,★Akai CD3000XL 純正 CD-ROM DRIVE Toshiba XM-5401B★OK! !★Made in JAPAN★
1701,即決◆新品◆送料無料Akai Professional APC mini MK2 / Ableton Live用 クリップ・ローンチ コントローラー
1702,AKAI S6000 サンプラー アカイ akai Professional エフェクトボード　USBポート搭載
1703,KORG 05R/W 整備済品
1704,★E-MU XTREME LEAD 32MB ROM FLASH MEMORY★OK!!★MADE in USA★
1705,★Roland CM-300 GS SOUND MODULE MAIN BOARD Assy 79652310★OK!!★MADE in JAPAN★
1706,YAMAHA CONTROLLER フットコントローラー MFC06 【ジャンク品】
1707,095 ZOOM ズーム AMS-22 オーディオインターフェース USBタイプ ※中古
1708,即決◆新品◆送料無料M-Audio Keystation mini32 MK3 USB/MIDI キーボード コントローラー
1709,TASCAM タスカム US-144 MKII オーディオインターフェース 未チェック 現状品 管理番号01251
1710,ValhallaDSP Bundle Windows
1711,WMD MSCL+VOLT(2台まとめ売り) ユーロラック
1712,ジャンク品 Universal Audio UAD-2 Satellite Duo FireWire ユニバーサルオーデイオ DSPプラグインシステム DTM オーディオ エフェクター
1713,TASCAM タスカム iXZ マイク ギター オーディオ インターフェース 未検品 AAL0108/S1264/0206
1714,正規品 メロトロン音源 GForce M-Tron Select DTM
1715,CubaseLE14最新版
1716,2/12★M-AUDIO★KEYSTATION88 MIDIキーボード 88鍵盤【中古/現状品/動作未確認】
1717,【カタログのみです】 Roland ローランド　SOUND Canvas サウンド キャンバス SC-55　SOUND Brush SA-55
1718,【 G 】5372 SOLID STATE LOGIC　SSL2　729702X1　オーディオインターフェース　ソリッドステートロジック
1719,APOGEE アポジー Ensemble FireWire オーディオインターフェース DTM DAW アンサンブル
1720,SKOS990 ▲　キーボード　M-Audio Axiom Air 32 Mini　 MIDIキーボード ミニキーボード　動作未確認の現状品
1721,TC Electronic Clarity M Desktop Loudness Meter（ブレイクアウトケーブル・電源アダプター付属）　美品
1722,MOTU 896 FireWire オーディオインターフェース モツ PA機器 音楽機器 楽器 機材
1723,UNIVERSAL AUDIO Apollo Twin DUO Thunderbolt ジャンク 現状渡し 送料込
1724,Technics SY-MQ10 テクニクス ミュージックディスクプレーヤー 通電OK ※動作未確認品 〆★ジャンク品【福岡】
1725,MOTU 929MK3 Firewire ジャンク品
1726,正規購入品 W.A. Production Dodge Pro EDM サイドチェイン
1727,AVID ( アビッド ) / Pro Tools | Carbon Hybrid Audio Production System　動作良好・使用感少ない美品です♪
1728,【本体未開封・未使用品】Ｍ‐ＡＵＤＩＯ　ＭＩＤＩＳＰＯＲＴ　インターフェイス　動作未確認　送料はかかります。
1729,QY70 YAMAHA　現状売り シーケンサー
1730,★MOTU MTPAVUSB midi timepiece★Mark of the Unicorn/電源コード欠品/動作未確認/ジャンク品/消費税0円
1731,BOSS/ボス SP-202 Dr.Sample サンプラー(213 ドクターサンプル
1732,YAMAHA AG03 ウェブキャスティングミキサー
1733,2-252/4-60　YAMAHA ヤマハ トーンジェネレーター TG100 音源モジュール シンセサイザー 音響機器
1734,Roland TR-909 SAMPLING CD サンプリングCD
1735,BEHRINGER UCA222 U-CONTROL オーディオインターフェース 　　　　　　ベリンガー
1736,YAMAHA TX81Z 音源モジュール サウンドモジュール 音響機材 PA機器 ヤマハ ジャンク C9700293
1737,iZotope Neutron 5 Windows
1738,[DE02/AV01/A70220-1 ]美品★Avid Technology　アビッドテクノロジー 9100-65444★
1739,Roland SN-U110-13 Super Strings PCM DATA ROM ローランド サウンドライブラリー その2
1740,YAMAHA RX5
1741,【売り切り】Steinberg UR22 mkII オーディオ インターフェース 音響機器 3972-2
1742,EDIROL MIDIキーボードコントローラ　PC−50
1743,8BIT STYLEZ / ueberschall 2CD / AUDIO&AKAI CD-ROM 廃盤 サンプリングCD8ビット ビデオゲームサウンド！
1744,CubaseLE14最新版
1745,Roland TR-626 RHYTHM COMPOSER リズムコンポーザー 日本製 音出し確認済み・要必読
1746,YAMAHA MU100B / ヤマハ TONE GENERATOR トーンジェネレーター MIDI音源モジュール
1747,AKAI サンプラー用 フロッピーディスク 8枚 MF2HD 送料185円 アカイ S1000 S2000 S3000 サンプリング
1748,YAMAHA MUSIC SEQUENCER QY10
1749,★Steinberg UR-12 オーディオインターフェース、ほぼ未使用。マニュアル、元箱など揃っています。送料当方負担。検索#スタインバーグ
1750,hf250224-009B4 AKAI サンプラー Z４ ジャンク 説明文よく読んでください サンプラー 音楽 趣味 ホビー 直せる方 部品取りに アカイ
1751,YAMAHA ヤマハ AG03 ミキシングコンソール オーディオインターフェース 【DBAU6012】
1752,TASCAM US-366 オーディオインターフェース Roland SC-55ST MIDI音源モジュール ジャンク品 まとめ ◆6121
1753,"Presonus AudioBox iTwo,Headphonr Presonus HD7,Micphone Blue Yeti Audio Set Junk"
1754,TECH製 MIDIケーブル 1m&50cm (シンセサイザー ドラムマシン エフェクター シーケンサー ROLAND KORG YAMAHA AKAI ALESIS MOOG ELEKTRON)
1755,Roland MIDI音源モジュール SOUND Canvas SC-88ST ローランド ACアダプタ付属
1756,★Roland VS8F-2 Effect Expansion Board★OK!!★MADE in JAPAN★
1757,コルグ　KORG リズムマシンシンセサイザー　ER-1MKⅡ electribe Rhythm Machine Synthesizer
1758,YAMAHA A4000 PROFESSIONAL SAMPLER ジャンク
1759,IK Multimedia iRig Cable　Lightning to USB Micro-B
1760,S◎中古品◎オーディオインターフェース『Universal Audio Apollo Twin USB Heritage Edition』 ユニバーサルオーディオ Windows用
1761,★Roland SRX-99 EXPANSION BOARD★
1762,【 G 】5493 AKAI　MPC3000　サンプラー　ドラムマシン　アカイ
1763,YAMAHA DSR-100PRO ヤマハDSPインターフェイス機能を備えたドルビープロロジックプロセッサ デジタル サラウンド デコーダ
1764,iRig Pro Duo IK Multimedia
1765,★ Roland JV-2080 取扱説明書 ★
1766,【G】UNIVERSAL AUDIO Apollo Twin X UAD2 QUAD CORE オーディオインターフェース ユニバーサルオーディオ
1767,【通電確認のみ】Novation Launchkey Mini 25鍵 MIDIキーボード　ノベーション　 USB
1768,steinberg UR22C オーディオインターフェース 音響機器 中古 T9718073
1769,Roland EDIROL USB ローランド Audio Capture UA-4FX現状品
1770,Playtime Engineering Blipblox After Dark
1771,【美品】AKAI MPC one 使用３ケ月（製品登録解除済）
1772,Moog Labyrinth 最新Moog ユーロラック
1773,Arturia beat step pro シーケンサー モジュラーシンセ　ユーロラック ARTURIA
1774,AUDIENT evo4 オーディエント　オーディオインターフェース
1775,[DE02/AV01/A70220-1 ]美品★Avid Technology　アビッドテクノロジー 9100-65444★
1776,正規品 Arturia Analog Lab Intro アナログシンセ音源
1777,ValhallaDSP Bundle Windows
1778,【G】Ableton Push MIDIコントローラー エイブルトン
1779,095 BKE Beat Thang BT-H210 サンプラー 本体のみ ※ジャンク
1780,●YAMAHA ヤマハ シーケンサーリズムマシン QR10
1781,AKAI Professional MPK mini MPKmini MIDIキーボード アカイ キーボード コントローラー 通電のみ
1782,Roland Human Rhythm Composer R-5 ローランド リズムマシン 0304③
1783,【G】E-mu PROTEUS/1 音源モジュール イーミュー 3002389
1784,ONKYO SE-U33GXV 中古動作確認済み【送料無料】
1785,AKAI EWI3030m EWI3020 ケーブル ケース バッテリー新品交換済 動作良好品
1786,YAMAHA ヤマハ トーンジェネレーター TG100 TONE GENERATOR MIDI音源モジュール
1787,★AKAI profesional EWI3000m EWI SOUND MODULE 本体のみ 動作未確認※ジャンク品O★
1788,ジャンク Roland ローランド ヒューマンリズムプレーヤー リズムマシン CR-80！
1789,ENSONIQ ASR-10 Advanced Sampling Recorder　エンソニック サンプラー　 ラック版　マニュアル付《ASR-10R》［通電のみ確認］
1790,【BEHRINGER 297 DUAL PORTAMENTO/CV UTIL ユーロラック】
1791,AKAI EWI SOLO ウインドシンセサイザー 中古 良好 T9760778
1792,UR22C
1793,Mutable Instruments Braids
1794,【O-2】 Yamaha TG77 音源モジュール ヤマハ 擦り傷多 通電確認済み 現状品 3118-210
1795,【G】AKAI MPC1000BK サンプラー アカイ 3002629
1796,【ヤフオク・格安スタート】TASCAM US-32W MiNiSTUDIO PERSONAL【No.1543】
1797,YAMAHA 音源モジュール　「VL70-m」　ヤマハ 訳あり
1798,【Time+Space Creative Essentials】 vol.10 GLOBAL S.F.X. 【サンプリングCD】
1799,フォーカスライト オーディオインターフェイス 2イン/2アウト Scarlett Solo Studio Pack (第3世代)
1800,★AKAI professional RIFF-O-MATIC U400 未チェック 現状品 管理番号03181
1801,49■60/　Focusrite Scarlett Solo 3rd Gen コンデンサーマイク付き　0313190
1802,E-MU Proteus Orchestra プロテウス　オーケストラ　音源モジュール　ジャンク扱い
1803,戸田店【現状品】03-92 APOGEE one アポジーワン オーディオインターフェース 本体のみ 通電確認済み
1804,Roland CR-68 CompuRhythm リズムボックス) ローランド リズムマシン 音響機材 通電OK 動作未確認 現状品
1805,APOGEE アポジー Symphony I/O オーディオインターフェース 通電画像あり★動作未確認品
1806,★Steinberg UR242 オーディオインターフェース ★本体のみ
1807,Apogee マルチチャンネル 24bit/192kHz FireWireオーディオインターフェイス ENSEMBLE
1808,管理番号=Ea0834389【中古】Roland ローランド MIDI Keyboard Controlle AX-1 ショルダー型 MIDIキーボード JUNK ジャンク 現状渡し
1809,TASCAM タスカム US-1x2HR オーディオインターフェース ブラック×レッド
1810,【国内正規品】Cubase Pro 14 通常版 Win＆Mac ダウンロード版
1811,IK Multimedia iRig KEYS PRO
1812,Roland ローランド SOUND Canvas SC-88ST Pro サウンドキャンバス DTM 音源モジュール 動作確認OK
1813,03S78■Roland　リズムマシン　R-5　アダプター、取説付き　動作品■
1814,【美品】SP-404SX Roland ローランド サンプラー
1815,ジャケット汚れ特価 サンプリングCD 「 CLUB TRACKBUILDERS 」輸入盤 サンプリング素材 クラブ テクノ
1816,レア サンプリングCD 「 DANCE MEGA ADD-ON GROOVES 」輸入盤CD サンプリング素材 ブレイクビーツ AKAI
1817,ジャンク品★KORG N1R★90年代MIDIシンセ・GM音源モジュール★コルグ日本製★本体のみ・JUNK
1818,AKAI Professional MPX8 サンプラー
1819,美品 Audient evo 4 オーディオインターフェイス おまけオーディオ用 USB-Cケーブル付
1820,∞ TASCAM タスカム オーディオインターフェース US-1x2 USB XLR 音響機器 □H8
1821,AKAI MPC2000XL サンプラー ジャンク 部品取り 修理できる方限定
1822,Roland/ローランド JV-2080 音源モジュール バッテリー交換済み 2501③
1823,KAWAI Q-80 DIGITAL MIDI SEQUENCER 河合楽器 テスコ 通電確認済
1824,【動作確認済】ensoniq 8bitサンプリングキーボード Mirage USB-FDDエミュレーター搭載、日本語マニュアル サンプラー
1825,★Akai Z4/Z8/MPC4000 other JOG KNOB★
1826,【 G 】 Y6663 MOTU 828 mk2 オーディオインターフェース
1827,Roland S-550 デジタルサンプラー
1828,オーディオインターフェース 980円スタート均一 新品未使用 ESI U22 XT cosMik Set マイク、ヘッドホン付フルセット
1829,Roland cakewalk UA-25EX オーディオインターフェース ローランド
1830,3/23 *2■KORG WS-AD■コルグ 音源モジュール 本体のみ【中古/現状品/動作未確認ジャンク】
1831,Mannequins Mangrove（ユーロラック Eurorack Doepfer）
1832,☆ Roland サンプラー SP-404SX ☆AHB08629　ローランド
1833,Ableton Push AbletonLive専用コントローラー エイブルトン
1834,KORG microKEY25 3台まとめ売り MIDIキーボード 通電OK 動作未確認 250115RM500390
1835,Roland SP-404mk2
1836,【A-4】 Focusrite Scarlett 2i 2 オーディオインターフェース フォーカスライト 元箱付き 動作未確認 美品 3095-143
1837,Elektron Digitone(デジトーン) ※エレクトロンケーブル不足
1838,ROLAND ローランド Sound Canvas SC-88Pro 音源モジュール 音楽機材 通電確認品(ゆ)
1839,Roland CM-32L 【各種メンテナンス済み】
1840,♪▲【AVID アビッド】オーディオインターフェース MBox Pro 0306 23
1841,中古品 アポジー APOGEE Duet for iPad and Mac オーディオインターフェイス オーディオ機器
1842,Metric Halo LIO-8 2d Card ＆ Legacy Mother Board / メトリックハロ 2dカード オーディオインターフェース
1843,Denon DN-900R SD/USB レコーダー
1844,№8533 USED 美品 動作OK リズムマシン LOUIS JB-205 フットペダル付き
1845,AKAI professional XR10 リズムマシン ドラムマシン　ジャンク　動作不可前提　（0324a1）　器材
1846,その１ / UNIVERSAL AUDIO Apollo Twin DUO Thunderbolt ユニバーサルオーディオ UAD
1847,A322 ★YAMAHA ヤマハ TONE GENERATOR トーンジェネレーター TQ5 音源モジュール ジャンク品
1848,②.Behringer ベリンガー　U-PHORIA UM2 USB オーディオインターフェース 音響機材
1849,ヤマハ　リズムマシン RX17 中古品
1850,【美品】iConnectivity アイコネクティビティ PlayAUDIO12 オーディオインターフェイス 通電のみ確認
1851,A03242★Roland ローランド SoundCanvas sc-88 pro 音源モジュール / 音響機材 オーディオ 通電確認
1852,④ iCON アイコン PLATFOR・M MIDIコントローラー
1853,ローランド/BOSS SP-303 サンプラー　稼働チェック済みスマートメディア付属　年代を考えると美品です
1854,希少 YAMAHA ヤマハ TG33 TONE GENERATOR 音源モジュール トーン ジェネレーター 本体のみ 現状 ジャンク扱い 激安スタ
1855,BOSS DR-550MKII Dr.Rhythm ドクターリズム リズムマシン 音響機器 機材 ※ジャンク/動作OK！ @送料600円 (3)
1856,YAMAHA　UX256 オーディオインターフェース　　USB　MIDI ジャンク
1857,ベリンガー Behringer アナログベースラインシンセサイザー TD-3-RD
1858,YAMAHA ヤマハ MOTIF RACK 音源モジュール
1859,中古、BOSS DR-01S Rhythm Partner
1860,ローランド Roland メモリーカード M-256E m256e JD-800 JD-990 JV-80 JV-880 D-70 D-50 D-10 D-110 D-20 D-5 D-550 R-8
1861,☆【1K0327-11】 steinberg スタインバーグ USB オーディオインターフェース UR22C ジャンク
1862,【 C 】 Y6931 Roland XV-5080 音源モジュール ローランド
1863,【 C 】39 steinberg UR22 オーディオインターフェイス スタインバーグ 本体のみ
1864,Roland ローランド オーディオインターフェイス DUO-CAPTURE EX UA-22
1865,◎送料無料 Steinberg UR22 mk2 USB オーディオインターフェース 動作未確認 現状品 スタインバーグ Ⅱ AUDIO INTERFACE 音響機材
1866,【ジャンク】[中古] Native Instruments Komplete Audio 6 MKII 最大24bit/192kHzで録音/豊富な入出力端子 [NLG50]
1867,Roland ローランド CompuRhythm リズムマシン CR-5000
1868,★AKAI MPC2000/MPC2000XL FRONT BAR PANEL★OK!!★
1869,CASIO カシオ GZ-70SP MIDI音源モジュール内蔵スピーカー GM SOUND SPEAKER SYSTEM 美品 送料無料
1870,N933 Focusrite　オーディオインターフェース　Scarlett 2i2　中古　本体　現状品
1871,E7-051 ALESIS V49 USB MIDIキーボード 元箱付
1872,□現状品□ ROLAND D-550 LINEAR SYNTHESIZER 音源モジュール ローランド ※簡易音出し可 (2746775)
1873,YAMAHA QY70 MUSIC SEQUENCER ヤマハ ミュージックシーケンサー
1874,★Roland SP-808/SP-808 PRO MAIN Board★OK!!★MADE in JAPAN★
1875,SKYO580▲ MOTU micro express MIDIインターフェイス USB 100v Windows
1876,YAMAHA オーディオインターフェース　AUDIOGRAM6 動作未確認
1877,Griffin iMic2 希少なステレオマイク入力対応 Mac用USBオーディオインターフェース 未使用 送料無料 音声入力レベル切替可
1878,【1円スタート！】Neve モジュール 2台まとめて トーンジェネレータ コンデンサ 音響機器 ※現状渡し その3
1879,Roland ローランド SC-D70 音源モジュール デジタル サウンド モジュール サウンドキャンバス SOUND Canvas DIGITAL MODULE ROLAND ED
1880,AKAI EWI USB ウインドシンセサイザー 新品マウスピース2個＋おまけ
1881,ZOOM TAC-2R オーディオインターフェース 音響機材 レコーディング 現状品 ジャンク S9865968
1882,【USED品】Roland ローランド 音源モジュール JV-880 シンセサイザー ラックシンセ
1883,Universal Audio Apollo Twin Solo オーディオインターフェース　ジャンク
1884,LANDR FX Beats: グルーヴに点火
1885,極美品 Roland SP-404MKII ローランド 16GBメモリ内蔵 サンプラー エフェクター ケース/ケーブル付 ★ 71793-47
1886,MOTU Midi Timepiece MTP AV USB MIDI インターフェイス
1887,YAMAHA SU700，サンプラー　通電OK，その他動作未確認　本体のみ　電源ケーブルなし　中古現状品（100s）
1888,YAMAHA 音源モジュール　ＴＸ８１Ｚ　ジャンク品
1889,【 G 】 Y7231 Roland ADA-7000 8チャンネル AD/DAコンバーター ローランド 【元箱付き】
1890,Roland MC-50 シーケンサー
1891,AKAI ヴィンテージ サンプラー S612 動作品 12bit アカイ Lo-Fi Sシリーズ初代機
1892,【1円スタート！】Neve モジュール 2台まとめて トーンジェネレータ コンデンサ 音響機器 ※現状渡し その14
1893,Neve モジュール 2台まとめて トーンジェネレータ 音響機器 ※現状渡し その13
1894,UNIVERSAL AUDIO ARROW UAD オーディオインターフェイス
1895,Roland SC-D70 本体のみ　ジャンク扱い
1896,TASCAM US-366 オーディオインターフェース　ジャンク品
1897,Focusrite Scarlett 8i6 オーディオ インターフェース 音響 フォーカスライト ジャンク C9895395
1898,KORG nanoPAD2 USB MIDIコントローラー
1899,Roland MT-32 ローランド MIDI音源 サウンドモジュール MULTI TIMBRE SOUND MODULE
1900,Erica Synths Pico E.F.　ユーロラック　モジュラーシンセ　make noise mutable moog masf Instruo Strymon　doepfer
1901,【未使用】セット：KORG nanoKONTROL Studio / nanoKEY Studio
1902,Roland/ローランド D-550 LINEAR SYNTHESIZER 音源モジュール バッテリー交換済み 250328
1903,★AKAI S5000/S6000 AKAI IB-ID2SC SCSI TO IDE BRIDGE ADAPTER HDD 80GB★OK!!★
1904,Antelope Audio Zen Go Synergy Core USB オーディオインターフェース
1905,【未使用に近い＆ACアダプタ付】KORG アナログリズムマシン volca beats ＆ ACアダプタ KA350 セット
1906,AKAI MPK mini MIDIキーボード
1907,steinberg eLicenser 箱あり美品
1908,Roland　A-500S　MIDIキーボード コントローラー 49鍵盤　ローランド　現状販売★11626
1909,【動作未確認/ジャンク】ローランド DTM用音源モジュール（SD-90）【送料込】
1910,steinberg UR12 USB オーディオインターフェース 外観難有り 250416RM500069
1911,o243 UA-4FX Roland EDIROL オーディオインターフェイス 中古　本体　現状品
1912,Native Instruments キーボードコントローラー KOMPLETE KONTROL S88
1913,☆1円〜☆ Native Instruments MASCHINE MIKRO MK3 MIDIキーボード MIDIコントローラー 音楽制作システム
1914,【Sampling CD】 SPECTRASONICS - Distorted Reality Vol.2 (AKAI format) (2CD-ROM) / 送料無料
1915,【Sampling CD】 BACK IN TIME - Mediterranean Atmosphere (地中海) (AKAI format) (CD-ROM) / 送料無料
1916,Roland TR-909 RHYTHM COMPOSER リズムマシン
1917,【EB3698】1円スタート～ Focusrite オーディオインターフェース Scarlett solo 4th Gen フォーカスライト 通電確認済 箱付 機材 録音機器
1918,BEHRINGER UMC22 べリンガー オーディオインターフェイス 新品未使用品
1919,【Roland ローランド R-8M ドラム音源モジュール】音源カード Dance/Ethnic Percussion/通電OK/A74-404
1920,Roland SC-55 MKII MK2 音源モジュール
1921,【ALESIS アレシス DM5 ドラム音源モジュール】音響 器材/通電OK/現状品/A74-408
1922,Roland ローランド A-49-BK MIDIキーボード USBケーブル付き★動作品【TB】
1923,OBERHEIME ELECTRONICS. INC. SEM　オーバーハイムSEM
1924,NOVATION LAUNCH KEY 61 MK4 MIDIキーボード 61鍵盤 ノベーション 鍵盤楽器 中古 良好 O9932847
1925,Intellijel Designs Quadrax ＋ QXエキスパンダーセット
1926,【 G 】6736 AKAI S1100 デジタルサンプラー アカイ
1927,YAMAHA TG500 トーンジェネレータ サウンドモジュール 音源モジュール ヤマハ　本体のみ　現状品
1928,正規品UJAM EDMに最適シンセ DRIVE DTM
1929,Roland DUO-CAPTURE　ローランド　オーディオインターフェース
1930,☆【1R0422-7】 Roland ローランド リズムマシン TR-606 DC9V ジャンク
1931,BEHRINGER TD-3-GP アナログ ベースライン シンセサイザー
1932,MOTU 2408 MkⅡ
1933,正規品】AIボーカルミキシングツール izotope NECTAR 4 ELEMENTS DTM
1934,【中古】 リズムシンセサイザー KORG EM-1 ELECTRIBE
1935,iZotope RX11 Advanced Windows
1936,動作確認済み【Native Instruments】ネイティヴ インストゥルメンツ　KOMPLETE KONTROL S61　MIDIキーボード【郡山うねめ通り店】
1937,Ableton Live 12 Standard 正規ライセンス
1938,[美品] KORG KR mini 簡単・シンプル・コンパクト設計のリズムパートナー [UK953]【梅田店在庫】
1939,BEHRINGER WASP DELUXE
1940,Arturia Delay TAPE-201 DTM
1941,Fabfilter Total Bundle Windows
1942,232同梱NG Focusrite Scarlett 2i2 3rd Gen 本体のみ フォーカスライト オーディオインターフェース 録音 音響機材 通電OK 動作未確認 現状
1943,◯ AKAI MPC5000 液晶ディスプレイ 新品！mpc stuff.com製！！
1944,YAMAHA UW10 USB-AUDIO INTERFASEオーディオインターフェース ヤマハ
1945,429 t.c.electronic KONNEKT 48 オーディオインターフェース
1946,ROLAND U-220 音源モジュール　現状
1947,Tidbit Audio Light Theremin - light dependent resistor (LDR) for Eurorack for Eurorack　Doepfer モジュラ
1948,AKAI/アカイ　MIDIパッドコントローラー　MPD32 通電OK 本体のみ　ジャンク扱い　プロフェッショナル
1949,YAMAHA MU2000 ヤマハ　 トーンジェネレーター 音源モジュール
1950,YAMAHA 　ｍOTIF 　RACK PA-300 （音源モジュール）（本体のみ）※ジャンク品
1951,MASCHINE/MK1/ジャンク/MIDIコントローラー/USB ジャンク
1952,iZotope RX11 Advanced Windows
1953,MOTU 828mk3 FireWire オーディオ インターフェース 音響機材 ジャンク B9752884
1954,iZotope Nectar 4 Advanced Windows
1955,Roland MSQ-100　MIDI デジタル　キーボード　レコーダー
1956,Avid Pro Tools用 mini Digi Linkケーブル〔mini - mini) /12ft(3.6m)
1957,05S32■Roland　音源モジュール　SC-33　元箱付き■
1958,◆RME FIREFACE800 オーディオインターフェイス ◆下取歓迎 m0o7824
1959,YAMAHA DTXPRESS ドラム音源モジュール
1960,【カタログ付】　Roland ED　ローランド　＊ SC-8820 ＊　＊ Singer Song Writer 5 ＊　ミュージ郎　Windows98/95
1961,Roland EDIROL UA-4FX USBオーディオインターフェイス 未チェック 現状品 管理番号05041
1962,ROLAND ローランド MC-50 マイクロコンポーザー シーケンサー★動作未確認品
1963,Native instruments オーディオインターフェース KOMPLETE Audio 6 中古現状品、通電確認のみ
1964,Roland ローランド BOSS ボス Dr.Sample SP-303 コンパクトサンプラー●G050C015
1965,【ROLAND】ローランド　音源モジュール EDIROL ソナーパーフェクトソリューションシリーズ SD-90　音楽/楽器【いわき平店】
1966,【ヤフオク・格安スタート】TASCAM US-1x2HR 【No.1663】
1967,【中古・未メンテ品】AKAI MPK Mini コントローラー アカイ【通電のみ確認済】.
1968,APOGEE/アポジーのインフェース.duet2です
1969,Focusrite フォーカスライト Scarlett2i2 USB オーディオインターフェイス ヘッドフォンセット HP60 MkIII オーディオ 中古B9952282
1970,iZotope Neutron 5 Windows
1971,YAMAHA ヤマハ EMR1 アンサンブル ミュージック レコーダー フロッピーディスク MIDI ENSEMBLE MUSIC RECORDER PA-1207 PPR-100
1972,YAMAHA プラグインボード ヤマハ Plug-in PLG150-PF 拡張音源ボード
1973,【簡易動作確認済/美品】FOCUSRITE/フォーカスライト Scarlett Solo オーディオインターフェース 配信/ストリーミング/宅録/60サイズ
1974,【コルグ】KORG ELECTRIBE EMX-1
1975,[PG] 8日保証 PE6R4 B1 MAGMA マグマ 6 Slot PCI Express to Expansion Chassis 拡張シャーシ[06713-0059]
1976,STEINBERG　UR22C オーディオインターフェース ジャンク
1977,【ジャンク】　Euphonix (AVID) MC Control
1978,KORG KR-11 リズムマシン 電子メトロノーム
1979,◆ NIHON HAMMOND 日本ハモンド FR-6 リズムマシン リズムボックス 中古 現状品 250409G3126
1980,◆ YAMAHA ヤマハ TG33 トーンジェネレーター 中古 現状品 250409J6173
1981,[美品] Roland A-300Pro 32鍵盤MIDIキーボード・コントローラー [QLM87]【梅田店在庫】
1982,【 G 】5316 KORG ELECTRIBE MX EMX-1 シーケンサー リズムマシン コルグ
1983,Melo Audio ( メロオーディオ ) / MIDI Commander
1984,【G】E-mu PROTEUS/1 XR MODEL 9011 音源モジュール イーミュー 3045952
1985,動作品 ONKYO SE-U55X 中古 VLSC搭載
1986,serato dj sl4 インターフェイス　本体 カロッツェリア パイオニア オーディオインターフェイス
1987,ONKYO USBデジタルオーディオプロセッサー　SE-U55はいかがでしょうか？
1988,iD4 mkⅡ AUDIENT オーディエント オーディオインターフェース
1989,◆　ドラム音源　◆　HELLNIAN’s ROCK DRUM　Vol.1＆2 　2枚セット◆　石鹸屋　東方アレンジ曲　ヘルニアン　KONTAKT5　DVD　打ち込み
1990,★良品★ Roland Rubix24 オーディオインターフェース
1991,DiGiGrid IOS 8chマイクプリ＋サーバー機能 SoundGrid Waves 動作チェック済 オーディオインターフェイス
1992,BOSS ボス Dr.Groove DR-202 リズムマシン 通電確認済み 管理7J0519H-B6
1993,YAMAHA TG300 TONE GENERATOR トーンジェネレーター 音源ユニット MIDI シンセサイザー ヤマハ サウンドモジュール
1994,YAMAHA MU128 音源モジュール シンセサイザー トーンジェネレーター　ヤマハ　ハード音源　本体のみ
1995,BOSS Dr.PAD DRP-Ⅱ DRP-Ⅲ まとめ売り 動作未確認 ボス ドクターパッド 中古 ジャンク品 管理ZI-60
1996,【 G 】 Y8219 Roland MT-100 シーケンサー ローランド
1997,KORG　KR mini　リズムマシン
1998,【美品】ローランド MIDI 音源モジュール SC-88 Pro DTM-88PW SOUND Canvas 高性能モデル 目立つ傷なし 通電 ボタン類 動作確認 現状渡し
1999,B/21 BOSS DR-880 リズムマシン
2000,電源ケーブル無し◆ローランド/Roland UA-1000 オーディオインターフェース AUDIO Interface
2001,Roland ローランド SP-404SX Linear Wave Sampler サンプラー
2002,"デジタルRGB からVGAモニタに接続する変換ケーブル！8p DIN to D-Sub15ピン(メス3列) / Roland S50,S330,S550,S750,S760 & S770 / 15khz用"
2003,◆ Roland UA-1000 ローランド オーディオインターフェイス EDIROL ◆
2004,Roland ローランド SOUND Canvas SC-88ST ◆中古品/通電確認済 ◆ 本体のみ（3）
2005,【G】Native Instruments MASCHINE MIKRO MK3 MIDIキーボード ネイティブインストゥルメンツ 3065890
2006,【美品】BEHRINGER RHYTHM DESIGNER RD-9 /ベリンガー アナログ リズムマシン
2007,05S240■Novation　Circuit　ドラムマシン　リズムマシン■
2008,☆在 保管品 アカイ/PROFESSIONAL SYNTH STATION 25 Keyboard キーボード コントローラ☆
2009,【中古】Roland SC-88 Pro Sound Canvas ローランド
2010,管理番号Ec3524【中古】Roland / Native Instruments / WAVES DTM DAW インターフェイスJUNK SET ジャンク 現状渡し
2011,中古 Arturia MiniFuse 2 [Black]
2012,★美品★ YAMAHA ヤマハ MU2000 トーンジェネレーター 音源モジュール TONE GENERATOR 通電確認済み ジャンク I250527
2013,ROLAND UA-4FX2 オーディオインターフェース 音響機器 機材 @送料600円 (5)
2014,Befaco Knurlies 98pcs M2.5 ネジ銀　モジュラーシンセ用ネジ
2015,■Roland ローランド 音源モジュール SC-55mk2+YAMAHA ヤマハ スピーカー MODEL MS101Ⅱ
2016,★極美品！ROLAND ローランド T-8 リズムマシン ドラムマシン ビートマシン 元箱付！★
2017,♪▲【BOSS ボス】リズムマシン DR-3 0527 4
2018,Vermona DRM1 mk3 Standard アナログドラムシンセサイザー
2019,BOSS ボス リズムマシン DR-550MKⅡ 通電未確認【DEBAD019】
2020,■音出たけどジャンク扱い！即決！スタインバーグ Steinberg オーディオインターフェイス UR22C
2021,通電確認のみ KORG 03R/W MIDI 音源モジュール コルグ 【現状品】
2022,【 G 】2154 Roland SN-U110-03/SN-U110-05/SN-U110-06/PN-D10-01 サウンドライブラリー ロムカード 4枚 ローランド
2023,【訳あり】Roland DUO-CAPTURE mk2 ローランド オーディオインターフェース
2024,【5.26#sk】【通電○】 AKAI MPK mini play ミニキーボード アカイ
2025,YAMAHA ZG01 USB オーディオインターフェイス ミキサー 中古 S10000197
2026,希少☆通電のみ確認済み☆ Yamaha RX15 Digital Rythm Programmer ヤマハ デジタルリズム プログラマー ドラムマシーン
2027,Avid HD I/O 16x16 Digital +8×8 Digitalオプションカード
2028,Steinberg スタインバーグ UR242 オーディオインターフェース未確認ジャンク品
2029,◆YAMAHA/MIDI MERGE BOX YMM2（065）◆
2030,YAMAHA QY70 音源内蔵シーケンサー　状態良好、MIDIケーブル・PC98用接続ケーブル付属
2031,PreSonus AudioBox iTwo オーディオインターフェイス 通電確認のみ 現状品 管理番号05423
2032,中古 Roland ローランド Fantom XR 音源モジュール
2033,SKSZ713 ▲　アンプ　Behringer ベリンガー　オーディオインターフェース UCA202　動作未確認の現状品
2034,【動作良好品】 シュプリーム Supreme AKAI Professional MPC LiveⅡ 本物保証 送料無料
2035,akai professional EB4JS PC EFFECT FX PCB BOARD エフェクトボード　Z4/Z8/MPC4000 サンプラー
2036,【通電確認済 現状品 2台】Roland ローランド OCTA-CAPTURE UA-1010 QUAD-CAPTURE UA-55 キャプチャー オーディオインタフェース 日本製
2037,Roland SN-U110-12 Sax & Trombone サウンドライブラリー PCM ROMカード
2038,OPCODE Studio 4 MIDIインタフェース DTM DAW 音楽制作★動作未確認品
2039,ジャンク YAMAHA ヤマハ MU100R 音源モジュール トーンジェネレータ MIDI
2040,【Gt-4】 Sequential Circuits Drumtraks Model 400 ドラムマシン リズムマシン ビンテージ 音出し確認済み 不具合あり 1875-25
2041,★ROLAND S-760 DISPLAY OPTREX DMF-50374N★OK!!★MADE in JAPAN★
2042,AKAI アカイ 37鍵盤 USB MIDI キーボード・コントローラー MPK mini plus 動作未確認/ジャンク品
2043,AKAI XR10 ドラムマシン
2044,Roland 拡張音源 SR-JV80-13 VOCAL COLLECTION ローランドEXPANSION BOARD エクスパンションボード
2045,吉 iCON P1-Nano MIDIコントローラー DTM DAW タッチスクリーン搭載 シングルフェーダー 動作確認済み
2046,"Antelope Audio GALAXY 32 SYNERGY CORE 定価98万円以上 32chオーディオインターフェース DANTE, HDX AND THUNDERBOLT3"
2047,Universal Audio Apollo X4 QUAD CORE トランスファー済み
2048,瀧511 BOSS JS-5 リズムマシン ボス JamStation ジャムステーション 音響機器 器材 中古 通電確認済
2049,elektron Analog Rytm MKII
2050,【通電確認済】AKAI MPC LIVE Ⅱ サンプラー アカイ リズムマシン 付属品有
2051,"【2台セット売り】ベースマシンTD-3-BK,アナログドラムマシン RD-6-GP【パッチケーブル付き】　ベリンガー BEHRINGER"
2052,Neuzeit Instruments Quasar V２.１・3Dバイノーラル・モジュラーシンセ・リバーブ/ディレイ
2053,再96 Focusrite/フォーカスライト MOSC0003 Nemko Scarlett 2i2 USBインターフェース
2054,RME HDSPe AIO PCI Express オーディオインターフェイス 動作未確認　ジャンク
2055,【完動品】KURZWEIL (Young Chang) MicroPiano ｜カーツウェル　マイクロピアノ　コンパクトピアノMIDI音源
2056,Native Instruments MASCHINE MK1 コントローラー動作未確認 現状品
2057,YAMAHA TX516(TX116+TF1unit＊4Expanded)
2058,ROLAND ( ローランド ) QUAD-CAPTURE UA-55 オーディオインターフェイス
2059,【J】 MOTU M6 オーディオインターフェイス モツ 096558
2060,【 C 】2623 Roland DTM-88PW SC-88PRO 音源モジュール ローランド
2061,Roland ローランド A-49-BK MIDIキーボード コントローラー 49鍵 シンセ鍵盤搭載　USBケーブル付き★動作品【TB】
2062,Roland ローランド SC-88Pro 音源モジュール ◆ST6/14◆
2063,● Steinberg オーディオインターフェース UR12 steinberg スタインバーグ 音響機材 動作未確認 付属品写真参照
2064,【★超貴重★ ウインドシンセ用FM音源データ本】DX7II、TX81Z FMサウンドシミュレーション (YAMAHA WX7) ヤマハ音楽振興会
2065,centrevillage CLKM BPM表示付クロックマスター
2066,KORG コルグ 音源モジュール WAVESTATION SR WS-SR
2067,PRESONUS プレソナス STUDIO 26c オーディオインターフェイス USBケーブル付き★動作未確認品【TB】
2068,MOTU MICRO EXPRESS 動作品　USB&MIDI CABLE付き
2069,Prism Sound Orpheus / プリズムサウンド オルフェイス オーディオインターフェース FireWire 基本的動作のみ確認
2070,KORG コルグ microKEY-25 MIDIキーボード ※変色あり（中古）
2071,【ジャンク】 Focusrite Scarlett 18i8 3rd Gen オーディオインターフェイス フォーカスライト
2072,Waldorf Iridium Core
2073,【新品・未使用】IK MULTIMEDIA iRig 2 ギター/ベース用インターフェイス 書き起こし
2074,Roland ローランド CM-32 CM-32P 音源モジュール ROMカード 動作未確認
2075,PreSonus Studio 24c オーディオインターフェース USB-C互換 【Studio One Artist バンドル プロダクトキー未使用】
2076,ARIA chorus ACH-1/EQUALIZER MEQ-1 ARION/Real tube over drive/MAX ME20/tascam US-122MKII (まとめて5点セット)未確認品
2077,YAMAHA MIDIキーボード CBX-K1
2078,TASCAM iXZ
2079,KORG microKEY2-37 37鍵 MIDIキーボード
2080,AVID HD Native Thunderbolt ProTools
2081,Zoom MRT-3B リズムトラック　ジャンク品
2082,★Roland EDIROL UA-4FX USBオーディオインターフェイス 本体のみ
2083,Roland BRIDGE CAST ONE BRC-ONE ローランド オーディオインターフェース ミキサー ゲーミングミキサー
2084,A2　YAMAHA　ヤマハ　SU700　サンプラー　元箱付き　通電確認済み　現状品
2085,Roland ローランド TRI-CAPTURE オーディオインターフェース UA-33
2086,BOSS Dr.Rhythm Section DR-5 リズムマシン　【ジャンク品】　82
2087,TASCAM US-2×2HR オーディオインターフェース 本体のみ 中古 Y10138220
2088,中古　KAWAI DATACAT MDK3 データ入力用キーボード　36鍵
2089,MIDIキーボード 3点まとめ売り KORG microKEY2-37AIR/M-AUDIO O2/iRig Keys 2 Pro 250523GP010783
2090,CASIO/カシオ CSM-1 音源モジュール (610　電源アダプター付/デジタルサウンドモジュール　MIDI
2091,"Mutable Ears 、Befaco Atenuverter セット( ユーロラック, モジュラーシンセ)"
2092,ZOOM RhythmTrak RT-234 リズムマシン 説明必読 内蔵電池ソケット化済み 動作確認済み 純正ACアダプター付き ズーム
2093,SS⑥USBオーディオインターフェース　フォーカスライト　Focusrite　Scarlett2i2　動作未確認　通電OK　現状品
2094,【A-2】 FOSTEX X-14 MTR フォステクス 通電不可 動作未確認 現状品 1394-57
2095,TASCAM US-42B MiNiSTUDIO CREATOR 家庭用放送機器 オーディオ インターフェース 音響機器 中古 C10140621
2096,Roland ローランド S-330 サンプラー★動作未確認品
2097,【G】AKAI S950 サンプラー アカイ 231443
2098,ヤマハの音源モジュール.MU-80です
2099,YAMAHA ヤマハ 音源モジュール MU50 トーンジェネレーター 通電確認のみ
2100,Matrix Audio Element H 高音質オーディオ用USBサウンドカード　フェムトクロック 外部DC入力 入手困難
2101,"【GLB】中古 ジャンク AVID Mbox Mini オーディオインターフェイス　本体のみ.,"
2102,ZOOM RT-123 リズムマシン RhythmTrak ズーム　元箱・取説・アダプター付
2103,A8-032＜ケース/取説付＞BOSS DR-110 アナログドラムマシン リズムマシン
2104,Roland U-110、U-220、R-8M、サウンドカードセット【ビンテージ】
2105,Cakewalk ケイクウォーク Roland ローランド UA-25EX オーディオインターフェース DAW DTM ファンタム電源 LINE MIC 音出しOK 即有り
2106,★元箱付！ROLAND ローランド TR-8 リズムマシン 美品！★
2107,【新品・未使用／送料込】Studiologic 3本ペダル SLP3-D　キーボード
2108,Roland ローランド M-GS64 GS音源モジュール SC-88 midi SOUND EXPANSION GM
2109,AKAI Professional MPK mini plus/USB MIDI キーボードコントローラー
2110,Roland ローランド 音源モジュール サウンドキャンバス SC-55MKII SOUND Canvas SC-55MK2 動作確認済み
2111,25鍵★AKAI MPK Mini MIDIキーボード アカイ USED 19480★！！
2112,【 G 】205 Vestax VCM-600 MIDIコントローラー べスタックス 074909
2113,正規品 IK Multimedia AmpliTube SVX ベースアンプ Ampeg
2114,AKAI Professional MPC ONE サンプラー アカイ
2115,NATIVE INSTRUMENTS AUDIO KONTROL 1 / USB オーディオインターフェース
2116,【 G 】 Y8968 Native Instruments KOMPLETE KONTROL S61 MK3 MIDIキーボード 【元箱付き】 075156
2117,NIHON HAMMOND リズムボックス FR-6 Rhythm Ace リズムエース リズムマシン ※ジャンク品 #U4116
2118,激安中古品　Roland JV-1080 シンセサイザー音源モジュール ②
2119,【ジャンク扱い・現状品】Native Instruments ネイティブインストゥルメンツ MASCHINE JAM 通電のみ確認 G2919 wa◇95
2120,YAMAHA ヤマハ 音源モジュール DTM用音源 MU500 ACアダプター付き 中古
2121,【G】YAMAHA WX7 MIDIコントローラー ヤマハ 231655
2122,HAGIWO MOD2 ハード組立済 DIYドラム音源モジュール　Eurorack モジュラーシンセ　②
2123,Antumbra 6MIX モジュラーシンセ　ユーロラック　dtm daw ミキサー
2124,BOSS　DR.Rhythm　DR-55　ドクターリズム　ボス　リズムマシン　ジャンク
2125,Steinberg スタインバーグ IXO12 W USBオーディオインターフェース イグゾー ホワイト
2126,KORG plugKEY MOBILE MIDI/AUDIO Interface
2127,novation シンセサイザー
2128,MOTU 828 28in 32out USB-C 第五世代 オーディオインターフェース 2024年モデル USB-DAC 中古 良好 Y10159599
2129,32鍵ミニUSB MIDI　コントローラー　キーボード｀
2130,NFJ DAC-M3J with B(USB接続 DAC&ヘッドフォンアンプ、最大24bit/96kHz)[訳あり品]
2131,中古 ★　FOCUSRITE　　Scarlett　２i2 オーディオインターフェース
2132,YAMAHA TG300 TONE GENERATOR 本体のみ 電源なし 現状品、ジャンク サウンドモジュール
2133,Xfer Records Serum 2 Windows
2134,ローランド　ROLAND　SC-8850　音源モジュール　通電確認　中古現状
2135,【★13-580】■中古■4CHANNEL オーディオインターフェース （2271）
2136,AKAI CD3000XL * アカイ デジタルサンプラー
2137,Ableton Live用　カスタムメイドコントローラー　　　　　Faderfox Micromodul LV2
2138,【Roland】EDIROL USB MIDI INTERFACE UM-1X / インターフェース ケーブル ローランド/ 現状品
2139,Roland MT-32 音源モジュール
2140,06D09■YAMAHA　TX1P 音源モジュール 動作品■
2141,06D10■Roland　UA-1010 オーディオインターフェース■
2142,06S76■Roland　音源モジュール　SC-88■
2143,アカイ　AKAI CD3000XL 【動作品】AKAI Professional アカイプロフェッショナル　MPC3000時代の名機
2144,Roland Sound Canvas SC-88 Pro サウンドキャンバス USB MIDI INTERFACE UM-ONE付 ローランド ジャンク【20
2145,strymon/AA.1 モジュラーシンセ ユーロラック dtm daw
2146,[KM0198] 中古現状品 KORG microKEY-25 25鍵 MIDIキーボード 鍵盤動作OK コルグ 1000円スタート！
2147,FOCUSRITE Clarett 4 Pre オーディオ インターフェイス 中古 良好 Y10189065
2148,【G】AKAI XR10 リズムマシン アカイ 3084594
2149,EWI 4000S 中古　ジャンク品
2150,behringer rs-9 モジュラーシンセ シーケンサー eurorack
2151,IK Multimedia Amplitube 5 SE アンプシミュレーター ギター
2152,状態良好！UNIVERSAL AUDIO VOLT1 オーディオインターフェース ユニバーサルオーディオDAＷ　DTМ
2153,Roland A-880 MIDIパッチベイ 動作確認済み
2154,☆人気☆ Roland MC-303 ローランド groove box シーケンサー リズムマシン グルーヴボックス リズムマシン ジャンク 現状品　STHK0618-9
2155,【送料無料！】 サウンドモジュール　ROLAND JV-2080 ローランド
2156,【マニュアル付属】プログラム可能機 Roland CR-8000 CompuRhythmローランド アナログリズム リズムマシン ビンテージ CR-78 TR-808 TR-909
2157,【 C 】 Y9429 KORG ELECTRIBE-S ES-1 リズムマシン コルグ　 【元箱付き】 3062098
2158,【 G 】704 ZOOM RT-123 リズムマシン ズーム 3108331
2159,【 G 】 Y9432 Ableton Push MIDIコントローラー エイブルトン　 【元箱付き】 3091291
2160,ZOOM MRT-3 Micro RhythmTrak リズムマシン
2161,PRESONUS プレソナス AudioBox iTwo USB接続 オーディオインターフェース　DTM/DAW★動作未確認品【TB】
2162,iZotope Ozone 11 Advanced Windows
2163,Roland SC-88 Pro ローランド 音源モジュール 簡易動作確認済み
2164,iCON P1-M & D-4T フィジカルコントローラー本体＆拡張ディスプレイのセット
2165,31♪Roland EDIROL　UA-25　USB Audio Capture　USBオーディオキャプチャー　通電動作未確認　写真追加有り
2166,Roland ローランド デジタルシンセサイザー MIDI音源 D-110 通電ジャンク II-250604017
2167,20.75 BOSS◆DR-5 Dr.Rhythm Section リズムマシン◆
2168,【 C 】100 UNISYNTH XG-1 ギター型MIDIコントローラー 3105611
2169,【 G 】9923 NATIVE INSTRUMENTS MASCHINE CONTROLLER MIDIコントローラー ネイティブイントゥルメンツ 3104939
2170,Ft1278971 アカイ MIDIコントローラー ウインドシンセサイザー EWI USB AKAI 中古
2171,湘/Lineartech/SOUNDEFFECTBOX/通電確認済/動作未確認/ZX-800/ピュンピュンマシン/爆発音/マシンガン音/サイレン音/リニアテック/6.27-79MO
2172,送料本文 AKAI アカイ サンプラー 使用少ない SAMPLER 付属品 元箱 付き MPX8 即決有り 管理番号1107
2173,ENSONIQ エンソニック SQ-R PLUS 音源モジュール サウンド 32VOICE 動作確認済み デジタルシンセサイザー
2174,UAD-2 Satellite THUNDERBOLT DSP ACCELERATOR QUAD CORE WW3193
2175,シーケンサー Yamaha rm1x グルーヴボックス
2176,正規品Waves IDX Intelligent Dynamics DTM
2177,steinberg UR22C オーディオインターフェース 付属品 元箱付[スタインバーグ][AUDIO INTERFACE]13M
2178,"Morphagene Make Noise / モジュラーシンセ,ユーロラック"
2179,Roland AX-1 ローランド MIDIショルダーキーボード ※電池ボックス故障
2180,【ジャンク】YAMAHA MU90 MIDI音源
2181,Universal Audio オーディオインターフェース apollo twin Quad 動作品 ThunderboltケーブルとApple純正変換アダプターセットで
2182,ジャンク扱い 起動確認のみ KORG コルグ ER-1 リズムマシン シンセサイザー ELECTRIBE R RHYTHM SYNTHESIZER [TK25-0715-2]
2183,Elektron Digitakt DDS-8
2184,Roland ローランド　USB MIDI interface UM-ONE mk2 説明書付き　箱入り
2185,【 J 】8146 AKAI MPC STUDIO MIDIコントローラー アカイ 3065148
2186,【部品取り】Roland　ローランド　MKS-10　フロントパネル／リアパネルセット
2187,Elektron Octatrack MKII 多機能サンプラー ワンオーナー品　korg akai
2188,E-MU PROTEUS/2 (Model 9012) オーケストラ音源モジュール 動作確認済み 現状にて
2189,071625. UR22 MKii.オーディオインターフェース.Steinberg.動作未確認.ジャンク
2190,MOTU M2 モツ オーディオインターフェース《U8182
2191,【 G 】8408 Roland groove sampler SP-808 サンプラー ローランド 3091306
2192,Roland　ローランド　デジタル シーケンサー＆電源モジュール　　MT-100
2193,APOGEE one アポジーワン オーディオインターフェース 通電確認のみ 現状品 管理番号07197
2194,KORG DS-1H ダンパーペダル
2195,▼未使用☆cakewalk ケークウォーク/USB MIDIインターフェイス/.UM-1G/FPT方式/USBバス駆動/DTM 宅録 作曲 弾いてみた▼B250722
2196,Focusrite Scarlett Solo 3rd Gen MOSC0024 オーディオインターフェース 音響機材 中古 S10198582
2197,通電確認のみ ABLETON エイブルトン Ableton Push MIDIコントローラー 250630RM500010
2198,YAMAHA ヤマハ　VL-70m バーチャルアコースティック　トーンジェネレーター　音源モジュール
2199,中古★Roland ローランド UA-4FX2 オーディオインターフェース STREAM STATION【UA-4FXII】F8H7
2200,美品 AKAI MPC1000 EXM128増設済 JJOS
2201,【 G 】 Y9755 Roland S-760 デジタルサンプラー ローランド 3055253
2202,YAMAHA ヤマハ WX5 ウインドMIDIコントローラー ソフトケース付き★簡易検査品
2203,1円スタート！ AKAI MPC2000 サンプラー 名機
2204,送料730円～ ジャンク　動作未確認 TASCAM US-366 オーディオインターフェース　製造番号0120081
2205,Avid Mini DigiLink cable M to M 12ft.(約3.6m) x1
2206,【 G 】650 Roland MKS-50 音源モジュール ローランド 3062910
2207,B37★KAWAI カワイ 音源内蔵プレーヤー／SP-10 サウンドプレーヤー 電源ケーブル付
2208,IK Multimedia AmpliTube 5 MAX Windows
2209,YAMAHA MDF2 MIDIデータファイラー バックライトディスプレイ+FDDエミュレーター(USBドライブ)仕様
2210,Vesta kozo DIG-420 サンプラー ディレイ ローファイ ビンテージ VESTA小僧 SAMPLER DELAY
2211,■■■■動作確認済中古■■■■ Roland EDIROL Studio Canvas SD-90 音源
2212,【C】ROLAND UA-1010 USBオーディオインターフェース ローランド 3106548
2213,ロ20【現状品】 Roland オーディオインターフェース　Rubix44 動作未確認　1円〜
2214,送料込み　KORG Volca keys sample teenage engineering PO-12 rhythm リズム　コルグ　アナログ　シーケンサー
2215,Focusrite Scalett 2i4 動作確認済
2216,【G】AKAI S6000 デジタルサンプラー アカイ 3117603
2217,Roland MT90ｓ MUSIC PLAYER（MIDI音源）
2218,中古現状品(通電確認のみ) YAMAHA/ヤマハ　DTXPRESS ドラム音源モジュール + アダプター PA-3B
2219,本体のみ 通電確認済 Roland ローランド サンプラー SP-555 管理7Z0729A39
2220,4点セット　iZotope Ozone11 Advanced RX11 Advanced Nectar 4 Advanced Neutron 5
2221,【G】PreSonus AUDIOBOX USB96 / M7 オーディオインターフェース + マイク セット プレソナス 3117761
2222,Xfer Records Serum 2 Windows
2223,AKAI EWI USB ウインドシンセサイザー 電子管楽器 USBコントローラー
2224,ＹＡＭＡＨＡ（ヤマハ）ＲＹ２０　ＲＨＹＴＨＭ　ＰＲＯＧＲＡＭＥＲ　本体のみ　●部品取り・動作不明●
2225,YAMAHA AG03 オーディオインターフェース [G-1248]
2226,YAMAHA　MIDI CONVERTER　コンバーター　YMC10　アダプター付き　通電確認済み　現状品
2227,【C】KORG SG-RACK ピアノ音源モジュール コルグ 3097286
2228,SOUND SCAN Vol.58 CD-ROM 2枚組　DRUM'N BASS SENSATIONS ドラムン・ベース・センセーション クリプトン・フューチャー・メディア
2229,EDIROL AUDIO Capture UA-20
2230,YI キ7-150 FOCUSRITE フォーカスライト Scarlett 2i2 G3 USB 2.0 Type C オーディオ・インターフェース
2231,【動作確認済】Studio Daydream JCTB×4/MD ジャンクションボックス
2232,1円スタート ヤマハ ライブストリーミングミキサー 3チャンネル 高解像度 24bit 192kHz DSPエフェクト AG03MK2 W ホワイト A12211/JS
2233,oeksound soothe2
2234,IK Multimedia AmpliTube 5 MAX Windows
2235,【C】M-AUDIO OXYGEN 49 MIDIキーボード エムオーディオ 3094706
2236,♪▲【YAMAHA ヤマハ】MIDI音源モジュール MU100B 0805 4
2237,【C】Roland A-500S-R MIDIキーボード ローランド 3055603
2238,（動作確認済み）（1円スタート）YAMAHA MTX3 マトリクスプロセッサー
2239,【C】STEINBERG UR12 USBオーディオインターフェース スタインバーグ 3072945
2240,【G】Roland DIGITAL SAMPLER MS-1 デジタルサンプラー ローランド 3067720
2241,behringer ベリンガー U-PHORIA UM2 オーディオインターフェース 動作確認済
2242,MOTU M2
2243,Roland XV-5080 ローランド 音源モジュール シンセサイザーモジュール 音響機材 オーディオ ジャンク Y10230379
2244,[動作 / 中古品] SM Pro Audio V-MACHINE スタンドアローンVSTプレイヤー 音源モジュール [音出し確認済み]
2245,Softube Weiss Collection Windows
2246,☆ Roland SoundCanvas SC-88Pro 　音源モジュール ローランド 送料無料！　☆
2247,1円 UA-25 ローランド USBオーディオI/F
2248,Roland DUO-CAPTURE EX オーディオインターフェース
2249,【 J 】1271 Pro Tools MBox Pro オーディオインターフェース プロツールス 3070068
2250,★夏セール★E-mu PROFORMANCE/1　ピアノ音源モジュールの名機【動作品】
2251,BEHRINGER（ベリンガー） UMX250 MIDIキーボード
2252,現状品■YAMAHA SU10 サンプラー
2253,サンプリングCD Tekno Industrial EastWest
2254,KAWAI CARD ROM ROCK GB-2 SESSION TRAINER用 河合楽器製作所
2255,-ジャンク- YAMAHA PPC-10 ヤマハ ピアノプレーヤー -GRUN SOUND-j215-
2256,ビンテージ YAMAHA ヤマハ QX7 digital sequencer デジタルシーケンサー MIDI 稀少品 通電 ボタン反応OK 即有り
2257,☆　極美品　プレミアム ミュージックキーボード　ASL-1873 ㈱ワイエスエヌ　管ARRR
2258,"中古CD■SAMPLING■KAERU CAFE / CRIMSON MELLOTRON / KACA0045■サンプリング, カエルカフェ, オーボエ, フルート, ブラス, ストリングス"
2259,Roland U-110 整備済品
2260,YAMAHA ヴィンテージ リズム マシーン マシン ドラム 音源 ビンテージ 中古 現状 詳細本文 ヤマハ vintage rhythm drum machine 管理0804
2261,★MEMORY 32 MB 72Pin SIMM★OK!!★
2262,★Roland SR-JV80-13 VOCAL COLLECTION EXPANSION BOARD★OK!!★MADE in JAPAN★
2263,中古■YAMAHA KX8 MIDIコントローラー キーボード 88鍵盤★動作OK★引取・自社配送★南関東のみ送料無料
2264,roland a-33 midi keyboard controller 中古品
2265,★☆ 管 S241004 m ☆★ Scarlett 8i 6 Focusrite フォーカスライト /オーディオインターフェース ☆★
2266,Roland ローランド TR-606 Drumatix リズムマシン　動作確認済中古品 (管２FC6-S1）
2267,SW1015-17-5-4 現状品 KORG コルグ nanoKEY-BK 音楽 ホビー 器材 USB MIDIコントローラ ナノキー 25鍵 ブラック SLIM-LINE 60サイズ
2268,中古品　AKAI Professional MPX8 MOBILE SD SAMPLE PLAYER
2269,Modbap PER4MER　ユーロラック　モジュラーシンセ
2270,iRig iPhone/iPadに接続するタイプのスマートフォン向けオーディオインターフェイス　■T4
2271,dis Jazz R&B
2272,★ROLAND VS-1880 取扱説明書 日本語★中古★
2273,Roland EDIROL UM-2EX USB MIDI インターフェース
2274,補償付き◆BOSS 小型リズムマシン★Dr.Rhythm DR-550 初心者にも！
2275,ProSamples 「 Vol.26 Nu RnB & Hip Hop from Da Nu RnB Hip Hop 」 ★ Pro Sample プロサンプル サンプラー サンプリング CD
2276,XAOC Devices Hrad 未使用　美品
2277,Shakmat Modular Tessitura Tailor Intellijel 1U専用モジュール　10HP
2278,ALESIS SR-16 MIDI リズムマシン・ドラムマシン　ほぼ新品
2279,CASIO GZ-50M MIDI GM SOUND MODULE/サウンドモジュール/ACアダプター AD-5JL【通電確認のみ/ジャンク品】
2280,★動作品! Roland SRX-98 Special SRX Board EXPANSION BOARD 2006 ローランド 音色カード 拡張音源 音源ボード エクスパンションボード
2281,★YAMAHA MU1000 EXTENDED EDITION Tone Generator★OK!!★MADE in JAPAN★
2282,【昭和レトロ】『ACE TONE(エーストーン) Rhythm Machines(リズムマシン) カタログ』1977年頃 日本ハモンド/FR-15/FR-6/FR-8L/FR-60/FR-80
2283,emagic Unitor8 Mk II MIDIインターフェイス 未チェック 現状品 管理番号01147
2284,E-MU Proteus1 Plus ORCHESTRAL 整備済品
2285,【中古】 USB/MIDIパッドコントローラー AKAI Professional MPD226 USB/MIDIパッドコントローラー
2286,★MOTU オーディオインターフェース Ultra Lite 通電未確認※現状品O★
2287,TASCAM タスカム / US-2x2 USBオーディオ/MIDIインターフェース
2288,中古 BEHRINGER UMC22 (u82078)
2289,EDIROL by ROLAND UM-3EX MIDIインターフェース
2290,Steinberg Absolute 6
2291,0702u1048　EDIROL 24ビットUSBオーディオキャプチャー UA-1EX
2292,[USB-MIDI] Roland UM-1G cakewalk ローランド 難あり
2293,[KM0070] 中古現状品 YAMAHA RX21 リズムマシン 通電OK 1000円スタート！
2294,【動作確認済】Roland 音源モジュール JV-2080
2295,TASCAM USBオーディオインターフェース US-1x2-SN
2296,Focusrite フォーカスライト Scarlett Solo Studio オーディオインターフェース 音響機器 中古 K9698900
2297,Belden非メッキ６口WN1512K ２P or 3Pプラグ電源タップ
2298,Roland ローランド CR-5000 CompuRhythm リズムマシン Drum Machine Beat Maker [通電、音声の出力確認済みです] *Watch Video* TR-808
2299,iConnectivity PlayAudio12 オーディオインターフェイス マニピュレーター 美品
2300,□Cc/406☆ヤマハ YAMAHA☆サウンドモジュール☆音源モジュール☆MOTIF-RACK ES☆動作不明☆ジャンク
2301,02S101■Novation　コンパクトUSBコントローラー　DICER■
2302,【中古・再出品】Universal Audio Apollo Twin USB アナログ2イン/6アウト USB対応オーディオインターフェイス
2303,電子ドラム 楽器打楽器リズム遊び太鼓遊び太鼓の達人ロールアップドラムSONYアクセサリー説明書なし
2304,iZotope Nectar 4 Advanced Windows
2305,Rolamd ローランド M-VS1 音源モジュール SOUND EXPANSION VINTE SYNTH
2306,正規品 Arturia Augmented STRINGS Intro ストリングス音源
2307,【№2059-ら7007】中古：LINE6◆SONIC PORT VX マイク一体型オーディオインターフェイス マイク内蔵 プロ品質の録音可能 本体のみ
2308,★サウンドライブラリー01 NEW PUBLIC DOMAIN/JapanInstruments★動作未確認/フロッピー/消費税0円
2309,Roland SP-404 MKII サンプラー 音響機器 ローランド 中古 美品 S9696585
2310,Digidesign MBox 2チャンネル Focusrite USB オーディオインターフェース
2311,【中古】【通電確認済】ABLETON エイブルトン PUSH2 HWPU02 MIDIコントローラー 元箱＆専用ケース付 宅録/DTM機材 (現状渡し)★A022225005
2312,TASCAM オーディオインターフェース US-1X2HR 通電確認済
2313,Ferrofish A16 MK-2 ★即決価格で落札された方には特典有★
2314,EDIROL Roland SD-90 音源モジュール MIDI音源 通電確認のみ
2315,M-AUDIO　 MIDIキーボード　KEYSTATION49 49鍵
2316,YAMAHA RX11 シーケンサー / リズムマシン -4020488-
2317,【ヤフオク】TASCAM SERIES 208i 【No.1465】
2318,ニューイヤーセール iZotope RX Post Production Suite 8.5 正規品
2319,KORG リズムマシン KR-mini
2320,!! Steinberg スタインバーグ UR242 オーディオインターフェース 動作確認済み
2321,TASCAM US-366 オーディオインターフェイス DSPミキサー搭載 96/192kHz対応 USB2.0 元箱・USBケーブル付 DAW DTM
2322,正規品】AIボーカルミキシングツール izotope NECTAR 4 ELEMENTS DTM
2323,[KM0080] 中古現状品 Roland JV-1080 SUPER JV ローランド 拡張ボード1枚搭載 デモ演奏OK
2324,音響祭 AKAI アカイ サンプラー MPC2000 現状品 通電確認済み メンテナンス前提 フロッピー 機材 器材 長期保管品
2325,korg electribe EMX-1 サンプラー
2326,サンプリング/サウンドチェック用CD 全9枚セット AKAI S3000 / TR-808 / Alan Parsons / DRUM SAMPLER SAMPLING 他★動作未確認品【TB】
2327,Vestax DSG-05
2328,YAMAHARX21
2329,KORG nanoKEY Studio 本体のみ
2330,UNIVERSAL AUDIO ユニバーサルオーディオ apollo twin DUO オーディオインターフェース ジャンク品 ◆ 6126
2331,アカイ　サンプラー　AKAI　CD3000
2332,★Steinberg オーディオインターフェース UR22mk2★
2333,SKYO405▲ KORG nanoKONTROL フィジカルコントローラー コントローラー 本体のみ
2334,【簡易動作確認済】Roland EDIROL UA-4FX エフェクト機能/ボイスチェンジャー搭載 USBオーディオインターフェース UA-4FX 配信/60サイズ
2335,◆Roland ローランド SOUND Canvas SC-88ST Pro サウンドキャンバス DTM 音源モジュール◆
2336,BOSS DR-770 動画有 リズムマシン ボス Dr.Rhythm
2337,KAWAI カワイ CARD RAM OC-32 メモリーカード 【動作未確認】 K4 K4r K1 XD5
2338,KORG コルグ X5DR 音源モジュール サウンド シンセサイザー MIDI SYNTHESIS MODULE SYNTHESIZER
2339,★Roland SC-88 (CM-64 SC-55) Sound Canvas★OK!★MADE in JAPAN★..
2340,【１円スタート】FOCUSRITE ( フォーカスライト )Scarlett 18i8 G2 オーディオインターフェイス
2341,〈BOSS〉　ボス　リズムマシン　Jam Station　JS-5
2342,カワイセッショントレーナーGB-１ リズムマシン
2343,CONTROL ユーロラックモジュラー パッチケーブル オレンジ&グレー 11本組 (シンセ モジュール DOEPFER MOOG INTELLIJEL MAKENOISE TIPTOP)
2344,【未使用開封済み】 RME　Fireface 400 オーディオインターフェース
2345,roland r-8m
2346,Mutable Instruments　BEADS(Texture Synthesizer )※絶版品ユーロラック・モジュラーシンセ
2347,TASCAM US-100 オーディオ機器 USB オーディオインターフェース
2348,YAMAHA PLG150-VL EX5直系VL音源 CS6x CS6R MOTIF MOTIF ES S90 MU2000 MU1000 MU128 などに装着可 DX1 DX5 DX7II-FD FS1R reface DX SY99
2349,Roland TR-6S 美品
2350,【通電確認済み/美品】XSONIC XTONE ペダル付き オーディオインターフェース 配信/ストリーミング/楽曲制作/60サイズ
2351,AKAI S300XL サンプラー 音響機器 中古 ジャンク C9700295
2352,AKAI アカイ S01 MIDI DIGITAL　SAMPLER デジタルサンプラー 《通電のみ確認》
2353,Universal Audio 4-710d ユニバーサルオーディオ
2354,ジャンク KAWAI カワイ 音源モジュール K1r！
2355,KAWAI　カワイ　SESSION TRAINER　セッショントレーナー　バッキング　リズムマシンGB-1 通電OK 動作未確認　ジャンク品(80s)
2356,AKAI MPC2000 MPC2000XL MPC4000 MPC3000 MPC60　MPC60Ⅱ 中古パッドセンサー ④
2357,Roland ローランド SOUND Canvas サウンドキャンバス MIDI SOUND GENERATOR SC-55mkII MIDI音源モジュール 本体のみ
2358,Roland ローランド GI-10 ジャンク品
2359,RME ADAT Digiface USBオーディオインターフェイス
2360,【G】Steinberg UR12 オーディオインターフェース スタインバーグ 115536
2361,a291 ★ ローランド Roland SC-155 中古現状★ 送:80
2362,オーディオインターフェース Steinberg スタインバーグ UR22mkII 中古品
2363,Focusrite Scarlette 18i20 G2 インターフェイス
2364,Fabfilter Total Bundle Windows
2365,【 J 】2824 SONIC POTIONS×ERICA SYNTHS LXR-02 ドラムシンセサイザー ソニックポーション/エリカシンス
2366,【 J 】2864 Focusrite Scarlett 2i2 オーディオインターフェース フォーカスライト 元箱付き
2367,YAMAHA ヤマハ MUSIC SEQUENCER ミュージックシーケンサー QY100 説明文必読願います！m
2368,◯営HM055-A6T60【埼玉発】ZOOM ズーム MRT-3 MICRO Rhythm ドラム マシン リズムマシン 通電のみ確認済み 電源ケーブル有 現状品
2369,(031485D) ローランド ROLAND UA-5 オーディオインターフェイス　B級中古品
2370,ValhallaDSP Bundle Windows
2371,【希少】BEHRINGER ロータリーエンコーダー BCR2000
2372,SOUND DEVICES USBPre オーディオインターフェース サウンドデバイス DTM DAW
2373,Roland FANTOM XR 音源モジュール　ジャンク　通電のみ確認　シンセサイザー　ローランド　fantom
2374,【G】Native Instruments MASCHINE MK3 ネイティブインストゥルメンツ 3033414
2375,KAWAI　R-50e　リズムマシン　ドラムマシン
2376,サンプリングCD「SOUND SCAN Vol.15　ACOUSTIC PERCUSSIONS　アコースティック・パーカッションズ」2枚組・美品
2377,サンプリングCD「Creative Essentials Sampling CD Series Vol.31 JUNGLE FRENZY 2 ジャングル フレンジー2」輸入盤/ジャケ盤面新品同様
2378,ZOOM　リズムトラック　RT-223　アダプター付き　通電のみ確認済み
2379,Native Instruments KOMPLETE AUDIO 6 MK2（美品）
2380,Metric Halo ULN-2 3d オーディオインターフェース
2381,KORG WAVESTATION Sound Data ROM Card 11種セット
2382,03D38■RANE　SL3 serato scratch LIVE オーディオインターフェース 動作品■
2383,KORG O1R/W 音源モジュール シンセサイザー 通電確認済み 現状品 電源コード付属 オーディオ機器 QD033-6
2384,【送料無料】【ジャンク】【液晶不良・起動不可】AKAI professional S2800 MIDI STEREO DIGITAL SAMPLER サンプラー
2385,AKAI MPD218 USB MIDI コントローラー 16パッド 音響機材 オーディオ 中古 T9675231
2386,中古品　YAMAHA ヤマハ トーンジェネレーター TG100 TONE GENERATOR MIDI音源モジュール　発送サイズ60cm
2387,Roland/ローランド SR-JV80-04 VINTAGE SYNTH 音源ボード エクスパンションボード 250129
2388,Noise Engineering Pons Asinorum Black モジュラーシンセ　ユーロラック　dtm daw
2389,BEHRINGEROCTAVE DIVIDER エフェクター　dtm daw モジュラーシンセ　ユーロラック
2390,★E-MU TECHNO 32MB ROM FLASH MEMORY★OK!!★MADE in USA★
2391,AKAI アカイ APC40 MK2 MIDIコントローラー
2392,YAMAHA RX21 リズムマシン + ACアダプター PA-1 ヤマハ デジタルリズムプログラマー 通電OK/動作未確認 現状品 ジャンク扱いで。売切り
2393,monome Norns Shield 2022年改良型　中古　シンセ　シーケンサー　サンプラー
2394,3/23 *8■Roland A-80■ローランド MIDIキーボード コントローラー【中古/現状品/動作未確認ジャンク】
2395,Roland SOUND Canvas SC-8820 MIDI音源ローランド
2396,AKAI APC40MKⅡ APC40MK2 Ableton Live専用 MIDIコントローラー 5
2397,Knobula Kickain 限定レアカラー(ほぼ未使用) キックモジュール モジュラーシンセ ユーロラック
2398,正規品 Celemony Melodyne 5 Essential 歌ってみた
2399,MYamaha Audiogram 6 USB Audio Interface ヤマハ オーディオインターフェース
2400,【C】Arturia KEYLAB 88 mkII MIDIキーボード アートリア 3038392
2401,AVID MBOX STUDIO オーディオインターフェース
2402,a400 ベリンガー 2入力2出力 USBオーディオインターフェース ブラック 1-Channel UM2 U-PHORIA 中古品　送:60
2403,ZOOM TAC-2
2404,SOMA laboratory LYRA-8
2405,gk41) moukey MSc1 オーディオインターフェース USB3.0
2406,Roland ローランド sonic cell 音源モジュール 音響機材 中古 S9833788
2407,Digital Music Corp MX-8 Midi Patch Bay Processor
2408,u56951　中古　　UNIVERSAL AUDIO　VOLT 276 USB Recording Studio
2409,Akai MPD218 MIDIコントローラー パッドコントローラー 中古 T9799106
2410,中古 Steinberg IXO22 (u82866)
2411,TGB85★YAMAHA BIG JAM　RY9　シーケンサー　リズムマシン　プログラマー
2412,UAD-2 Satellite OCTO CORE Thunderbolt3 TB3 UNIVERSAL AUDIO
2413,YAMAHA RY30 リズムマシン リズムプログラマー ヤマハ 生産完了品
2414,Steinberg スタインバーグ オーディオインターフェース IXO22 ☆良品☆[51-0330-O1]
2415,Roland EDIROL UA-1000 ローランド オーディオインターフェイス 日本製 Made in Japan
2416,【USB2.0規格の7.5mケーブル付き!】オーディオインターフェイス
2417,★ジャンク★Victor NS-T9 ORGAN EXPANDER　アナログシンセ　日本ビクター オルガンエキスパンダー
2418,★ジャンク★MOTU Traveler FWオーディオインターフェイス
2419,【新品同様・未登録】IK MULTIMEDIA AXE I/O ONE【送料込み】
2420,ROLAND MC-307 動画有 シーケンサー リズムマシン ローランド
2421,S) AKAI professional アカイ MPK261 MIDIキーボード 音響機器 機材 ※現状渡し/通電OK！ @160
2422,正規品UJAMシンセ Usynth CORE UJAMらしさが溢れる新しいシンセ
2423,ite/519813/0401/Focusrite フォーカスライト オーディオインターフェース Scarlett Solo 3rd Gen/通電確認のみ
2424,Arturia Rev PLATE-140
2425,動作品 Roland U-110 音源サウンドモジュール PCM SOUND MODULE ローランド 取説付 難有【40
2426,KORG nano KONTROL 2　Black　コルグ　DAWコントローラー 中古
2427,新品 KURZWEIL MIDIBOARD（風）スライダーつまみ
2428,IK MULTIMEDIA iRig Keys Pro （アイリグキーズプロ） 37鍵標準鍵ユニバーサルタイプのMIDIキーボードコントローラー 国内正規品
2429,新品 4個セット KURZWEIL MIDIBOARD（風）スライダーつまみ
2430,★AKAI MPC2000/MPC2000XL/S5000/S6000/CD3000XL other FLOPPY DRIVE TEAC FD-235HF 8549 U5★OK!!★MADE in JAPAN★
2431,YAMAHA AG03 オーディオインターフェース
2432,正規品UJAM EDMに最適シンセ DRIVE DTM
2433,ROLAND R-8 リズムマシン ローランド
2434,☆テスコ・R-3A RHYTHMER・リズムマシン☆
2435,6001H08*4B▲BOSS/ボス・リズムマシン・DR-5・Dr.Rhythm Section/ドクター・リズム・セクション・日本製・ドラムマシン ・ギター
2436,1304 【ジャンク】Roland ローランド TR-606 Drumatix Computer Controlledドラムマシン リズムマシン ドラマティックス 音源モジュール
2437,ZOOM RT-223 説明書
2438,y040412m M-Audio USBオーディオインターフェース 再生 ライブ配信 宅録 コンボジャック M-Track Solo
2439,Roland SOUND MODULE SC-33 ローランド サウンドモジュール ジャンク品【1円スタート！！】
2440,【ジャンク】[中古] Arturia MINIFUSE2 シンプルで使いやすいインターフェース/ループバック機能搭載 [NLG36]【神戸店在庫】
2441,Roland BRIDGE CAST X
2442,Roland ローランド 音源モジュール M-GS64 SOUND EXPANSION 音響機器
2443,BOSS DR-3 リズムマシーン FS-5U フットスイッチ DTM レコーディング ドラム ライブ 動作確認済 使用品
2444,【開封のみ】IK Multimedia iRig USB
2445,【通電確認済み】【1円スタート】Zoom Tac-8 オーディオインタフェイス
2446,□現状品□ AKAI Professional Z8 デジタルサンプラー アカイ ※PC EFFECT ボード付き (2746782)
2447,Noise Engineering Basimilus Iteritas 8オシレーター パーカッションシンセサイザー
2448,Y830★AVID/003 digidesign/オディオインターフェース/フィジカルコントローラー/デジデザイン/アビット/送料1200円〜
2449,Steinberg UR12 Black & Copper Model　USB オーディオインターフェース　※送料無料
2450,RME FIREFACE 800 オーディオインターフェース 株式会社Synthax Japan正規輸入品★動作未確認品
2451,Roland ローランド A-880 パッチャー ミキサー パッチベイ パッチ セレクター 8IN 8OUT MIDI PATCHER MIXER
2452,ARTURIA KEYSTEP MIDI キーボード　コントローラー　シーケンサー　アートリア
2453,【 G 】168 Roland A-49 MIDIキーボード ローランド
2454,【 C 】156 TASCAM SERIES 102i オーディオインターフェイス タスカム 本体のみ
2455,YAMAHA ヤマハ QY70 MUSIC SEQUENCER ミュージックシーケンサー
2456,UNIVERSAL AUDIO satellite UAD-2 OCTO USB
2457,AKAI MPC4000 AD/DA 基板 82115X ジャンクとして
2458,【ジャンク】M-AUDIO エムオーディオ USBオーディオインターフェース M-Track Duo Mトラックデュオ CL115
2459,【ジャンク】[中古] KORG nanoKONTROL2 詳細な動作確認がとれてないため特価で販売 [OL640]【神戸店在庫】
2460,■□Avid HD MADI インターフェース アビッド□■027389026J□■
2461,送料本文 全MIDIポート入出力確認 MOTU USB 1U ラック マウント MIDI インターフェース フェイス 8IN/8OUT INTERFACE 即決有り 管理1004
2462,[良品] Elektron Sid station 入荷希少モデル！ [PL665]【神戸店在庫】
2463,新品未使用品 Roland M-512G 2個 メモリーカード データカード JV1080 JV2080
2464,【J】KAWAI GB-4 Session Trainer セッショントレーナー カワイ 3040735
2465,美品◎YAMAHA ヤマハ ☆RY20 リズムプログラマー RHYTHM PROGRAMMER☆
2466,// Avid Mini-DigiLink (M) to Mini-DigiLink (M) 12ft.(3.6m) //
2467,korg micro key 25 MIDIキーボード USB コルグ　現状品　通電確認
2468,【MOTU】M4　オーディオインターフェース　通電確認済み 動作未確認　中古　20141
2469,E-MU イミュー　サンプラー　ESI4000 音源モジュール　ジャンク
2470,x0xb0x TB303クローン アナログベースシンセ
2471,04S92■Roland　音源モジュール　Fantom XR■
2472,AKAI EB16 エフェクトボード MPC2000XL/S3000XL他
2473,KORG nanoKEY2 USB MIDIキーボード 25キー
2474,UNIVERSAL AUDIO UAD-2 Satellite OCTO CORE USB for Windows
2475,【開封未使用品】 KORG VOLCA SAMPLE 2 DIGITAL SAMPLE SEQUENCER コルグ デジタルサンプルシーケンサー サンプラー ★ 71793-33
2476,動作品 TASCOM タスカム US-1×2 USBオーディオインターフェース ★160v23
2477,【G】E-MU Proteus Orchestra 音源モジュール イーミュー 3010527
2478,M-AUDIO KEYSTATION61 MK3 キーボード USB-MIDI コントローラー 61鍵 ジャンク W9926312
2479,【美品 使用２週間】YAMAHA(ヤマハ) AG03MK2 ライブストリーミングミキサー　オーディオインターフェース
2480,monome Norns Shield 2022年改良型　電源付　モジュラーシンセ　シンセサイザー　アンビエント
2481,Scarlett Solo Studio 第3世代 Focusrite
2482,■Native Instruments■キーボードコントローラー■KOMPLETE-KONTROL-S61■中古/現状品■　★オークション★
2483,ALLEN&HEATH ICE16 16chオーディオインターフェース
2484,YAMAHA ヤマハ KX49 MIDI CONTROLLER KEYBOARD コントローラー MIDI キーボード DTM DAW cubase 動作未確認 即有り
2485,KORG ELECTRIBE ES-1 コルグ エレクトライブ サンプラー リズムマシン★簡易検査品
2486,【C】EMU PROTEUS/1 XR 音源モジュール 228481
2487,M◇中古品◇楽器機材 サンプラー MPC1000 アカイ/AKAI professional MUSIC PRODUCTION CENTER 箱・取扱説明書・電源コードつき
2488,Numa Compact Studiologic スタジオロック　ステージピアノ　midiキーボード 88鍵　手渡し可能
2489,tc electronic Studio konnekt 48 ティーシー　エレクトロニック　プロセッサー　通電OK 動作未確認　写真追加有り
2490,Roland音源モジュールD-110＋音色カード
2491,ローランド サウンドキャンパス●Roland●sound Canvos SC-88VL●音源モジュール●社外ACアダプター付
2492,Nektar ネクター IMPACT LX88+ MIDIキーボード 88鍵盤 付属品有り
2493,【M-2】 Roland D-110 MULTI TIMBRAL SOUND MODULE 音源モジュール ローランド 音出し未確認 傷多め 1234-36
2494,IK ギター用インターフェイス IRIG HD2 00763
2495,◆ 日本ハモンド ACE TONE エーストーン RHYTHM PRODUCER リズム プロデゥーサー マシーン FR-15 1978年制 レトロ 通電確認済み 現状品 ◆
2496,【動作未確認】M-AUDIO エムオーディオ MIDIキーボード Keystation49 ピアノ 楽器
2497,Steinberg スタインバーグ UR-RT2 オーディオインターフェース
2498,Native Instruments / KOMPLETE 12 ULTIMATE UPG FOR SELECT + KOMPLETE KONTROL S49 MK2 SET
2499,★ジャンク品★シーケンサー QX1 YAMAHA ヤマハ
2500,ジャンク YAMAHA 音源モジュール MU100
2501,"BOSS Dr,Rhythm DR-660 ドラムリズムマシン ジャンク品"
2502,EDIROL FA-101 FireWire AudioCapture ケーブル(サンダーボルト変換)付き!! (検 forcusrite zoom u- 2i 4i 6i roland boss scarlett
2503,KORG nano KEY / nano PAD / nano KONTROL セット まとめ MIDIコントローラー ※ジャンク品 》A6813
2504,AKAI アカイ 赤井電機 音源モジュール SG01K GM SOUND MODULE □ 71E83-10
2505,▼ジャンク品▼ アポジー　APOGEE CONTROL Hardware controller for Elements (11625011601025NM)
2506,送料無料! MOFFENZEEF / Muskrat ウェーブテーブル ドラムシンセ ユーロラック モジュラーシンセ 中古 intellijel makenoise
2507,H17 ROLAND EDIROL USB オーディオインターフェース UA-25EX オーディオキャプチャー 24bit 96kHz ローランド 音響機器 音響機材
2508,ZOOM「BTA-1」Bluetooth Adapter 中古動作品
2509,【Sampling CD】 best service - Production Effect Vol.5 / 送料無料
2510,25B006 送料無料 EDIROL オーディオインターフェース/ FireWire AudioCapture FA-101/ 音響 機材通電確認済 動作未確認 ジャンク扱い
2511,正規品Waves IDX Intelligent Dynamics DTM
2512,Lexicon PCM Native Effects Plug-in Bundle Windows
2513,BOSS ボス DR-670 リズムマシン 付属品有り ②
2514,AKAI MPC RENAISSANCE サンプラー
2515,【 J 】 Y7416 Roland TR-505 リズムマシン ローランド
2516,♪ BOSS ボス リズムマシン DR-550MKⅡ コンパクト
2517,1スタ ジャンク　M-track solo エムオーディオ オーディオインターフェース M-AUDIO
2518,YAMAHA MOTIF-RACK ES 音源モジュール シンセサイザー　箱あり　動作確認済み N1
2519,pro tools duet by APOGEE オーディオ インターフェイス 音響機材 中古 O9878607
2520,"ALM Busy Circuits Clock & MIDI 3点セット（Pamela's NEW Workout, Pexp-1, mmMidi）"
2521,Davies 1900h Clone 6.35mm Round Shaft　25個セット　モジュラ　ユーロラック
2522,A347 ★ROLAND ローランド SOUND Convas 音源モジュール SC-88 ジャンク品
2523,【中古】 リズムシンセサイザー KORG EM-1 ELECTRIBE 0
2524,【正規品】AIによる簡単ミックス iZotope Neutron 5 Elements
2525,Celemony Melodyne Studio 5 Windows
2526,Roland 64VOICE SYNTHESIZER MODULE JV-1010 音源モジュール MIDI音源
2527,Roland XV-5080 音源モジュール エキスパンションボード8枚拡張済品
2528,YAMAHA ヤマハ　MU15 ポータブル音源モジュール　取説付き
2529,【 D 】4905 IK Multimedia iRig Keys I/O 25 MIDIキーボード アイケーマルチメディア
2530,13ピン　MIDIケーブル 5m ギターシンセなど　13PIN BUCK-TICK 今井寿　Roland GR-33 GK-02
2531,YAMAHA TX81Z FMシンセサイザー
2532,【G】KORG NS5R 音源モジュール コルグ 3054051
2533,【中古】 オーディオインターフェイス Steinberg UR22C スタインバーグ USBオーディオインターフェース
2534,【 G 】1003 EDIROL UM-550 MIDIインターフェース
2535,[超美品] Native Instruments KOMPLETE KONTROL A61 初心者でも扱いやすい整理された機能/クラス最上級の演奏性 [PL963]【神戸店在庫】
2536,【中古美品】AKAI APC64
2537,●(y) Tascam USB2.0オーディオ/MIDI インターフェイス US-144MK2
2538,E-mu PROTEUS/1 音源モジュール　現状
2539,KORG P3 ピアノモジュール 難あり　ジャンク品
2540,Tidbit Audio　Mini Touch-Sensitive Pressure Plate for Eurorack Doepfer モジュラ
2541,Roland MC-50 MKII MICRO COMPOSER ローランド マイクロコンポーサー　■ma2
2542,◆ YAMAHA ヤマハ MU5 トーンジェネレーター 中古 現状品 250409J6098
2543,現状渡し　簡易動作確認済み　Roland　EDIROL　SD-90　STUDIO Canvas　DTM用音源モジュール　MIDI音源　ローランド　エディロール
2544,YAMAHA VL1-m ヤマハ 音源モジュール
2545,〈BOSS〉リズムマシン　Jam Station　JS-5
2546,Roland DG MIDI PROCESSING UNIT MPU-401 ローランド インターフェース 機材 音楽 DTM ビンテージ 昭和 Interface レトロ 激レア 珍品 お宝
2547,E-MU 音源モジュール PROTEUS 2000【現状品】
2548,YAMAHA ヤマハ ZG02 オーディオインターフェース 音響機器 中古 Y9984458
2549,◇BEHRINGER FCB1010 MIDI FOOT CONTROLLER ベリンガー フットコントローラー 通電確認済 ケース付 MIDIフットコントローラー
2550,■◆ novation 25SL MKⅡ MIDIコントローラー 25鍵　キーボード ノべーション
2551,ROLAND TORCIDO (Modular Distortion)ロ－ランド トーシッド　モジュラー　ディストーション
2552,LINE6 TONEPORT GX GEAR BOX 動作未確認　ジャンク扱い
2553,【一部ジャンク】APOGEE jam&APOGEE jam + 本体のみ
2554,ジャンクKORGスーパーパーカッションDDM-220DRUMS DDM-110 2点セット
2555,【 J 】1337 AKAI EWI USB MIDIコントローラー アカイ 本体のみ
2556,"Apogee One For iPad, iPhone & Mac 送料無料"
2557,★未使用★ midi 音源モジュール Roland SC-88Pro
2558,ARTURIA KeyLab 49 mk2
2559,１円スタート Roland ローランド USBオーディオインターフェイス 音響機器 レコーディング RUBIX-22 本体 24bit/192kHz対応
2560,ACETONE/エーストーン FR-3 リズムマシン (430　レトロ・ビンテージ
2561,Zoom　リズムマシーン　ジャンク
2562,MOTU 896HD オーディオインターフェース（使えますがジャンクとして出品）
2563,YAMAHA TX81Z (中古)
2564,YAMAHA ヤマハ ショルダーキー ボード．現状品
2565,UNIVERSAL AUDIO UAD-2 SATELLITE USB QUAD CORE
2566,(#6906)ROLAND ローランド SoundCanvas SC-88Pro
2567,◇YAMAHA MU80 音源モジュール　ノーチェック　ジャンク◇25-5-N104
2568,Focusrite Scarlett 2i2 オーディオインターフェイス 動作確認済　管理番号1044
2569,RME アールエムイー FireFace UCX Ⅱ オーディオインターフェース 付属品有り ◆ST5/4◆
2570,Roland SP-404 サンプラー コンパクトサンプラー ローランド 250506SK120253
2571,YAMAHA ヤマハ TX81Z 音源モジュール★簡易検査品
2572,★ Audient iD4 USB オーディオインターフェース オーディエント 本体のみ 通電確認 0.6kg
2573,【中古品】TASCAM MiNiSTUDIO CREATOR US-42B オーディオインターフェース 家庭用放送機器【1円スタート】
2574,【中古】YAMAHA MEP4
2575,Dannysound Thru Zero EN129 OSC モジュラー Buchla
2576,Novation LAUNCH CONTROL コントローラー
2577,KORG nanoKONTROL2
2578,送料無料 スタインバーグ Steinberg オーディオインターフェイス UR22C
2579,UAD-2 Satellite Quad Core Firewire　動作品 送料無料!
2580,ティーシーヘリコン(Tc Helicon) ネット配信用マルチエフェクトオーディオインターフェイス GO XLR 国内正規品 1円 売り切り K1869
2581,KS USED audio-technica AT-UMX3 USB オーディオミキサー オーディオインターフェース 音響機材 オーディオ機器 通電確認済 本体 箱付
2582,【G】 KORG NANOKEY-ST MIDIキーボード コルグ 3046246
2583,【G】AKAI CD3000/i サンプラー アカイ 3061473
2584,ROLAND JV-1080 ローランド 音源モジュール●G050Y106
2585,AKAI Professional APC mini MK2
2586,中古 ローランドCM-300 電源アダプター 説明書付き 長期保管品
2587,【Ｇ】YAMAHA MU80 音源モジュール ヤマハ 3046419
2588,KM667●現状品●Roland ローランド SOUND Canvas サウンドキャンバス SC-55mkⅡ SC-55mk2　音源モジュール　通電確認のみ
2589,1円スタート　YAMAHA 　 QY8 シーケンサー リズムマシン 　中古動作品
2590,db Technologies AD122 A/Dコンバーター　DTM/デジタル周辺機器/音響機器★簡易検査品
2591,Jomox MBase 11 エムベース イレブン アナログ ベース ドラム モジュール 音源 音響 中古 美品 N10046633
2592,[7B-75-022-1] YAMAHA MU2000 トーンジェネレーター 音源モジュール AUDIO Capture UA-3/ XGears CD-ROM まとめ売り 通電のみ確認
2593,ARTURIA Minilab mk2 MIDIキーボードコントローラー【未使用品？】リバース　黒鍵盤
2594,Apogee ROSETTA 800-192 動作品 送料無料 元箱 8chマルチケーブルx2 BELDEN電源ケーブル X-Symphony
2595,１円スタート ALESIS Q25 MIDI キーボード ジャンク ◇2547
2596,【極上美品★動作品】TASCAM タスカム US-1800 オーディオインターフェース ドラムレコーディング マイクプリアンプ搭載 MIDI INTERFACE
2597,★ALESIS/アレシス Q49 USB/MIDI KEYBOARD CONTROLLER 49鍵 キーボード コントローラー【通電確認済】 同梱×/D4X
2598,YAMAHA MU2000 EX トーンジェネレーター 音源モジュール シンセサイザー　ヤマハ
2599,EVOLUTION U-CONTROL UC-33e MIDIコントローラー 通電のみ確認 ジャンク品
2600,KORG(コルグ) MIDIキーボード microKEY2 49鍵盤/コントローラー
2601,【G】AKAI professional S6000 デジタルサンプラー アカイ 3046508
2602,アカイ AKAI MIDIコントローラー APC MINI
2603,BEHRINGER ( ベリンガー )X-TOUCH ONE 中古　超美品
2604,【美品】After Later Audio Gold and Black Braided Patch Cables 30cm 5本入り パッチケーブル ユーロラック モジュラーシンセ
2605,Roland Rhythm33 TR-33 ローランド リズムマシーン
2606,ROLAND　SOUND　CANVAS SC-88 PRO 美品
2607,Sonicware Lo-fi 12 XT　限定レトロカラー　ほぼ新品未使用
2608,Roland For SC-88 Demo Song Data フロッピーディスク SMF
2609,A-170V SL DUAL SLEW LIMITER　モジュラーシンセ
2610,STEINBERG ( スタインバーグ ) / UR22C オーディオインターフェイス オマケ付き！
2611,ALESIS VORTEX WIRELESS★アレシス ワイヤレス　キーター★ショルダーキーボードコントローラー
2612,APOGEE DUET オーディオインターフェース。ジャンク 動作はダメの期待でお願い致します。配達無料。JUNK.
2613,MOTU M6 オーディオインターフェイス USB スタジオ仕様 Mシリーズ 音響機器 オーディオ 中古 Y10075189
2614,EDIROL エディロール USBオーディオ・キャプチャー UA-3FX 052
2615,digidesign 888 24 I/O MH068 オーディオインターフェース
2616,D66必見! 未使用品 新品 Cakewalk Roland USB MIDI インターフェース UM-1G MIDI鍵盤
2617,YAMAHA QY-70 ジャンク品
2618,【P】 AKAI MPK MINI MK3 美品 MIDIキーボード USB PCと接続し通電、パネルの表示を確認 送料1000円か無料
2619,管理番号Ec2605【中古】Vestax VCM-600 JUNK ベスタックス DJ マルチトラック リミックス コントローラー ジャンク 現状渡し
2620,BOSS ボス Dr.Sample SP-202 サンプラー ドクターサンプル Y1624
2621,通電確認のみ KORG WS-SR WAVE STATION SR MIDI 音源モジュール コルグ 【現状品】
2622,BOSS リズムマシン Dr Rhythm DR-220A ジャンク品 管理番号05378
2623,【中古】 サンプラー ローランド ROLAND SP-404SX サンプラー
2624,1円～　EDIROL UM-1EX　USB-MIDIインターフェース　ROLAND USB MIDIインターフェイス　UM-2
2625,★Roland AR-3000SD Audio Recorder★OK!!★MADE in JAPAN★.
2626,Roland EDIROL UM-880 MIDインターフェース ローランド
2627,VT0791 ROLAND ローランド MC-50 マイクロコンポーザー シーケンサー ジャンク品 動作未確認
2628,【 G 】2223 Roland QUAD-CAPTURE UA-55 オーディオインターフェース ローランド
2629,YAMAHA TG-300 通電・動作確認済
2630,steinberg CI 1　USBオーディオインターフェース　 オーディオインターフェースYAMAHA スタインバーグ　未動確
2631,◆EDIROL/オーディオインターフェース UA-25（073)◆
2632,★MOTU UltraLite mk3 Hybrid USBオーディオインターフェイス
2633,Roland MIDIプレーヤー SD-35 現状品
2634,[Roland YAMAHA ローランド ヤマハ] SC-D70＋MU500＋おまけ 【ジャンク扱い】
2635,USB MIDISPORT 4X4/ midiman ミディマン・だいぶ使用していないのでジャンクで
2636,即決◆新品◆送料無料AKAI Professional EWI5000J ウインド・シンセサイザー
2637,送料740円～ ジャンク 美品 TASCAM US-32 タスカム ミニスタジオパーソナル MiNiSTUDIO PERSONAL SN:2270025 管理F
2638,Y323-H18-3240 ZOOM ズーム UAS-2 USB 3.0 オーディオインターフェイス 箱・コード・取扱説明書付き 通電確認済み NB
2639,a984 ZOOM オーディオコンバーター オーディオインターフェイス ギター ベース　UAC-8 AUDIO CONVERTER ズーム 楽器 DTM ジャンク　送:100
2640,【G】M-AUDIO Axiom 61 MIDIキーボード 3057474
2641,CubaseLE14最新版
2642,iZotope Ozone 11 Advanced Windows
2643,参考50万 PrismSound Dream AD-1 プリズムサウンド　A/Dコンバーター 　ADC
2644,【送料無料】YAMAHA QR10 サンプリングをシーケンスとMIDIで楽しめる究極の一台 ★ 電源アダプタ付き 完動品
2645,【中古品】MOTU　M2　オーディオインターフェイス　2in2out　モツ（13325060409224AC）
2646,吉 YAMAHA ヤマハ トーンジェネレーター MU100R Tone Generator 音源モジュール PA機器 音響機器 DTM 動作確認済み
2647,B45066 O-05088 Steinberg UR12 USBオーディオインターフェース ジャンク
2648,【G】ICON Platform D2 ディスプレイモジュール 3039258
2649,YAMAHA YCM10 MIDI CONVERTER
2650,Roland ローランド Digital Sampler S-750 18MB拡張済 動作確認済
2651,blukacEndless Processor モジュラーシンセ ユーロラック Mutable Instruments アンビエント　ドローン
2652,【ジャンク】YAMAHA RX11 ヤマハ リズムマシン ドラムマシン MADE IN JAPAN □
2653,【 J 】8843 MOTU 896mk3 オーディオインターフェイス モツ
2654,送料無料【 Elektron Syntakt + 保護カバーPL-2S 】エレクトロン シンタクト シンセサイザー グルーヴボックス シーケンサー ドラムシンセ
2655,送料無料【 LANDSCAPE NOON 】シンセサイザー ドラムシンセ アナログシンセ
2656,iZotope RX11 Advanced Windows
2657,スタインバーグ　Steinberg UR22C　箱無し　中古美品
2658,スタインバーグ Steinberg USB3.0 オーディオインターフェイス 32bit/192kHz グリーン UR22C GN
2659,【全額返金保証】【最速発送】MOTU オーディオインターフェイス M2 超美品 動作確認済
2660,KAWAI R-50III デジタルドラムマシン リズムマシン 音響機材 中古 B10107354
2661,AKAI MPD32 USB/MIDIパッドコントロール
2662,Cubase PRO 9 パッケージ版 USB-eLicenser付属 mac＆windows DTM DAW YAMAHA 【未開封】
2663,ENSONIQ ASR-X 用　SCSIカード
2664,【ジャンク】YAMAHA XU149 SROM/MROM #2598 ボード 2枚セット 音源モジュール用
2665,β人気・レア【AKAI professional MPC500 MUSIC PRODUCTION CENTER ミュージック プロダクション センター サンプリングマシン】ON01745
2666,ZOOM RT-323 リズムマシン
2667,Roland ローランド Expansion Board MADE in JAPAN SRX-03 Studio SRX エキスパンションボード
2668,【送料無料】 Roland ローランド e-MIX STUDIO SP-808EX zip付属 マルチトラックレコーダー サンプラー ミキサー 【ジャンク】
2669,APOGEE Mini-dac 192k
2670,★Roland ローランド GI-20 GK-MIDI Interface MIDI インターフェース★
2671,【G】M-AUDIO KEYSTATION88 MIDI キーボード エムオーディオ 3048875
2672,【 C 】9115 Roland Rubix24 オーディオインターフェイス ローランド 195577
2673,【C】Pearl malletSTATION EM1 マレットステーション パール 3105385
2674,SHURE(シュア) MVX2U マイク用 デジタルオーディオインターフェース
2675,Roland ローランド MC-307 グルーブボックス★簡易検査品
2676,Roland SP-404MkII
2677,KORG Electribe Sx Esx-1 サンプラー 箱付き
2678,★Roland S-330 DIGITAL SAMPLER★OK!!★MADE in JAPAN★
2679,TASCAM USBオーディオインターフェース US-1x2-SN　訳あり新品
2680,E-mu Systems E5000 Ultra サンプラー Sampler ①
2681,ローランド EDIROL STUDIOCanvas SD-20
2682,【動作確認済】【送料無料】AKAI サンプラー MPCシリーズ/Sシリーズ用フラッシュメモリ FMX008M
2683,中古 CASIO RZ-1 DIGITAL SAMPLING RHYTHM COMPOSER リズムマシン/ドラムマシン/コンポーザー※動作未確認／ち
2684,ヤマハ YAMAHA　RX15用　リズムデータバンク２ RHYTHM DATA BANK2　Rock vol.2　テープ版　現状品
2685,【中古】 サンプラー ローランド ROLAND SP-404 MK II サンプラー
2686,KORG/コルグ　MIDI THRU BOX/ミディスルーボックス　　KMT-60 通電OK 本体のみ　美品　ジャンク扱い
2687,● 250613-3609-118 SK300 Native Instruments Komplete Kontrol M32 鍵盤 本体のみ
2688,AVID MBOX-Mini オーディオインターフェイス USBオーディオインターフェース WK
2689,【G】ALESIS SR18 ドラムマシン アレシス 3046915
2690,【J】KORG KR-55 PRO リズムマシン コルグ 3046909
2691,【31】動作未確認 CASIO PT-30 カシオ ミニキーボード ホワイト ELECTRONIC MUSICAL INSTRUMENT エレクトロニック 楽器 DTM DAW
2692,Focusrite オーディオインターフェイス Scarlett 8i6 ※通電確認済 ジャンク品扱い 領収OK t0622-1
2693,Make Noise Strega モジュラーシンセサイザー メイクノイズ 25F 北TO2
2694,Roland AR-200 オーディオレコーダー
2695,Kawai K4R 音源モジュール シンセサイザー
2696,【 G 】9194 YAMAHA KX25 MIDIコントローラーキーボード ヤマハ 77845
2697,nekter MIDIFLX4 USB-4ポートMIDIインターフェイス/マージボックス
2698,Joranalogue Filter 8 モジュラーシンセ フィルター ユーロラック
2699,【ボード5枚増設】Roland XV-5080 音源モジュール
2700,iRig HD2 動作確認済み　ik multimedia
2701,Roland/EDIROL UA-25EX
2702,UA-4FX Roland EDIROL オーディオインターフェイス 動作未確認【管4112T】
2703,1円スタート！BOSS SP-303 サンプラー Dr Sample ローファイ
2704,1円スタート！KORG Monotribe モノトライブ アナログシンセ グルーヴボックス
2705,【送料無料！】新品未開封! ROLAND SP-404MKII サンプラー
2706,ZOOM UAC-2 オーディオインターフェイス ズーム 25F 北TO2
2707,★ SONICWARE LIVEN Texture Lab グラニュラーサンプラー★
2708,Roland ローランド Rubix24 オーディオインターフェース ◆SR6/49◆
2709,中古品　BOSS リズムマシン DR-770　動作確認済み
2710,【中古】 リズムマシン ROLAND TR-8 Rhythm Performer ローランド
2711,Roland ローランド オーディオインターフェース UA-25 ジャンク
2712,◆ROLAND/マイクロコンポーザー　MC-50 MKII　（006）◆
2713,ネコポス無料！旧規格 角2P → 3P IEC320 (C14/C16) 変換 電源プラグ アダプター ビンテージシンセ機材 @アカイ AKAI/KORG/ROLAND/BOSS
2714,AKAI アカイ S5000 サンプラー 電源コード付き★動作未確認品【TB】
2715,NATIVE INSTRUMENTS MASCHINE MK3 ネイティブインストゥルメンツ MIDIコントローラー 25F 北TO3
2716,AKAI アカイ MPK61 MIDIキーボード★動作未確認品
2717,【D】YAMAHA RX7 リズムマシン ヤマハ 3050216
2718,◆YAMAHA 【 MU2000 / UW500　】HELLO! MUSIC! 2000 AUDIO ヤマハ 音源モジュール/オーディオインターフェース HMS-2000AW ◆
2719,KORG nanoPAD2 MIDI コントローラー コルグ USB
2720,095 M-AUDIO エムオーディオ OXYGEN PRO MINI MIDIキーボード 32鍵 本体のみ ※現状品
2721,AVID SYNC HD 9900-38924-00 Audio Processor HDマスタークロック 音響機材 中古 S10013143
2722,【★13-579】■中古■Roland Edirol オーディオキャプチャー UA-102（0759）
2723,Roland A-49 MIDI キーボード 音楽 楽器 現状品 中古 C10132774
2724,CubaseLE14最新版
2725,Roland CR-5000 パラアウトMOD 動作品 難有 ビンテージリズムマシン
2726,中古　korg volca beats アナログリズムマシン
2727,7-13♀Roland/ローランド MIDIキーボード A-300PRO♀
2728,06S91■YAMAHA　音源モジュール　MU80■
2729,DiGiGrid DLS Pro Tools用 オーディオインターフェース
2730,【 G 】566 YAMAHA RX5 リズムマシン ヤマハ 3084811
2731,【通電確認品】AUDIENT/オーディエント オーディオインターフェース evo 4 配信/ストリーミング/宅録/60サイズ
2732,正規品 ギター音源 UJAM Virtual Guitarist Sparkle 2
2733,【M-AUDIO Axiom 25 本体 25鍵盤 セミウェイテッド MIDIコントローラー】
2734,YAMAHA ヤマハ USB AUDIO steinberg UR22 オーディオ インターフェイス スタインバーグ 音楽 機材 通電確認のみ
2735,Xfer Records Serum 2 Windows
2736,YAMAHA　KX61　MIDIキーボード
2737,【 G 】690 Roland XV-5080 音源モジュール ローランド 3062211
2738,YAMAHA QX3 DIGITAL SEQUENCE RECORDER ヤマハ デジタル・シーケンス・レコーダー
2739,SONICWARE SmplTrek 高容量充電池x6 SDHCカード32GB 付き ポータブルサンプラー 中古美品
2740,ば-214 Roland ローランド MIDI音源モジュールSOUND Canvas SC-88Pro 通電動作確認済み
2741,iCON Upod.Pro 未チェックJUNK品
2742,BOSS Dr. Rhythm GRAPHIC リズムマシン DR-110 ボス　現状品
2743,YAMAHA WX7 ウィンド MIDI コントローラー シンセサイザー ハードケース付き 送料無料(z-1801)
2744,☆ Roland ローランド CM-32L サウンドモジュール 中古 現状品 250702K3282B
2745,f146*80 【現状品】 【1円～】ROLAND ローランド SoundCanvas SC-88Pro Q59584 A96TF203003
2746,BOSS Dr. Rhyyhm DR-55 ボス・アナログ・リズムマシン・ローランドRolandリズムボックス/ドクター・リズム
2747,正規品 Celemony Melodyne 5 Essential 歌ってみた
2748,♪▲【DIGIDESIGN/ROLAND】オーディオインターフェース/音源モジュール 2点セット MBOX2 PRO/CM-32LN 0710 23
2749,RME FIREFACE 400 ジャンク
2750,RME ADI-2 DAC FS　AKM版
2751,未開封 KORG リズムボックス KR mini RHYTHM DTM リズムマシン リズムマシーン 楽器 器材 コルグ
2752,Solid State Logic SSL 2 MKII ソリッド ステート ロジック アンプ オーディオインターフェース 中古 N10215981
2753,Roland 64VOICE SYNTHESIZER MODULE JV-1010 音源モジュール MIDI音源
2754,YAMAHA ヤマハ AG06MK2 2022年製 ライブ ストリーミング ミキサー 配信 通電確認 中古 O10215445
2755,403 RME fireface 800 オーディオインターフェース
2756,正規品 Arturia Augmented Mallets Play マリンバ ヴィブラフォン マレット音源
2757,Steinberg IXO12 オーディオインターフェース 動作未確認　付属品なし　中古現状品(60s)
2758,＊　ヤマハ YAMAHA　XG ハード 音源　MU1000　＊　取扱説明書・アダプター・CD-ROM 付　＊　動作確認済　＊　美品！です　＊
2759,"旧規格角2P(2SQ)→3P変換プラグ。ビンテージAC電源コード、AC電源ケーブル。AKAI,KAWAI,KORG,ROLANDのアナログシンセや初期のサンプラー"
2760,ジャンク扱い 起動確認のみ YAMAHA ヤマハ RY30 RHYTHM PROGRAMMER リズムプログラマー リズムマシン [TK25-0715-3]
2761,Roland GO:MIXER スマートフォン用 オーディオインターフェース
2762,KORG MIDI 3点セット　①micro KEY2-37 MIDI キーボード 37鍵盤　②nanoPAD 2 BK　③nanoKONTROL 2 BK
2763,★YAMAHA DX1/DX5/DX7/DX9/DX21/DX27/DX27S/DX100/KX88/DMP11 SLIDER KNOB スライド フェーダー★
2764,PRESONUS プレソナス AudioBox iTwo オーディオインターフェース★動作未確認品【TB】
2765,AKAI PROFESSIONAL EWI SOLO シンセサイザー 電子楽器 アカイ 中古 S10226165
2766,【GLB】中古 未メンテ nektar PANORAMA T4 ネクター キーボード MIDI 本体のみ 【通電確認済み】°
2767,YAMAHA　MDP-5 モバイルデータプレーヤー（MIDI音源）
2768,【美品・完動品】ローランド SC-88Pro MIDI/USBケーブル・MIDIプレイヤーソフト・接続説明書同梱
2769,【G】YAMAHA MU80 音源モジュール ヤマハ 3051734
2770,【 G 】8094 Ableton Push 2 コントローラー エイブルトン 3085254
2771,正規品 IK Multimedia T-RackS Tape Echo Vintage Tape Delay 定番ディレイ プラグイン
2772,Focusrite フォーカスライト オーディオインターフェース ヘッドホンセット【DGAQ6022】
2773,RANE オーディオインターフェース SL4 通電のみ
2774,【 G 】1271 steinberg UR22mkii オーディオインターフェイス スタインバーグ 077693
2775,◆YAMAHA【QX5】デジタルシーケンスレコーダー シーケンサー USED品 通電確認済 ヤマハ
2776,HAGIWO MOD2 ハード組立済 DIYドラム音源モジュール　Eurorack モジュラーシンセ　①
2777,★中古品　STEINBERG ( スタインバーグ ) / UR22C オーディオインターフェイス
2778,完全動作品 Roland JV-1080 音源モジュール JV-2080 XV-5080
2779,YAMAHA RX8 リズムマシン ACアダプター、取扱説明書付属
2780,APOGEE Symphony Desktop
2781,KORG DDD-5 リズムマシン　本体・マニュアル・パネルのみ　ジャンク品（送料込み）
2782,YAMAHA YMC-10 MIDI Converter ミディコンバーター ヤマハ ジャンク N10247724
2783,ENSONIQ ASR-X
2784,【訳あり】[中古] KORG microKEY2-49AIR Bluetooth接続できないため特価 [SLM46]【梅田店在庫】
2785,Roland ローランド Fantom XR 音源モジュール★ジャンク品
2786,"【GLB】中古 未メンテYAMAHA ヤマハ AUDIOGRAM3 オーディオインターフェイス 動作確認済み 本体のみ 未メンテ品.,"
2787,送料無料 Steinberg/スタインバーグ UR22mk2 USBオーディオインターフェース 説明書＆Tool for UR22mkⅡCD付属 /USB AUDIO INTERFACE
2788,Elgato マイクインターフェース　Wave XLR
2789,美品　4ms Pod48X (Powered)　元箱　国内正規品　モジュラーシンセ　ユーロラック　ケース
2790,M-AUDIO KEYSTATION61MK3 MIDIキーボード 61鍵盤 ジャンク品 ※USBでの通電確認のみ (管理番号：059112) a140
2791,kaerucafe AKAI professional Sound Tips Vol2 Orchestra The Air sessions
2792,【ジャンク】Digidesign Digi002 デジデザイン オーディオインターフェース デジタルミキサー MX002 ※引取り可 □
2793,【C-2】 Kawai GMega 音源モジュール 通電確認済み 出音動作未確認 4193-62
2794,【G】ANTELOPE AUDIO ZEN Q Synergy Core オーディオインターフェース アンテロープ オーディオ 3095040
2795,☆362☆ TASCAM タスカム US-2x2 オーディオインターフェース
2796,AUDIENT オーディエント iD22 オーディオインターフェース ◆SR7/22◆
2797,MOTU UltraLite mk3 Hybrid（USB＆FireWire）10イン/14アウト モツ オーディオインターフェイス【動作品】
2798,KORG KR mini
2799,KORG コルグ DDM-220 Super Percussion リズムマシン★ジャンク品
2800,送料無料 Steinberg/スタインバーグ UR22mk2 USBオーディオインターフェース 説明書＆Tool for UR22mkⅡCD付属 /AUDIO INTERFACE
2801,FOCUSRITE Scarlett 2i2 （gen. 4） オーディオインターフェイス
2802,◆KORG【nanoKEY2】スリムラインUSBキーボード USED品 コルグ
2803,ローランド SC-8850 音源モジュール 動作確認済 美品（やや傷あり）
2804,動作確認済【NATIVE INSTRUMENTS ネイティブインストゥルメンツ/KOMPLETE AUDIO 6】USB2.0ケーブル付き
2805,【 J 】 Y10101 KORG EX-800 プログラマブル シンセモジュール コルグ 042712
2806,F-06 LINE6◆オーディオインターフェース Sonic Port VX◆ジャンク
2807,♪▲【YAMAHA ヤマハ】音源モジュール MU80 0804 4
2808,【G】TASCAM US-366 オーディオインターフェース タスカム 3110337
2809,XKey 37 MIDI キーボード コントローラー USB CME PRO 薄型 コンパクト フルサイズ 37鍵盤 ESI DTM DAW アルミ製 モバイル 付属品あり
2810,【DTMセット】Roland Rubix22 + M-Audio Keystation Mini 32 MK3 + USBケーブル付き
2811,PEAVEY Spectrum Bass 動作チェック済み
2812,ヤマハの音源モジュール.MU500です
2813,EDIROL by Roland UA-25EX オーディオインターフェース エディロール 24bit 96khz ローランド USB Audio Capture
2814,NA38061 マオノ オーディオインターフェース ミキサー AU-AM200 マイク付き MAONO 中古
2815,YAMAHA/ヤマハ 　リズムマシン　 RX11 2F19AA
2816,LANDR Plug-in Collection Windows
2817,KORG SUPER DRUMS DDM-110
2818,YAMAHA ヤマハ　DTXPRESS　 電子ドラム　音源モジュール　通電OK　 現状品
2819,Roland ED SOUNDCanvas SC-8820 音源モジュール 音響機材 中古 Y10284732
2820,【ジャンク品】BOSS ボス Dr.Rhythm ドクターリズム DR-220A ho8-18
2821,動作保証品 M・U・S・I・C NETWORK Music Bank TMN1 ミュージックバンク 箱付【PP
2822,BEHRINGER BCR2000 B-CONTROL ROTARY - ベリンガー
2823,【 D 】 Y10191 Native Instruments MASCHINE Studio MIDIコントローラー 【元箱付き】 3097222
2824,YAMAHA ヤマハ AG06 ミキサー オーディオインターフェース 音響機材 （取説・箱付き）
2825,RME ADI-2pro 完動品　送料込み
2826,AKAI EXM01 - Memory expansion board for AKAI S01 sampler 爆レア！！
2827,サンプリングCD RHYTHM GUITAR & FX Creative Essentials
2828,FILTERX II 〓 oakley アナログラダーフィルター デュアル moog式 〓
2829,★Roland EXPANSION BOARD SR-JV80-11 TECHNO COLLECTION★OK!!★MADE in JAPAN★
2830,★AKAI S1000PB OUTPUT (LEFT/RIGHT/EFFECT) L6009A5030★OK!!★Made in Japan★
2831,Roland EDIROL UM-550/UM-880パラメーター シート
2832,AKAI S1000 アカイサンプラー　部品　パーツ　動作確認済み　ジャック　インプット　6.3mm JACK INPUT BOARD
2833,【送料無料】Pumpkin Pi 24bit 96kHz ADC
2834,▲ KORG コルグ MR-16 MIDI リズムサウンドユニット ドラム ▲
2835,【Roland】TR-8 ローランド
2836,KORG Symphony 取扱説明書
2837,MIDIケーブル 1M Tech TM-100 BLK 1.0m
2838,AKAI MIDI キーボード MX1000 MASTER KEYBOARD 中古
2839,★AKAI S Series EXM3002 2MB MEMORY 1words (L6028B5030)★OK!!★MADE in JAPAN★
2840,MIDIキーボード 61鍵 ARTURIA アートリア KeyLab Essential 61 mk3 BK 61鍵盤 Analog Lab Vなどバンドルソフト キーラボエッセンシャル
2841,★YAMAHA A4000 PROFESSIONAL SAMPLER HDD 40GB MO 230MB★OK!!★MADE in JAPAN★
2842,YAMAHA ヤマハ　デジタルシーケンサー　QX-3　#589466
2843,【42933e4f】ジャンク 通電/動作未確認 KAWAI Q-80 ※電源コード無
2844,AKAI MPC3000専用 SD化完全キット SCSI外部ポート使用可能 穴あけ加工不要 期間限定価格！
2845,EDIROL AUDIO Capture UA-20 ★ジャンク品★
2846,◆ digidesign ◆ XMON / 9100-31085-01 / ジャンク
2847,Y3022★ DIGITAL SAMPLER デジタルサンプラーローランド RolandS-550
2848,qu bit nano rand v2 2hp moog Instruo intellijel hikari doepfer erica synths noise error instruments mutable make engineering wmd
2849,【完動品】ARTURIA Arturia KEYLAB61 MIDIキーボード MIDI ホワイト Essential アートリア (1333)
2850,YAMAHA MIDIキーボード CBX-K1XGs XG音源内蔵 スピーカー内蔵 CBX-K1XG ヤマハ 本体のみ
2851,APOGEE アポジー Symphony 64 PCIemカード 未チェック 現状品 管理番号10190
2852,♪OMS OPCODE Studio4 MIDIインターフェース ユニット オプコード 動作未確認 ※ジャンク品扱い ■８０
2853,YAMAHA TG55用カード STRINGS SECTION 2枚セット 動作チェック済み
2854,Malekko Heavy Industry Varigate 4+
2855,BOSS ボス GCS-5 Gigcaster 5 オーディオストリーミングミキサー
2856,Doepfer A-174-2 WHEELS ユーロラック モジュラーシンセ
2857,通電確認済み digidesign MH96 オーディオインターフェース デジデザイン ジャンク 現状品
2858,Roland SP-555 DJサンプラー ローランド ACアダプター付き
2859,Make Noise Wogglebug ランダムボルテージジェネレーター
2860,○AKAI MPC 交換用16PAD 蛍光グリーン レア色！美品！！MPC60・60II MPC3000 MPC2000 MPC2000XL MPC2500 MPC4000 MPC5000 等対応
2861,KORG コルグ　スマートフォンで誰でも簡単に高音質録音・録画を実現　PianoRec ピアノレック
2862,Roland D-110 整備済品
2863,★Akai S6000/S5000 DISPLAY★OK!!★MADE in JAPAN★
2864,正規品UJAMシンセ Usynth CORE UJAMらしさが溢れる新しいシンセ
2865,あ-8020）M-Audio Keystation 61 MK3 USB/MIDIキーボードコントローラー ジャンク品
2866,袋付き Native Instruments F1 X1 Z1 専用スタンド TRAKTOR KONTROL STAND
2867,YAMAHA QX3用 高輝度イエローグリーン LEDバックライト液晶ディスプレイ
2868,Yamaha DD-7 ドラムマシン ヤマハ 現状渡し ジャンク -c913
2869,Edirol UR-80 オーディオインターフェイス エディロール ジャンク 現状渡し -c930
2870,■即決！Roland ローランド TR-8S ドラムマシン リズムマシン
2871,37★〇 BOSS DR-5 Dr.Rhythm Section / ボス ドクターリズムセクション リズムマシン 〇★
2872,スタインバーグ Steinberg USB3.0 オーディオインターフェイス UR24C 箱 取説 ケーブル付 目立つキズ 汚れ等なくきれい　m
2873,送料無料　AKAI アカイ MIDIキーボード MIDIパッドコントローラー USB mini
2874,貴重！おすすめ！中古美品！　ローランド　ROLAND SP-404 MK II サンプラー
2875,【中古・送料込】MOTU 828x オーディオインターフェイス
2876,4ms Pingable Envelope Generator [PEG] ユーロラック モジュール Eurorack Module レア
2877,01D19■ZOOM　UAC-2 オーディオインターフェース■
2878,【中古】 ROLAND Rubix44 USB AUDIO INTERFACE オーディオインターフェイス
2879,【都内手渡し可能】Joranalogue Collide 4 モジュラーシンセ ユーロラック
2880,★YAMAHA MU100B (TG300B) Tone Generator★OK!!★MADE in JAPAN★
2881,レア！ AKAI IB-208P 8パラ MPC2000XL MPC2000 増設オプション！
2882,AKAI LPD8 LAPTOP PAD CONTROLLER 中古品
2883,カワイ・Session Trainer セッショントレーナー★ KAWAI GB-4 ★ACアダプタ・取扱説明書付き・難あり
2884,Roland JP-8080 アナログシンセサイザー
2885,KORG コルグ SQD-8 8トラック MIDI レコーダ マルチトラック シーケンサー　本体のみ
2886,【極美品 必見！】 Roland ローランド ★ リズムマシン 1970年代 ★ リズムアレンジャー ★ Rhythm Arranger TR-66 ★ 元箱発送
2887,♪▲【Roland ローランド】音源モジュール MT-32 0213 4
2888,★ NATIVE INSTRUMENTS / KOMPLETE 14 ULTIMATE ★
2889,FOCUSRITE CLARETT 2Pre オーディオインターフェイス ジャンク
2890,Roland 音源モジュール ROLAND U-220 ローランド 通電確認済み
2891,RME fireface ufx コンバーター
2892,NATIVE INSTRUMENTS TRAKTOR KONTROL S4 MK2 MIDIコントローラー 音響機器 ジャンク K9714691
2893,M-AUDIO KEYSTATION 49 MK3 MIDIキーボード 音響機材 エムオーディオ 中古 O9684906
2894,MOTU M2
2895,【ジャンク品】pocket operator PO-16 factory ポケットオペレーター
2896,Teenage Engineering EP-133 K.O. II
2897,【A-2】 Focusrite Scarlett2i オーディオインターフェース 元箱&説明書付き 動作確認済み フォーカスライト 2981-94
2898,Presonus AudioBox GO オーディオインターフェース プリソナス
2899,ALESIS ( アレシス )SR-16 リズムマシン/ドラムマシン
2900,EDIROL Roland UM-3EX USB MIDI Interface MIDIインターフェース
2901,Roland Rubix 22 オーディオインターフェース ローランド
2902,Steinberg UR22 mk2 mkⅡ オーディオインターフェース スタインバーグ 250212SK090242
2903,【１円スタート】AVID Protools HDX Card +HD I/O 8×8×8 セット ケーブルおまけ【匿名配送/送料無料】DAW プロツールス 録音 Rec
2904,KORG MIDI USB コントローラー nanoPAD2 本体と付属品一式　未使用品　通電確認済み　動作未確認
2905,KORG microKEY AIR MICROKEY 2-37AIR コルグ MIDI キーボード
2906,【 G 】1749 Roland CM-64 音源モジュール ローランド 本体のみ
2907,【質Banana】通電確認のみ AKAI professional RIFF-O-MATIC U400 アカイ/バリアブルテンポ／コンスタントピッチ/フレーズ/レコーダー/サン
2908,●Tascam USB2.0オーディオ/NIDI インターフェイス US-122MK2
2909,Roland ローランド TR-505 RHYTHM COMPOSER マニュアル付〈ジャンク〉
2910,Roland JV-1080 4x 音源モジュール 拡張ボード4枚搭載
2911,Steinberg UR242 オーディオインターフェース 通電確認済み 箱付き QH031-184
2912,Focusrite フォーカスライト Scarlett Solo オーディオインターフェース 本体ジャンク
2913,PreSonus Studio 2|6 オーディオインターフェース DTM 配信 Vtuber
2914,YAMAHA RM1X SEQUENCE REMIXIER シーケンサー リズムマシン【音出し確認済み】【現状品】
2915,PreSonus STUDIO 24C オーディオインターフェース 音響機材 中古 W9751425
2916,送料無料 取説付 動作確認済みYAMAHA TG55 Tone Generator
2917,Roland CM-64 ローランド 音源モジュール　ACアダプター POP DATA CARD PN-JV80セット
2918,Presonus Audio Box iTwo
2919,送料無料 美品 即決 RME Advanced Remote Control オーディオインターフェース FirefaceUFX/802/UCX/MADIfaceXT対応リモートコントローラー
2920,◆ROLAND A-49-BK　MIDIキーボード・MIDIコントローラー
2921,【中古美品】PreSonus MONITOR STATION V2
2922,YAMAHA 音源モジュール TG77 ビンテージ　動作不明
2923,【通電確認済み】YAMAHA EX5R Tone Generator 音源モジュール　ジャンク
2924,【通電確認済み】KAWAI K5000R カワイ Advanced Additive ジャンク
2925,★★★【動作品】t.c. electronic FireWire DeskTop Konnekt 6　ティーシーエレクトロニック　オーディオ・インターフェイス
2926,未開封　novation(ノベイション) Launchkey Mini 37 MK4 37鍵 USB MIDIキーボード
2927,【簡易動作確認済】PreSonus AudioBox iTwo オーディオインターフェイス 配信/ストリーミング/宅録/60サイズ
2928,【1円スタート！現状お渡し品】Alesis iO4 オーディオインターフェース
2929,AKAI MPC3000専用 SD化完全キット SCSI外部ポート使用可能 穴あけ加工不要 期間限定特価！
2930,【G】UNIVERSAL AUDIO Apollo Twin X UAD2 QUAD CORE オーディオインターフェース ユニバーサルオーディオ
2931,1円【ジャンク】Pioneer パイオニア/音源モジュール/Sound Canvas SC-88 Pro/DTM-88PW/67
2932,【未使用・ストック品】VESTAX (ベスタックス) / NORMAL_KNOB [交換フェーダー クロスフェーダー]
2933,3月末まで！iRig pro duo studio suite Deluxe 新品　未開封
2934,ALM Busy Cir ユーロラックモジュール HPO ヘッドフォンアウト (モジュラーシンセ DOEPFER MALEKKO MAKENOISE INTELLIJEL 4MS ALM MUTABLE)
2935,★AKAI MPC2000XL/S5000/S6000/CD3000XL other TEAC FD-235HF A549 U5 FLOPPY DRIVE★OK!!★MADE in JAPAN★
2936,KORG nanoKEY-FD LO Lava Orange 25鍵 USB-MIDI キーボード
2937,【BOSS】寅②94//BOSS DR-550MKⅱ/Dr.Rhytm/リズムマシン/楽器機材/説明書.付属付き
2938,使用時間少　ALM Busy Squid Salmple　モジュラーシンセ　サンプラー　元箱付属品あり　ユーロラック　akai
2939,TASCAM タスカム MiNiSTUDIO CREATOR US-42 USBオーディオインターフェース 配信機器 外観美品
2940,digidesign 003RACK+ 通電チェックのみ　中古品　ジャンク品 オーディオインターフェース
2941,[超美品] Arturia KEYLAB 88 MK1 BLK 88鍵盤MIDIキーボード/コントローラー [NLG71]【神戸店在庫】
2942,KORG nanoKEY Studio MIDIキーボード コルグ
2943,管理番号=c3118393【中古】AKAI Fire JUNK アカイ FL Studio用コントローラー ジャンク 現状渡し
2944,管理番号=c3118614【中古】Native Instruments MASCHINE JAM & DECKSAVER JUNK ジャンク 現状渡し
2945,KORG コルグ microKEY2-61 61鍵盤 MIDIキーボード ケーブル&箱付き
2946,Roland サウンドモジュール INTEGRA-7 ラックケース付き ローランド ▽ 717CC-1
2947,ROLAND SC-8850 SOUND CANVAS
2948,【F-4】 AKAI CD3000XL STEREO CD-ROM SAMPLER サンプラー 詳しく動作不明 CDトレー動作不良 画面暗め 傷や汚れ多数 現状品 3118-212
2949,EDIROL 24 bit 96 kHz USB Audio Capture UA-25 オーディオ インターフェース 中古 現状品
2950,【ジャンク】 YAMAHA ヤマハ MUSIC SEQUENCER ミュージックシーケンサー QY100
2951,UAD-2-SATELLITE-TB2-OCTO
2952,AKAI ドラムマシン XR20
2953,【 J 】2874 BOSS Dr.Sample SP-303 サンプラー ボス
2954,●Fireface UCX オーディオインターフェース ファイアフェイス　通電確認　OK
2955,【 J 】2933 RME FIREFACE 400 オーディオインターフェース
2956,iZotope RX11 Advanced Windows
2957,iCON PLATFORM M+ & PLATFORM D2
2958,YAMAHA FM MUSIC cmpose YRM-15 MIDI UNIT SMD-01 MIDI EXPANDER ＹＭＥ8
2959,HAGIWO MOD1 ハード組立済 DIYモジュール　Eurorack モジュラーシンセ　①
2960,【USED】1円スタート ≪ KURZWEIL カーツウェル Micro Piano ≫ 動作未確認 通電未確認 電源ケーブルなし 箱なし 取扱説明書付 JUNK
2961,サンプリングCD「Deepest India　ディーペスト・インド　Zero-G」輸入盤・3枚組・美品・ジャケ盤面新品同様
2962,【 B 】5347 KORG electribe2s サンプラー シーケンサー コルグ
2963,IK Multimedia iRig HD 2 自宅録音 garageband ライブ amplitube 美品中古 ★License transfer未処理のため格安★ USBインターフェイス
2964,【完動／超美品】Universal Audio Apollo Twin X/QUAD Heritage Edition Thunderbolt 各種ケーブル付 オーディオインターフェース
2965,EPOS ゼンハイザー GSX-1000 ゲーミングPCオーディオ機器 激安１円スタート
2966,【ジャンク】[中古] Native Instruments KOMPLETE KONTROL S49 MK2 MK1から大幅に進化/音楽制作の幅を広げる1台 [NLE82]【神戸店在庫
2967,Dtronics DT-303 アシッドサウンドエフェクトユニット　roland TB-303 などに！　dtm daw
2968,レア 歌ネタ・声ネタの宝庫 サンプリング CD MIDI MARK「 VOCAL BYTES 2 」輸入盤 サンプリング素材
2969,現状品■京王技研　KORG リズムマシン Mini Pops 7
2970,レア MIDI ファイル データ素材集 「 newtronic Eurobeat ユーロビート 」輸入盤 フロッピー
2971,【ほぼ未使用・美品】UR22mkII Steinberg オーディオインターフェイス
2972,I5379/AKAI Professional MPC2000XL サンプラー アカイ
2973,Focusrite Scarlett Solo オーディオインターフェイス 中古 良好 T9716198
2974,MICROKEY2-37AIR MIDIキーボード　KORG
2975,25名/C001658-6/MR6000/R041-206/【名古屋】YAMAHA ヤマハ SAMPLING UNIT サンプリングユニット SU10 サンプラー
2976,美品 UNIVERSAL AUDIO VOLT176 オーディオインターフェース 動作問題無し
2977,STEINBERG UR44C オーディオインターフェース
2978,★Digidesign 003 通電確認のみ 現状品 管理番号03286
2979,モジュラーシンセ ユーロラック erica synths pico output dtm daw
2980,STEINBERG スタインバーグ 2x2 USBオーディオインターフェイス UR22 オーディオインターフェース USB2.0 ケーブル
2981,YAMAHA KX88 ヤマハ MIDI キーボード ハードケース付き
2982,M-audio key station mini 32 MIDIキーボード 中古 W9824517
2983,ROLAND SOUND EXPANSION M-SE1
2984,【G】Roland STUDIO-CAPTURE UA-1610 オーディオインターフェース ローランド 157883
2985,[6/30までの特価] YAMAHA TG77用 高輝度ブラック LEDバックライト液晶ディスプレイ
2986,3/23 *14■KORG DRM-1■コルグ デジタル リズム 音源モジュール【中古/現状品/動作未確認ジャンク】
2987,16アナログイン　マイクプリ　Focusrite Scarlett 18i20 3rd Gen. / OctoPre セット　極美品
2988,M660 Synthax Japan / シンタックスジャパン FIREFACE 400 オーディオインターフェイス 動作未確認
2989,D938-80【通電確認済み】USB/MIDIパッドコントローラー AKAI Professional MPD226 USB/MIDIパッドコントローラー 本体のみ/t
2990,★AKAI MPC2000/MPC2000XL FRONT BAR PANEL★OK!!★
2991,Native Instruments KOMPLETE KONTROL A49 MIDIキーボード トランスファーID付属
2992,Y-5-10889-UF10-Roland ローランド-DTM-88PW 音源モジュール サウンドモジュール DTM-通電動作確認済
2993,【動作確認済】 BOSS リズムボックス DR-01S Rhythm Partner [7-1] No.6709
2994,Korg USB DAC DS-DAC-10R
2995,03D81■KORG　KAOSSILATOR カシオレーター KO-1 元箱付属■
2996,E-MU VINTAGE KEYS 音源モジュール ジャンク品
2997,AKAI Professional FIRE FL Studio 専用 MIDIコントローラー ドラム パッド 中古 T9833058
2998,Roland ローランド MT-32 サウンドモジュール
2999,★AKAI MPC2000／S-1000／SL3013／SL1070／WS3002 ROCK／WS3006 HOUSE／SL1002／AKAI S1100★アカイ/ジャンク品/消費税0円
3000,★AKAI★S6000 Ver2.12/256MBメモリー/10GB HDD/USBオプションボード付 サンプラー★
3001,オーディオインターフェース スタインバーグ UR12
3002,★Roland VS8F-2 Effect Expansion Board★OK!!★MADE in JAPAN★
3003,KORG コルグ i5M INTERACTIVE MUSIC MODULE シンセサイザーモジュール★ジャンク品
3004,N8996a CASIO/カシオ MIDI MASTER KEYBOARD GZ-5 ミニキーボード 鍵盤 楽器
3005,RME Hammerfall DSP multiface
3006,APOGEE duet　firewire接続　オーディオインターフェイス　元箱　付属品すべてあります。
3007,Rolad オーディオインターフェース UA-100G 本体のみ動作未確認 ジャンク
3008,ZOOM RhythmTrak…234　 本体・純正アダプターのみ
3009,2874　Native Instruments 音楽制作システム MASCHINE MK3 中古
3010,★novation LAUNCH PAD PRO コントローラーパッド
3011,◆ M-AUDIO エムオーディオ M-TRACK SOLO オーディオ インターフェイス 通電確認済み
3012,YAMAHA WX7 ヤマハ●G030Y046
3013,1303 【ジャンク】KENTON ケントン THRU-5 MIDIスルーボックス
3014,ヤマハ　リズムマシン　digital rhythm programmer RX15
3015,CM Labs MotorMix　MIDI コントローラー/ミキサー/モーターフェーダー/レコーディング/Protools
3016,RE3591 Roland ケークウォーク Cakewalk midi キーボード A-500S 通電確認済み　現状品　0401
3017,Celemony Melodyne Studio 5 Windows
3018,YAMAHA MU100R ジャンク品として
3019,動作品 Roland サウンドモジュール CM-64 LA/PCM （DM-64N-4） ローランド 取説付【20
3020,Sampling CD） PowerFX - The Drummers of Motown /Audio-CD / CD-MT1
3021,8/131☆ZOOM　TAC-8　オーディオインターフェイス　写真追加あり☆B1
3022,★AKAI MPC2000/MPC2000XL/S5000/S6000/CD3000XL other FLOPPY DRIVE TEAC FD-235HF 7549 U5★OK!!★MADE in JAPAN★
3023,【現状品】コルグ 03R/W MIDI音源モジュール サウンドモジュール KORG
3024,403 Roland OCTA CAPTURE オーディオインターフェース
3025,[New In Box] Arturia Keylab 61 - 61 touch midi/usb keyboard + software
3026,E-MU Ultra Proteus 通電チェック済み　ジャンク品扱い
3027,monome Norns Shield 2022年改良型　電源付　モジュラーシンセ　シンセサイザー　アンビエント
3028,E871 通電確認のみ ジャンク品 NATIVE INSTRUMENTS ネイティブインストゥルメンツ　MIDI M-シリーズキーボード KOMPLETE KONTROL M32
3029,digidesign オーディオインターフェース 192 通電のみ確認
3030,Oberheim（オーバーハイム） Matrix-6R 6ボイス アナログシンセサイザー 音源モジュール
3031,KORG ELECTRIBE EM-1 エレクトライブ リズムマシン DTM
3032,Solid State Logic SSL 2 USB オーディオインターフェイス 簡易動作確認済 250331RM440269
3033,★YAMAHA ヤマハ VL1-M 音源モジュール★
3034,ALESIS QSR 音源モジュール 音源カード2枚付き
3035,レア！ AKAI IB-208P 8パラ MPC2000XL MPC2000 増設オプション！
3036,Native Instruments／KOMPLETE KONTROL A25
3037,Steinberg オーディオインターフェース デスクトップタイプ UR28M
3038,フルサイズ49鍵盤IK Multimedia iRig Keys I/O 49 オーディオインターフェースMIDIキーボード
3039,SONICWARE SmplTrek 中古美品 SDカード・マニュアル付き　送料無料
3040,Roland / ローランド Drumatix TR-606 リズムマシン　マニュアル付　《通電のみ確認》（シリアルNo.260900）
3041,steinberg UR22mkⅡ オーディオインターフェース ジャンク
3042,〇ZOOM UAC-2【オーディオインターフェース/USB 3.0/ズーム/通電確認済み】
3043,MACKIE Onyx Blackjack　2×2 USBレコーディングインターフェイス 電源コードなし　動作品　　C2655　60サイズ発送
3044,【中古】 サンプラー BOSS SP-202 Dr.Sample ドクターサンプル ボス
3045,送料無料！オーディオインターフェース スタインバーグ steinberg UR22C
3046,iZotope Ozone 11 Advanced Windows
3047,▼ 1円スタート ▼ Roland ローランド TR-727 リズムコンポーザー 中古 現状品 250405B6185
3048,steinberg UR22C オーディオインターフェース スタインバーグ 音響機器 中古 T9820448
3049,PreSonus FADERPORT DAWコントローラー（∴09-07-07）
3050,S10807◎emagic　A6/2M　オーディオインターフェース　通電OK【ジャンク】250409
3051,AVID アビッド 9100-65779 Pro Tools Dock★動作未確認品【TB】
3052,M-AUDIO Keystation 88 MIDIキーボード
3053,ローランドサウンドキャンパス●Roland SOUND Canvas SC-88ST Pro●
3054,MOTU オーディオインターフェイス 828mkII 828FW
3055,MIDIキーボード 2点まとめ売り M-AUDIO KEYSTATION49/Roland PC-50 250326SK250461
3056,現状品/通電確認OK/本体のみ/YAMAHA ヤマハ YMC10/MIDI CONVERTER/コンバーター/楽器　器材
3057,Roland CM-64 ローランド 音源モジュール【通電のみ確認済み】
3058,KORG MIDIキーボード コントローラー 3点まとめ売り nanoKEY2/microKEY-25/microKEY 250226SK100580
3059,【C】YAMAHA AG03 ウェブキャスティンブミキサー ヤマハ 227895
3060,Roland ED SC-8850 Sound Canvas 音源モジュール シンセサイザー ローランド
3061,A/41 Roland SC-55mkⅡ 音楽機器 ローランド sound canvas
3062,【USED品】Roland エクスパンションボード ローランド EXPANSION BOARD SR-JV80-05 WORLD 音源ボード JD-990 JV-880 部品交換済み
3063,Roland DM-32N-4 サウンドモジュール ジャンクY9913875
3064,325 YAMAHA EAD10 ドラム 音源 モジュール
3065,ジャンク品！Digidesign MBOX2 オーディオインターフェース デジデザイン USED
3066,Softube Bad Speaker: Lo-Fi ディストーションの魅力
3067,☆送料無料 美品 Roland ローランド SC-55mkII MIDIサウンドモジュール
3068,小室哲哉プロデュースコレクション BEST25　MIDI GS CD-ROM
3069,【美品3点セット】KORG コルグ volca drum + UDG Volca 用ケース + KORG用ACアダプターセット DIGITAI PERCUSSION SYNTHESIZER
3070,04S77■YAMAHA　AG03　オーディオインターフェース■
3071,AKAI PROFESSIONAL APC64 MIDIコントローラー 通電確認済み アカイプロフェッショナル
3072,M-AUDIO M-TRACK 2x2 C-SERIES オーディオインター　フェイス　通電OK ジャンク品
3073,YAMAHA QY70 シーケンサー リズムマシン バックアップ用の電池交換済 中古 Y9854198
3074,Digidesign ADAT Bridge I/O Pro Tools ADATインターフェース
3075,★AKAI CD3000/CD3000i/S3200XL other FLOPPY DISK TEAC FD-235HF Series ケーブル★OK!!★
3076,M-AUDIO FireWire410 オーディオインターフェイス
3077,AVID HD OMNI
3078,【Yamaha MU80】ヤマハ 音源モジュール Motif ミューシリーズ エムユーシリーズ　ⅰ
3079,【開封未使用品】 Novation Circuit Rhythm ノベーション スタンドアローン サンプラー リズムマシン ★ 71793-51
3080,【 G 】525 Roland R-8 リズムマシン ローランド
3081,送料本文 YAMAHA ヤマハ シーケンサー 電池駆動可 sequencer 音出し確認 音源 MIDI 装備 即決有り 管理番号 QY8 1704
3082,動作OK★Roland　A-50★76鍵プロ用MIDIキーボードコントローラー★定価221000円1989年　ローランド　日本製★★電池交換済み・電源付
3083,【B-1】 Roland SC-88VL 音源モジュール 動作確認済み ローランド 3165-6
3084,YAMAHA ヤマハ ウェブキャスティングミキサー AG03MK2 + audio technica オーディオテクニカ コンデンサーマイク AT2020 ∩ 7199D-1
3085,Neve モジュール トーンジェネレータ コンデンサ 音響機器 ※現状渡し
3086,Roland SC-55mkII
3087,YAMAHA MU90 MIDI音源　ジャンク
3088,ヤマハデジタルドラマー●YAMAHA DIGITAL DRUMMER EMR-1●純正ACアダプター付●
3089,Y12/282 digidesign 003RACK オーディオインターフェース 通電確認済み 現状品
3090,BOSS DR-770 Dr.Rhythm
3091,日本ハモンド FR-8L MUSICAL INSTRUMENT プリセットリズム付き ビンテージ リズムマシン 中古 W9886721
3092,【A-3】 Akai MPK mini midiキーボード 動作確認済み 元箱付き アカイ 1234-33
3093,送料無料 brother cable Sine blue パッチケーブル 2種 16本セット モジュラーシンセ osc兄弟 patch cable
3094,【C】KAWAI R-100 リズムマシン カワイ 3010708
3095,KORG ELECTRIBE R mkⅡ ジャンク品
3096,25/306☆Roland　EDIROL　UA-25EX　24bit 96kHz　USB　Audio Capture　オーディオインターフェース　写真追加あり☆あ1
3097,Noise Engineering/Mimetic Digitalis ユーロラック モジュラーシンセ
3098,YAMAHA／ ヤマハ デジタルリズムプログラマー リズムマシン RX5 ビンテージ. 日本製 電源問題なし
3099,YAMAHA AG03 オーディオインターフェース　ウェブキャスティングミキサー【ジャンク品】
3100,★Nektar IMPACT LX88+ 88鍵 MIDIキーボード ACなし
3101,送料無料! Make Noise 0-CTRL ユーロラック改造品 モジュラーシンセ ユーロラック ユーロラック モジュラーシンセ
3102,ALESIS V49 MIDIキーボード コントローラー USB 49鍵 8パット 2スロット 箱 USBケーブル付き
3103,◆KORG コルグ ワイヤレス MIDI キーボード コントローラー microKEY2-49Air マイクロキー・エアー 49鍵盤 中古◆15830★
3104,正規品 Celemony Melodyne 5 Essential 歌ってみた
3105,Fabfilter Total Bundle Windows
3106,★ジャンク品★オーディオインターフェイス ALLOW UAD2 SOLO CORE UniversalAudio
3107,【通電確認品/美品】 Native Instruments MASCHINE Mk2 White MIDI コントローラー USBコード 箱付き/100サイズ
3108,B44301 O-04272 AXE I/O IK000101 ジャンク
3109,【完動品】4ms Spherical Wavetable Navigator SWN
3110,美品 KOMPLETE AUDIO 6 MK2 オーディオインターフェース Native Instruments
3111,Novation Peak
3112,EDIROL FA-66 FireWire オーディオインターフェース Roland ローランド エディロール　通電確認　現状
3113,KAWAI R-50e カワイ 河合楽器 デジタルリズムマシン インダストリアル 美品 【Yahoo!オークション】
3114,YAMAHA ヤマハシーケンサーQY-300 ミュージックシーケンサー 音響機器
3115,ミキシングコンソール・オーディオインターフェース【YAMAHA AG03】＋ コンデンサーマイク マランツ【MPM-1000】
3116,STEINBERG　UR22C オーディオインターフェース
3117,BOSS DR-110 アナログ・リズムマシン Dr.Rhythm ドクターリズム　電源コードなし
3118,IXO22オーディオインターフェイス(stenberg)
3119,【 C 】6941 steinberg UR22mkII オーディオインターフェース ステインバーグ
3120,◆ BOSS ボス DR-5 リズムセクション 中古 現状品 250409Y7834B
3121,【中古品】TASCAM US-122MKII オーディオインターフェース 【通電のみ確認済み 未メンテ品】°
3122,美品！● RME / UFX+ ●国内購入品
3123,箱付き YAMAHA ヤマハ QY10 MUSIC SEQUENCER ミュージックシーケンサー 1スタ1円スタート
3124,Roland ローランド 音源モジュール SC-55mkII □ 716CB-2
3125,YAMAHA ヤマハシーケンサー　QY300 QY-300
3126,■ZOOM RT-223 リズムマシン スケルトン RhythmTrak ズーム リズムトラック 電池付き USED 16960■！！
3127,【A-3】 Tascam US-144mkII オーディオインターフェース US-144ｍｋii 動作確認済み タスカム 3461-60
3128,Roland UM-4 Super MPU64 USB MIDIインターフェース
3129,KORG ELECTRIBE ES-1mkII サンプラー
3130,TASCAM US-2x2 タスカム
3131,RME Babyface Pro FS 4/29購入未開封
3132,NATIONAL AUTOMATIC RHYTHM SY-50 タッチセンサー　リズムマシン　ナショナル　当時物　レトロ
3133,【外観良品】 Native Instruments ネイティブインストゥルメンツ MIDIキーボード KOMPLETE KONTROL S61 MK2 61鍵盤 元箱付 ∽ 72076-8
3134,●(y) Roland QUAD-CAPTURE USBオーディオ インターフェイス UA-55
3135,【ジャンク品】TRAKTOR KONTROL F1 DJコントローラー トラクター コントロール NATIVE INSTRUMENTS ネイティブインストゥルメンツ
3136,最終 RME ADI-2 DAC FS 新品同様　ELSOUND リニア電源付　国内正規品　オーディオインターフェース　USB DAC　ハイレゾ DSD
3137,Intellijel Designs QUADRA 4チャンネルエンベロープ 12HPサイズ
3138,UA-4FX Roland EDIROL オーディオインターフェイス ジャンク
3139,【1円スタート】 アカイ AKAI サンプラー ホワイト MPC2000
3140,超美品 MOTU M2 モツ オーディオインターフェース DTM
3141,サンプリングCD 『Coldcut Kleptomania! Volume 1』 トラック制作用LOOP集
3142,【送料６００円】Roland Duo Capture 本体のみ（USBケーブル無し）
3143,【ジャンク】[中古] Focusrite Scarlett 18i8 Gen3 電源が入らず動作未確認のため特価/豊富な入出力 [NLG35]【神戸店在庫】
3144,正規品 定番ピアノ音源 XLN Audio Addictive Keys Studio Grand DTM ボカロ tiktok
3145,中古★Roland/ローランド R-70 リズムコンポーザー リズムマシン【R-70】EVII
3146,新品■ モノモジュラーシンセ ユーロラック ロングパッチングケーブル 100cm x 20本 モノラルケーブル シールド 3.5mm パッチシンセ 未使用
3147,[ジャンク(故障品) / MIDI音源] Roland Sound CANVAS SC-7
3148,【中古】 リズムマシーン KORG コルグ KR mini リズム ボックス
3149,★ベリンガー BEHRINGER UMC22 U-PHORIA オーディオインターフェース＆HD Auduoビデオキャプチャー中古品
3150,402 ZOOM UAC-8 オーディオインターフェース
3151,emagic amt8 1U midiインターフェース　midiケーブル5本付き
3152,MIDIキーボード3点セット（IK MULTIMEDIA iRing keys2/Nektar SE25/KORG nano KEYS Studio） ★ 71FF5-2
3153,【ジャンク品】YAMAHA USB-AUDIO INTERFACE UW10
3154,Roland MC-303 シーケンサー リズムマシン 音響機材 ローランド 中古 Y9948831
3155,Roland ローランド オーディオインターフェイス rubix 22 △ 71761-3
3156,新品 KURZWEIL MIDIBOARD（風）スライダーつまみ
3157,【送料無料/美品/電源アダプター付き】RME Babyface Pro FS オーディオインターフェース 検索)Antelope Apogee UniversalAudio
3158,【セット品】iCON PLATFORM M+ + PLATFORM D
3159,中古美品　ポリフォニックアナログシンセサイザーモジュール minilogue xd module
3160,◆◇ＹＡＭＡＨＡ　ヤマハ　ＴＧ３００　　ＴＯＮＥ　ＧＥＮＥＲＡＴＯＲ　音源ユニット◇◆
3161,【新品】Opcode Studio3 MIDI in1-out3 x 2set MIDI インターフェイス　Machintosh ポート
3162,AKAI サンプラー用 FMX008M 8MBフラッシュROM 動作確認済 （MPC2000、MPC2000XL、S3000XL、S2000、CD3000XL用）
3163,Nektar Technology SE25 DAW連携MIDIコントローラー 25鍵 ミニ鍵盤 コンパクト コントロールボタン搭載
3164,【 G 】7350 AKAI EWV2000/EWI1000 ウィンドシンセサイザー アカイ
3165,動作確認済み Roland ローランド 音源モジュール DTM-88PW
3166,Roland　ローランド　UM-ONEmk2 USB MINI Interface
3167,14/106☆YAMAHA　MU2000　ヤマハ　音源モジュール　トーンジェネレーター　写真追加あり☆え1
3168,中古★Roland/ローランド　SOUND Canvas　サウンドキャンパス　音源モジュール　楽器機材【SC-88ST】EVP0
3169,中古 ミュージ郎 説明書
3170,4989//Solid State Logic SOUND VISION ALPHA・LINK/アルファリンク/XL ogic/MADI-SX 通電確認済み
3171,TASCAM オーディオインターフェース　4ch US-4×4 USBケーブル付き
3172,Roland ローランド XV-5080 音源モジュール EXPANSION/SAMPLE PLAYBACK
3173,Roland DTM-88PA SOUNDCanvas SC-88 Pro 音源モジュール 中古 T9993098
3174,Roland SOUND CANVAS SC-8820
3175,HDB AUDIO (MAM) MINI SYNCUSSION ''ACM2'' 正常動作品
3176,(en-0510-001)Steinberg 2x2 USB 2.0 オーディオインターフェース UR22
3177,【 未開封 】 ローランド AIRA Compact T-8 ビートマシーン Roland BEAT MACHINE 051118
3178,【簡易動作確認済】M-AUDIO/エムオーディオ M-TRACK 2×2M オーディオインターフェイス Cシリーズ 配信/ストリーミング/60サイズ
3179,★★未使用　steinberg UR22mkⅡ　オーディオインターフェース★★
3180,Centrevillage CLKM ほぼ未使用　Doepfer モジュラ　ユーロラック
3181,ジャンク AKAI EWI USB ウインドシンセサイザー
3182,Elektron Syntakt
3183,【Y8045】【Z7515】★AVID☆Pro Tools HD Native 8x8x8/ジャンク
3184,＜ジャンク品＞Roland SOUND LIBRARY SN-U110 計10枚セット（12525012301401IK）
3185,【 G 】5545 NATIVE INSTRUMENTS KONTROL S61 MK3 MIDIキーボード ネイティブイントゥルメンツ 元箱付き
3186,ARTURIA KEYLAB25 MIDIキーボード
3187,□【売り切り】MOTU モツ オーディオインターフェース M2 箱付属 通電確認済み AIF 音響機材
3188,ZOOM ズーム SampleTrak サンプラーST-224 ＋RT-123 RhythmTrak リズムマシン 2個 ACアダプター付き ∩ 720BB-2
3189,美品 Roland UA-22 DUO-CAPTURE EX オーディオインターフェイス USB インターフェイス　2台付属
3190,EDIROL by Roland UA-4FX オーディオインターフェース 未確認 現状品 ジャンク
3191,YAMAHA QY100 ジャンク品
3192,Avid アビッド HD I/O 8x8x8 オーディオインターフェース 音響機材 中古 O9878494
3193,KORG volca beats アナログリズムマシン
3194,★ROLAND MC-300 DIAL ECODER BOARD Assy 22925506★OK!!★
3195,NOVATION Launchkey Mini 37 MK4 キーボード 2024年製 USB-MIDI ノベーション 楽器 中古 良好 O10029312
3196,【★31-176】■中古■AKAI Professional MPC Live II モニタースピーカー内蔵 スタンドアローン サンプラー（9924）
3197,【中古】ARTURIA DRUMBRUTE creation（限定カラー）
3198,MIDIキーボード KORG microKEY2-49 コルグ USB
3199,Focusrite Vocaster One ．現壮品
3200,STEINBERG ( スタインバーグ ) / IXO12 B ブラック USBオーディオインターフェイス ジャンク品 札幌市 白石店
3201,BOSS DR-880 Dr. Rhythm／多用途リズム・マシン　ボス DR-880　Dr.リズム【中古美品】
3202,●営TN005-60 TASCAM タスカム US-42W MiNiSTUDIO CREATOR 配信機器　オーディオインターフェース
3203,【Ｇ】 KORG MICROKEY2-49AIR ワイヤレス MIDI キーボード コントローラー コルグ 3046225
3204,★☆ KORG microKONTROL（マイクロコントロール） MIDIコントローラー ジャンク扱い ☆★
3205,NATIVE INSTRUMENTS KOMPLETE AUDIO 6 ジャンク
3206,Digidesign/AVID SYNC-HD マスタークロックハードウェア ※通電のみ確認 a-②
3207,【B-1】 steinberg UR22mkII オーディオインターフェース 通電確認済み スタインバーグ 745-10
3208,Roland ローランド SC-88VL MIDI音源モジュール
3209,ACE TONE リズムマシン RHYTHM ACE FR-20 ヴィンテージリズムマシン 楽器 機材 通電確認済
3210,【Roland Super UA UA-S10】ローランド オーディオインターフェース ハイレゾ DSD Ⅱ
3211,★BEHRINGER（ベリンガー）UCA202 U-CONTROL オーディオ 機材
3212,【G】E-MU PROTEUS/2 音源モジュール イーミュー 3058927
3213,Focusrite　Scarlett 2i4 オーディオインターフェイス 音出しOK (60s)
3214,SC-88VL MIDI音源 （Roland SOUND Canvas） 本体＋おまけ（ACアダプタ）
3215,▼steinberg/スタインバーグ USB AUDIO INTERFACE UR22 mkⅡ オーディオインターフェース 中古品▼管理番号1
3216,RME Fireface800 ジャンク品
3217,Roland Rhythm700 TR-700 ローランド リズムボックス
3218,【中古】AKAI S3000XL デジタルサンプラー
3219,【美品】AKAI Professional APC40mk2 Ableton Live用コントローラー
3220,YAMAHA AG03MK2 ライブストリーミングミキサー
3221,Roland ローランド SOUND Canvas SC-88ST ◆中古品/通電確認済 ◆ 本体のみ（2）
3222,Arturia アートリア SPARK ハイブリッドドラムマシン ジャンク品 ◆ 6612
3223,0897　steinberg スタインバーグ　オーディオインターフェース(UR22mkⅡ)　ループ機能搭載　Mac、Windows、ipadに対応　※通電確認済み。
3224,YAMAHA ヤマハ　RY20 Rhythm リズムマシン 動作品
3225,【G】Roland TR-8 リズムマシン ローランド 3065526
3226,西μO13 MIDIキーボード KOMPLETE KONTROL M32 Native Instruments
3227,Doepfer A-151V Sequential Switch　ユーロラック　モジュラ
3228,AKAI Professional XR20 ドラムマシン
3229,A/18 YAMAHA/MIDIフットコントローラー MFC05
3230,D553★ YAMAHA SU200 サンプリングユニット サンプラー 本体のみ 動作未確認【ジャンク】
3231,Roland CM-64 DM-64N-7 音源モジュール 音響機材 ローランド ジャンク S10055334
3232,【C】Roland INTEGRA-7 サウンドモジュール ローランド 3065546
3233,【Ｊ】Roland CR-80 リズムマシン ローランド 3046930
3234,■□Avid HD OMNI オーディオインターフェース アビッド□■029536002J□■
3235,Roland mc500 パフォーマンスパッケージ　バルクライブラリアン　リズムバンク　５枚セット
3236,★ROLAND W-30 SYSTEM FLOPPY DISK SAMPLER SOUND LIBRARY★OK!!★MADE in JAPAN★
3237,【通電確認品/美品】iConnectivity iconnectmidi4+ オーディオ＆ MIDI インターフェイス 保証書 元箱付き/60サイズ
3238,AKAI MPC1000. ジャンク品
3239,"ヤマハ,MUSIC ACCOMPANIMENT PLAYER QR10です"
3240,APOGEE　BIG　BEN　マスタークロック　 完動品
3241,■Roland/EDIROL■SDカード・ビデオ・サンプラー■P-10■中古■ ★即決★
3242,1円～　YAMAHA MIDIキーボード（CBX-K1）
3243,【 G 】2122 KORG nanoKNTRL2 MIDIコントローラー コルグ
3244,Eurorack Modular Synthesizer Case DIY Kit 84HP 3U+1U ユーロラック モジュール ケース カスタム 互換品で再設計したらかなり良い出来
3245,Focusrite Scarlett 4i4 (gen3) オーディオインターフェース 中古品
3246,YAMAHA MIDIマージボックス YMM2
3247,T2 Steinberg スタインバーグ オーディオインターフェース UR22 mkII 音響機器
3248,Steinberg UR22C 2x2 USB 3.0オーディオインターフェース Cubase AI LE スタインバーグ
3249,Roland CM-64 CM-300 ローランド シンセサイザー用 取扱説明書
3250,Amsynths AM1047K Keyboard Percussion　動作未確認のためジャンク扱いで　Arp2500 モジュラ　ユーロラック
3251,EDIROL by Roland ローランド UA-25 USB AUDIO CAPTURE オーディオインターフェイス
3252,Roland ローランド オーディオインターフェイス DUO-CAPTURE EX UA-22 動作未確認
3253,midiキーボード KOMPLETE KONTROL M32 【ジャンク】　75
3254,FUZ 【現状渡し品】 Roland ローランド USB MIDI インターフェース UM-ONE mk2 〈096-241220-YS-6-FUZ〉
3255,KORG wavestate module 音源モジュール
3256,YAMAHA TG300
3257,Plinky synth v3 シンセサイザー
3258,【G】YAMAHA PTX8 音源モジュール ヤマハ 3104282
3259,Y06/662 EDIROL by Roland エディロール UA-25EX 24bit 96khz オーディオインターフェース 動作未確認 現状品
3260,TASCAM US-16x08 USBオーディオインターフェース『ジャンク』
3261,【USED!AKAI Professional EWI USB ウインドシンセサイザー★アカイ/箱付き/通電確認のみ ※ジャンク扱い＠100（6）】
3262,IK Multimedia iRig Stream Solo 3IN/2OUT ストリーミング オーディオ インタフェース IKM-OT-000090N
3263,YAMAHA AG03MK2 ミキサー ヤマハ 宅録 配信 オーディオインターフェース DTM DAW 中古 良好 O10036211
3264,MIDIキーボード 4点まとめ売り KEYSTATION MINI32 MK3/microkey-25/N-25 250522SK750110
3265,Cakewalk by Roland SONAR V-STUDIO 100 オーディオインターフェース 未チェック 現状品 管理番号06068
3266,吉 美品 TASCAM(タスカム) RC-20 ダイレクトプレイリモートコントローラー フラッシュスタート ポン出し 音響機器 機材 動作確認済み
3267,【G】YAMAHA EAD10 ドラム音源モジュール ヤマハ 230591
3268,Roland QUAD-CAPTURE UA-55 オーディオインターフェース ローランド （中古）
3269,Nonlinearcircuits TINKLE ガムラン　ユーロラック　モジュラーシンセ Make Noise
3270,【オススメ品】YAMAHA サンプラー TX16W 1.5mbメモリー XD216 EMM-15×3枚 ヤマハ
3271,Focusrite Scarlett Solo 3rd Gen オーディオインターフェイス フォーカスライト 音響機器 中古 Z10113557
3272,PreSonus FADERPORT DAWコントローラー プレソナス FaderPort
3273,RME Babyface オーディオインターフェース
3274,サンプリングCD Roland SAMPLE ARCHIVES PROJECT Africa Vol 1& RHYTHM SECTION Vol 1
3275,DOEPFER A-174-1 Joy Stick　ユーロラック　モジュラーシンセ　make noise moog masf
3276,数量限定値下げ AIによる簡単ミックス iZotope Neutron 5 Elements
3277,Apogee symphony I/O インターフェース
3278,【G】Roland A-88MKII MIDIキーボード 電子ピアノ ローランド 3068980
3279,Cubase ARTIST バージョン不明 パッケージ版 ダウンロードコード USB-eLicenser付属 mac＆windows DTM DAW steinberg【未開封】
3280,iZotope Nectar 4 Advanced Windows
3281,【G】Focusrite Scarlett Solo オーディオインターフェイス ファーカスライト 230486
3282,μBursts Mutable Instruments clouds クローン　モジュラーシンセ　ユーロラック　グラニュラーサンプラー　リバーブ
3283,【よろづ屋】YAMAHA CBX-K1 MIDI KEYBOARD ヤマハ MIDIキーボード コントローラー 37鍵盤 MADE IN JAPAN(M0613-80)
3284,Roland ローランド Expansion Board MADE in JAPAN SRX-09 World Collection エキスパンションボード
3285,綺麗 M-Audio ProjectMix I/O オーディオインターフェース　　ジャンク扱い　　　　★YFL16
3286,即決◆新品◆送料無料【純正マウスピース1個プレゼント!】TAHORNG EF10WH ホワイト 電子リコーダー Elefue エレフエ ウインドシンセ
3287,Roland ローランド SN-R8-11 metallic Percussion SOUND LIBRARY ROM PCM RAM サウンドライブラリー メモリーカード DATA
3288,THE CENTRE 1V/OCT
3289,Steinberg CUBASE 14 PRO 国内正規品　Steibergライセンス譲渡手続き済み　国内総代理店(ヤマハ)サポート有　DAW Win/Mac
3290,(#7288)Roland スタジオ・キャンバス SD-90
3291,YAMAHA QY700 STYLE ＆ DEMONSTRATION ■ フロッピーディスク MUSIC SEQUENCER シーケンサー リズムマシン
3292,"XAOC Devices Kamieniec ( ユーロラック, モジュラーシンセ)"
3293,Rhythm Ace FR-6 リズムボックス ACE TONE
3294,612 universal audio apollo X8
3295,E-MU PROTEUS 1000 9116 音源モジュール サウンドモジュール DTM MIDI ラックマウント 中古S10116634
3296,♪Avid HD OMNI ProTools アビッド デジタルオーディオインタフェース 中古♪
3297,093 k4693 ジャンク品 AKAI アカイ MPC500 サンプラー サンプリングマシン KORG KAOSSPAD KP-1 カオスパッド セット
3298,Steinberg UR22mkⅡ UR22mk2 スタインバーグ オーディオインターフェイス 本体のみ 250611SK040573
3299,Korg AG-10 MIDI音源モジュール
3300,☆☆AKAI アカイ　スタンドアローン サンプラー　MPC　LIVE Ⅱ　動作OK！☆USED品
3301,digidesign オーディオインターフェース　 Digi002 通電確認のみ　電源コード付き
3302,ヤマハ YAMAHA ライブストリーミングミキサー 3チャンネル ブラック AG03MK2 B
3303,Roland A-500PRO MIDI キーボード コントローラー ローランド 楽器 ジャンク T10108832
3304,● 250613-3609-117 SK500 iCON PLATFORM-NANO ケーブル付属無し
3305,L739/16J〇ACE TONE ミュージカルアンプ AR-1 エーストーン Friend Ace 中古品〇
3306,BMN0 美品 Roland V-Drums 音源モジュール TD-12 ローランド 電子ドラム
3307,ValhallaDSP Bundle Windows
3308,希少 KEIO 京王 MINI POPS JUNIOR リズムマシン リズムボックス 当時物 昭和レトロ ビンテージ　元箱付き
3309,●代MC341-80 】KAWAI カワイ SESSION TRAINER セッショントレーナー GB-2 リズムマシン 楽器 器材 /a
3310,a1380★ AKAI アカイ MPC 2000XL MIDI PRODUCTION CENTER サンプラー リズムマシン★送100
3311,KAWAI カワイ Q-80 EX シーケンサー ジャンク
3312,digidesign XMON DC102 アナログモニタリング インターフェース
3313,YAMAHA FGDP-50 フィンガードラムパッド 説明書付き ヤマハ 25F 北TO2
3314,★新品！未使用！Roland ローランド T-8 BEAT MACHINE ビートマシン★
3315,Native Instruments KOMPLETE KONTROL M32 MIDI キーボード S10150234
3316,Noise Engineering Manis Iteritas モジュラーシンセ　ユーロラック
3317,★KAERU CAFE サンプリング CD SOUND LIBRARY 22枚★CD-AUDIO★
3318,★AKAI IB-4D S/PDIF CARD WORD CLOCK Z4/Z8/MPC4000★OK!!★MADE in JAPAN★
3319,スタインバーグ UR22mkⅡ音楽機器 USB オーディオインターフェイス steinberg COMPATIBLE D-PRE 192Hz 現状品
3320,ANIMEX STANDARD3 アニメックススタンダード３ タイムボカン・シリーズ大特集 smf midi data ミディ データ
3321,Roland S-330 付属フロッピーディスク付き+ オマケ（女性コーラスなどの音源セット）
3322,★Roland MC-500mkII MAIN BOARD Assy 79458020★OK!!★MADE in JAPAN★
3323,□ YAMAHA ヤマハ WX11 WIND MINI CONTROLLER 中古 現状品 250506G6523
3324,DOREMiDi MR-1 Pro MIDIネットワークボックス（RTP-MIDI変換）
3325,S11209△ZOOM RhythmTrak 234 ドラムマシン リズムトラック 250428
3326,★Roland VE-RD1 A-70/A-90/A-90EX 128 VOICE EXPANSION BOARD★OK!!★MADE in JAPAN★
3327,TASCAM US-366 タスカム オーディオインターフェース ヘッドホン アンプ ジャンク
3328,モジュラーシンセ　CARA mutables marble クローン　ユーロラック dtm daw
3329,CASIO GZ-5 (MIDIキーボード) 【●566119】
3330,◎ AKAI EB16 エフェクトボード 美品！ AKAI MPC2000 / MPC2000XL / S2000 / S3000XL / CD3000XL 用オプションエフェクトボード 動作品！！
3331,【J】YAMAHA MU100 ② 音源モジュール ヤマハ 096609
3332,Roland シンセサイザー モジュラーシンセ System-m1
3333,Roland INTEGRA-7 音源モジュール ローランド インテグラ
3334,【中古】 サンプラー Roland SP-404 ローランド
3335,MU-323◆ヤマハ ミュージックシーケンサー QY10 リズムマシン 音源内蔵ハンディ・シーケンサー VHSビデオカセットサイズ 中古品
3336,ヤマハ YAMAHA QY8 Music Sequencer ミュージックシーケンサー
3337,ZOOM AMS24 オーディオインターフェース
3338,★AKAI professional MPC RENAISSANCE サンプラー
3339,M【500円スタート】 MOTU M2 オーディオインターフェイス 音響機材 モツ 通電◎
3340,ALESIS SR-16 リズムマシン
3341,iZotope Nectar 4 Advanced Windows
3342,Roland CM-32L 音源モジュール 通電確認済 DM-48N-4 ローランド
3343,◇M-Audio NRV10 Mixer　Audio Interface　破損個所有　要修理　リペア◇25-7-O189
3344,■□Avid HD MADI Pro Tools HDX用 オーディオインターフェース アビッド□■027389015□■
3345,06D13■Roland　SP-606 サンプラー 動作品■
3346,KORG nanoKEY2 コルグ コントローラー ナノキー ブラック 黒 キーボード BK
3347,Xfer Records Serum 2 Windows
3348,KORG TRITON RACK 音源モジュール　EXB-PCM01 02付属
3349,正規品 iZotope RX 11 Elements DTM 歌ってみた
3350,◇ steinberg スタインバーグ UR12 オーディオインターフェイス 中古 現状品 250508T3359
3351,BEHRINGER PERFECT PITCH PP1
3352,Roland A-49 MIDI キーボード 49鍵 楽器 ローランド 未使用 Z10153214
3353,KORG padKONTROL KPC-1
3354,正規品 ギター音源 UJAM Virtual Guitarist Sparkle2
3355,Roland UM-ONE MIDIインターフェース
3356,【送料無料！】 エフェクター　ROLAND SDE-3000 ローランド
3357,AKAI APC mini MIDIコントローラー Professional
3358,Ableton HWPU02 Push2 MIDIコントローラー
3359,【 G 】9728 Roland A-110 MIDIインターフェース ローランド 3106928
3360,【 G 】9772 Focusrite Scarlett Solo オーディオインターフェース フォーカスライト 3104353
3361,【Yamaha MU100】ヤマハ 音源モジュール Motif ミューシリーズ エムユーシリーズ　ⅰ
3362,BOSS MPD-4
3363,□ YAMAHA ヤマハ YK-01 MSXキーボード 中古 現状品 250706A4255
3364,【 G 】9924 M-AUDIO TRIGGER FINGER PRO MIDIコントローラー エムオーディオ 3068785
3365,Apogee element24 動作品 オーディオインターフェイス
3366,◇ BOSS ボス DR-01s リズムマシン 動作確認済 中古 現状品 250605K2949
3367,UNIVERSAL AUDIO UAD-2 SATELLITE QUAD CORE オーディオ インターフェイス 音響機器 ジャンク F10188408
3368,KAWAI K1m Digital synthesizer Module カワイ デジタル シンセサイザー モジュール Vintage K1
3369,未使用 未開封 保管品 BEHRINGER ベリンガー USBオーディオインターフェース UCA222 U-CONTROL UCA202 SHURE 25ft. Hi-Flex MIC CABLE ARIA
3370,Wind Jamm’r EW20　ウィンドシンセ　ヤマハ
3371,Critter & Guitari 5 Moons Critter and Guitari ルーパー
3372,【 G 】231 AKAI MPKmini MIDIキーボードコントローラー アカイ 196513
3373,■070701-017■Roland/ローランド■リズムコンポーサー■本体のみ■TR-909■現状■
3374,KAWAI カワイ Q-80EX DIGITAL MIDI SEQUENCER MIDIシーケンサー★動作未確認品
3375,【 C 】8177 KORG EMX-1 リズムマシン コルグ 元箱付き 3072178
3376,【ジャンク、1円スタート】MOTU 828mk2 896
3377,♪▲【YAMAHA ヤマハ】オーディオインターフェイス 2点セット UW500 まとめ売り 0715 23
3378,♪▲【TASCAM タスカム】オーディオインターフェイス 2点セット US-122MKⅡ/US-144MKⅡ まとめ売り 0715 23
3379,【 G 】1164 KORG M3R 音源モジュール コルグ 3107029
3380,マッキー　MACKIE CONTROL C4　■動作品■
3381,【B-2】 Steinberg UR22mkii オーディオインターフェース 通電確認済み スタインバーグ 3614-77
3382,△RANE SL3 Serato Scratch LiveデジタルDJインターフェース オーディオインターフェース デジタルDJシステム レーン LIVE 通電未確認
3383,○ BEHRINGER ベリンガーUMC22 U-PHORIA オーディオインターフェース USB インターフェース 箱説明書付き 動作未確認
3384,オーディオインターフェース Steinberg UR22 細かい動作未確認 ジャンク
3385,ヤマハ MJC8 MIDI ジャンクション コントローラー YAMAHA中古品
3386,未使用 未開封 保管品 ベリンガー U-PHORIA UMC202HD オーディオインターフェース 22K10
3387,◆Roland Sound Canvas【SK-88Pro】音源モジュール・シンセサイザー USED品 ローランド
3388,Roland SR-JV80-08 KEYBOARDS エクスパンションボード ローランド 現状品 ジャンク C10189888
3389,Native Instruments ( ネイティブインストゥルメンツ ) MASCHINE 通電確認済み
3390,ZOOM UAC-2 オーディオインターフェース
3391,Sinc Defero - Noise Engineering モジュラーシンセ ユーロラック
3392,u57931　中古　Roland　U-220　サウンドモジュール 音源モジュール 通電のみ確認
3393,▲ Roland ローランド SP-404SX LINEEAR WAVE SAMPLER サンプラー ▲
3394,【送料無料！】ジャンク扱い Universal Audio Apollo Twin DUO
3395,ジャンク　 SONY ドラムパッド DRP-3 DRP-2
3396,【 G 】1427 YAMAHA SEQTRAK Y2 サンプラー リズムマシン ヤマハ 3094372
3397,AKAI アカイ：EWI USB ウインドシンセサイザー　☆動作品・不具合無・専用バッグ・取説書・ロム付　◇手渡し可
3398,【 C 】975 Focusrite Clarett 2Pre オーディオインターフェース フォーカスライト 3092490
3399,Roland EDIROL UA-1000 ローランド オーディオインターフェイス 日本製 Made in Japan 状品
3400,Roland SC-8850 音源モジュール ジャンク B63806
3401,U-PHORIA UMC22 オーディオインターフェース 音響機器 中古 M10240802
3402,162★〇 YAMAHA RY-30 リズムマシン ドラムマシン RSC3073 カード付 / ヤマハ roland korg akai akai Techno House シンセ 好きにも 〇★
3403,KORG volca drum 物理モデリングリズムマシン
3404,サンプリングCD Vintage Keyboards
3405,サンプリングCD Funky-ass loops
3406,【T-4】KORG nano KONTROL2 コルグ ブラック
3407,Native Instruments S-シリーズキーボード KOMPLETE KONTROL S49 MK2 Black
3408,ZOOM RhythmTrak リズムトラック RT-323 ドラムマシン
3409,■ PEAVEY MIDI音源モジュール DPM SPECTRUM BASS 音楽機器 シンセサイザー
3410,Doboz T12 3U タッチコントローラー・シーケンサー 【ユーロラック・モジュラーシンセ】
3411,【C】AKAI MPK mini MK3 MIDIキーボードコントローラー アカイ 3093729
3412,KORG WAVESTATION A/D
3413,【Roland SC-88ST Pro】ローランド 音源モジュール SoundCanvas SC-88pro エスシーシリーズ ⅰ
3414,【動作確認済】【送料無料】Steinberg オーディオインターフェース UR22C
3415,UNIVERSAL AUDIO VOLT 4 USB Recording Studio
3416,Folktek　Mescaline System v2 モジュラーシンセ　レア　生産中止　動作品
3417,Roland Windows95 ミュージ郎 SC-88Pro (DTM-MR88PRW) 音源サウンドモジュール Sound Canvas 箱説付 通電のみ確認【20
3418,BOSS DR-770 動画有 リズムマシン ボス Dr.Rhythm
3419,KORG KAOSS PAD KP3 コルグ カオスパッド エフェクター サンプラー 楽器
3420,【通電確認のみ】audient　オーディオインターフェイス　iD22
3421,VUメーター DTM DAW
3422,B-1308 Roland UA-55 Quad-Capture ローランド オーディオインターフェース ● 音楽機材 楽器 音響機器
3423,【簡易動作確認済/美品】Steinberg UR12 オーディオインターフェース USBオーディオインターフェイス スタインバーグ 配信/60サイズ
3424,【 G 】9097 Roland GrooveBox MC-505 シーケンサー リズムマシン ローランド 057546
3425,動作確認済【iConnectivity mioXM/DTM/MIDIインターフェース】箱付き Mac PC 両方に対応
3426,★Roland VS8F-2 Effect Expansion Board★OK!!★MADE in JAPAN★
3427,★≪中古品≫AJA Io XT ポータブル I/Oデバイス [t25081122]
3428,[良品] ZOOM Livetrak L6 スペースパフォーマンスに優れたデジタルミキサー＆レコーダー [SL391]【神戸店在庫】
3429,♪▲【Focusrite フォーカスライト】オーディオインターフェース Scarlett 6i6 0804 4
3430,TASCAM US-2x2 オーディオインターフェース 元箱付き タスカム　オーディオインターフェース オーディオインターフェイス
3431,【レア】NATIVE INSTUMENTS 4CONTROL MIDIコントローラー+M-Audio MIDIインターフェイス USB Uno(3m)
3432,●アイケーマルチメディア iRig KEYS MIDIキーボード IK Multimedia アイリグ 7鍵盤 オーディオインターフェース 音響機材 M2182
3433,【 G 】2082 YAMAHA VL70-m 音源モジュール ヤマハ 058482
3434,AKAI REMIX88＜簡易動作確認＞※ACアダプター欠品 アカイ サンプラー リミックス88 □
3435,【 G 】 Y10185 M-AUDIO AIR 192|6 オーディオインターフェース エムオーディオ 3108118
3436,★02★AVID/digidesign☆003RACK☆動作良好☆FireWire接続☆年式の割に美品☆中古動作品☆アビッド/デジデザイン★
3437,AKAI S6000 デジタルサンプラー アカイ
3438,[良品] Roland TR-626 1980年代後半に登場したデジタルパーカッションマシン [TL421]【神戸店在庫】
3439,★E-MU FORMULA 4000 ANALOG ODYSSEY SOUND LIBRARY (CD DATA STORAGE)★
3440,AKAI S1000 S1100 POWER SWITCH BUTTON　アカイサンプラー　スイッチボタン　パーツ　部品
3441,TASCAM US-144MK Ⅱ インター フェイス TEAC
3442,digidesign/USD SYNC Universal Slave Driver！MODEL MH038 　通電確認済　中古品（管：2FO-M）
3443,メディアインテグレーション SPECRASONICS ILIO SMPLEHEADS AMGQ UP ARTSetc....... カタログ
3444,★Roland SOUND LIBRARY SN-R8-08 DRY★OK!!★MADE in JAPAN★
3445,■Digidesign オーディオインターフェース MBOX2 Pro Tools Ignition Pack2/ProTools LE 7.3 ジャンク品
3446,売り切り！[美品] AKAI MPD218 パッド部分から見直し改良を加えたニューMPD！ [XJ795]
3447,★Roland SN-R8-06 Ethnic Percussion SOUND LIBRARY★OK!!★MADE in JAPAN★
3448,PreSonus◆楽器周辺機器その他/ATOM
3449,未使用品送料無料　NOVATION ( ノベーション ) / Circuit シーケンサー リズムマシン　日本語取説
3450,★AKAI Professional EWIマウスピースキャップ ホワイト / EWI Solo EWI5000 EWI4000s EWI USB用 ★新品送料込
3451,★E-MU SERIAL EOS OPERATION MANUAL オペレーティン グシステム マニュアル 日本語★
3452,取扱説明書　Roland MIDI LINEAR Synthesizer D-550 16ボイス・プログラマブル・リニア・シンセサイザー・モジュール　音源　マニュアル
3453,②●Roland UA-55 QUAD-CAPTURE USBオーディオインターフェース
3454,roland ローランド SoundCanvas サウンドキャンバス sc-88pro DTM モジュール ☆5234
3455,ジャンク AKAI MPK mini ラップトップキーボード パッドコントローラー MIDIキーボード
3456,Synthrotek 1U Unity Gain Mixer
3457,◆YAMAHA　AG03MK2　ストリーミングミキサー オーディオインターフェイス マイク スタンド付き◆
3458,Intellijel Designs 7U Performance Case Stealth Edition (104HP)　ユーロラック　モジュラーシンセ
3459,□ジャンク品□ ROLAND ローランド SOUNDCanvas SC-88 音源モジュール (2712382)
3460,[m14606y k] UM-2　USB MIDIインターフェース Super MPU32　ローランドED　RolandED
3461,メディア・ファージ　デモ・サンプラー MEDIA PHAGE / DEMO SAMPLER / DEMO CD / KORG 未開封新品CD 送料無料
3462,KAWAI カワイ Q-80EX MIDIシーケンサー
3463,ALESIS iO 26 Fire Wire オーディオインターフェイス アレシス 通電確認のみ 現状品 管理番号12017
3464,レア！メンテ済！ AKAI MPC2000XL シャンパンゴールド CF
3465,Roland A-880 整備済品
3466,behringer オーデイオインターフェイスU-PHORIA UM2 &マランツ　コンデンサーマイクMPM-1000 #78
3467,DOEPFER A-100 Series 各種 EURORACK 詳しくは商品説明欄にて。モジュラーシンセサイザー Modular Synthesizer 可動確認済 アンテナ別梱包
3468,★Roland VS8F-2 Effect Expansion Board★OK!!★MADE in JAPAN★
3469,YAMAHA RX7 デジタルリズムプログラマー　基本動作確認済み
3470,MOTU FastLane-USB Midiインターフェイス
3471,オーディオデバイス『SE-U33GX(W)』
3472,◆ YAMAHA FGDP-30 ヤマハ フィンガードラムパッド 新品 即納 未使用
3473,digidesign MH068 デジデザイン オーディオ インターフェイス 888/24 【現状品】
3474,#4069★ローランド Roland Rubix24 USBオーディオインターフェース 中古未確認ジャンク
3475,behringer RD-8
3476,XAOC Devices Kamieniec 美品
3477,APOGEE duet USB2.0 オーディオ インターフェイス ジャンク H9665174
3478,steinberg UR12
3479,Universal Audio UAD-2 QUAD PCIe Card ライセンス譲渡
3480,[c25020178]Steinberg オーディオインターフェースUR22mkii UR22mk2 元箱/取説付き
3481,RME UCXⅡ ジャンク品
3482,【動作確認済】YAMAHA MU1000 Extended Edition MIDI同期確認　音出し確認済み　トランス式アダプター
3483,Hikari Instruments EUCRHYTHM モジュラーシンセ　dtm daw モジュール
3484,【ジャンク】[中古] MOTU 896 Mk3 ジャンク品のため1円スタート！ [NL051]【神戸店在庫】
3485,02S142■YAMAHA　QX3　シーケンサー■
3486,□Cc/402☆ファイアフェイス FIREFACE☆オーディオインターフェース☆UCX☆動作不明☆ジャンク
3487,MAKENOISE ユーロラックモジュール WAGGLEBUG CVジェネレーター (モジュラーシンセ DOEPFER MALEKKO INTELLIJEL ALM 4MS TIPTOP MUTABLE)
3488,DOEFPFER A-100LC1V 48HP ユーロラックモジュール用ケース (モジュラーシンセ MAKENOISE INTELLIJEL MALEKKO ALM 4MS TIPTOP MUTABLE WMD)
3489,【ジャンク品】BOSS ボス Dr.Sample SP-202 サンプラー
3490,【動作確認済】【送料無料】AKAI サンプラー用メモリ EXM3008 8MBメモリ S2800/S3000/S3000i/S3200/CD3000/MPC3000
3491,Roland Fantom-XR 音源モデュール
3492,管理番号=b0817290【中古】Steinberg UR-RT2 JUNK スタインバーグ オーディオインターフェース 現状渡し
3493,ROLAND ローランド SC-8850 音源モジュール Sound Module
3494,(Z-5046)AUDIENT オーディオインターフェース iD14 動作未確認 現状品
3495,【値下げ】新品 ヴィンテージ機器 ELシート バックライト (sam1)
3496,動作品 ALESIS SR18 アレシス リズムマシン ドラムマシン alp岩0130長
3497,◆YAMAHA【WX11】ウインドシンセサイザー USED品 現状品 動作未確認 MIDIコントローラー ヤマハ 音響機器
3498,Roland EDIROL ローランド エディロール FA-101 UA-101 セット オーディオキャプチャー インターフェース ※ジャンク品《U9166
3499,AKAI MPK mini 初代 MIDIキーボード 25鍵盤
3500,Roland UA-25EX 動作品
3501,ローランド　jv-880
3502,M-AUDIO DUO ジャンクで
3503,MASCHINE Mikro MK2 MIDIキーボード コントローラー
3504,【Zoom RT-323】 ズーム RhythmTrak リズムマシンシーケンサー
3505,RME Fireface UCX オーディオインターフェイス レコーダー 中古 T9705812
3506,YAMAHA ヤマハ シーケンサー MUSIC SEQUENCER リズムマシン QY10 通電確認済
3507,中古美品：AKAI professional APC mini
3508,【大清水65-1-0219】steinberg スタインバーグ UR22 mkⅡ USB AUDIO INTERFACE 24・bit/192kHz ジャンク 同梱不可
3509,ROLAND TB-303 Bass Line ユーズド品
3510,Endorphin.es Golden Master シルバー　Intellijel 1U用　ユーロラック モジュラーシンセ
3511,【G】Native Instruments MASCHINE+ サンプラー ネイティブインストゥルメンツ 3001345
3512,AKAI MPC2000XL用 ZIP Drive
3513,iZotope Nectar 4 Advanced Windows
3514,★中古★digidesign 192 I/Oに付属していたWord Clockケーブル CANARE BNCケーブル 約20cm
3515,steinberg USBオーディオインターフェース UR22mkⅡ 通電のみ確認 ジャンク品
3516,正規購入品 Positive Grid BIAS AMP 2 Standard アンプシミュレーター
3517,★Roland SRX-07 ULTIMATE KEYS EXPANSION BOARD★
3518,◆ROLAND ローランド DIGITAL SAMPLER MKS-100 デジタルサンプラー◆
3519,Roland ローランド R-5 リズムマシン 中古
3520,Roland M-256E メモリーカード 【動作未確認】 RAM 32K Bytes ローランド 3 JD-800 JD-990 JV-880 XP-60 XP-80 JV-80 JV-2080 JV-1080
3521,【ジャンク】Line6 POD STUDIO UX1 ライン6
3522,CREATIVE LABS オーディオインターフェイス SB0560 サウンドブラスター 音響機器 ジャンク O9774386
3523,YAMAHA Steinberg UR12 USBオーディオインターフェイス 配信機材 音響機材 実況
3524,【 J 】4900 BOSS DR-880 リズムマシン ボス
3525,Erica Synths / Pico Rnd モジュラーシンセ ユーロラック Doepfer Make Noise Mutable Intellijel Noise Engineering Instruo
3526,02S262■Roland　音源モジュール　D-110　取説付き■
3527,☆【1K0227-5】 Digidesign デジデザイン XMON モニターインターフェース 9100-31085-01 100V ジャンク
3528,【動作品】Universal Audio Apollo Twin SOLO ユニバーサルオーディオ apollo twin USB オーディオ インターフェイス 音響
3529,digidesign デジデザイン MH192 オーディオインターフェース　音響機器★動作未確認品【TB】
3530,MASCHINE NIGB09J1164
3531,25名/A070789-15/YK10000/R034-212/【名古屋】BOSS ボス DR-55 Dr.Rhythm リズムマシン
3532,YAMAHA ヤマハ 音源モジュール DTM XG MU50 動作確認済み 日本製品
3533,305 YAMAHA プラグインボード PLG150-VL
3534,ACE TONE Rhythm Ace FR-60 ビンテージリズムマシン エーストーン ◆ 716C7-2
3535,22673 音響祭 RME オーディオインターフェイス Babyface Pro FS ケース付き たばこ臭有り 通電確認済み その他未確認
3536,【C】 steinberg UR22C オーディオインターフェース スタインバーグ 088457
3537,【 G 】2830 BOSS Jam Station JS-5 リズムマシン ボス
3538,【 G 】2869 Steinberg UR22mkII オーディオインターフェース スタインバーグ
3539,[美品] M-AUDIO Keystation 61 MK3 シンプルな設計とあらゆるDAWとの親和性/USB・MIDIキーボード [NLG67]【神戸店在庫】
3540,Eurorack Modular Synthesizer Case DIY Kit 84HP 3U+1U ユーロラック モジュール ケース カスタム 互換品で再設計したらかなり良い出来
3541,★Roland VS8F-2 Effect Expansion Board★OK!!★MADE in JAPAN★
3542,★美品★Roland OCTA-CAPTURE ローランド USBオーディオインターフェース UA-1010
3543,●ヤマハ RY9 シーケンサー リズムマシン YAMAHA リズムプログラマー Big Jam 音響機材 ビッグジャム S4025
3544,東=aa250307-04【中古】NOVATION ノベーション DICER MIDIコントローラー 4個セット JUNK ジャンク 現状渡し
3545,【 G 】2834 intellijel QUADRAX モジュラーシンセ 元箱付き
3546,【 G 】2829 Mutable Instruments Beads モジュラーシンセ 元箱付き
3547,AKAI MPC2000 MPC2000XL 中古パッドセンサー ①
3548,【中古】M-AUDIO AIR HUB (オーディオインターフェース/USBハブ/モニタリング/DAC/ヘッドホンアンプ/DTM/宅録/配信/高音質/USB-C)
3549,ZOOM / TAC-2 | オーディオインターフェース | 通電確認 | 本体+Firewireケーブル付き
3550,TASCAM US-122MKII USB2.0 MIDI タスカム オーディオインターフェース
3551,KORG コルグ micro KEY Air 37 USB MIDIキーボード 中古 動作品
3552,☆Roland MT-32 音源モジュール LA音源 ローランド☆本体のみ、動作未チェックの為ジャンク
3553,KAWAI　K1r　VM　音源モジュール　AC付　動作品　現状安値スタート！
3554,Roland ローランド SC-88VL MIDI 音源 サウンド モジュール ジャンク W9785063
3555,正規品Waves IDX Intelligent Dynamics DTM
3556,MOTU M2 オーディオインターフェース USB-C AIF 保証書 レシートあり 動作確認済み
3557,Steinberg UR22mkⅡUSB AUDIO INTERFACE ジャンク
3558,s23665-ty [送料950円] ジャンク○TASCAM US-144 MK2 USB2.0 Audio/MIDI インターフェース [091-250309]
3559,Focusrite フォーカスライト オーディオインターフェース 2イン/2アウト 24bit/192kHz Scarlett Solo /中古品
3560,【即決】フロッピーディスクエミュレーター AKAI S950 S2800 S3000 S3200XL MPC60 MPC2000 TX16W GOTEK 検）HxC
3561,PreSonus プリソーナス FADERPORT フェーダーポート USB DAW コントローラー ジャンク品 D-13
3562,【J】IK Multimedia AXE I/O オーディオインターフェイス
3563,サンプリングCD「Pro Samples Vol.03　Drum ＆ Bass 1 ドラム＆ベース 1」2枚組・国内販売仕様・デジパック仕様・帯付・美品
3564,ZOOM Micro Rhythm Trak MRT-3・リズムマシーン・音出し確認済！・本体のみ
3565,03D08■YAMAHA　AG03 オーディオインターフェース 元箱付属■
3566,Hikari Duos Eurorack モジュラーシンセ ユーロラック 中古 Hikari INSTRUMENTS
3567,elektron Digitakt ドラムマシン＆サンプラー （木製スタンド付き）
3568,YAMAHA MU1000 Extended Edition
3569,Focusrite Scarlett 2i4（2nd Generation)　オーディオインターフェース
3570,Focusrite フォーカスライト RedNet PCIeNX 多チャンネルPCIe Dante インターフェイス PC周辺機器 未使用 N9827566
3571,レア Akai S1000 CD-ROM サンプリングCD 「40 oz.of dope-ass beats HIP HOP 」輸入盤
3572,モジュラーシンセ ユーロラック　dtm daw ladik R-120
3573,ROLAND UM-1 MIDIインターフェース
3574,★【売り切り】Roland ローランド オーディオインターフェース UA-700 箱/説明書付属 通電確認済み 音響機材 AIF ミキサー
3575,103Z144★【動作未確認☆ジャンク品】Roland/ローランド A-49 MIDI キーボードコントローラー
3576,ZOOM ハンディポータブルオーディオインターフェイス U-44
3577,YAMAHA MDF2 MIDIデータファイラー バックライトディスプレイ+FDDエミュレーター(USBドライブ)仕様
3578,AVID HD I/O 8x8x8　動作確認済み
3579,Focusrite Scarlett 18i8　フォーカスライト　オーディオインターフェイス　本箱付き　ジャンク品　１台
3580,BOSS DR-110 アナログドラムマシン　Roland
3581,【貴重な箱付き】　YAMAHA　ヤマハ　UX256 オーディオインターフェース　　USB　MIDI
3582,美品 PreSonus AUDIOBOX iTWO STUDIO オーディオインターフェイス レコーディング オーディオ機器 箱付き 付属品付き 動作品
3583,★Akai MPC2000/MPC2000XL/MPC3000/S01/S2800/S3000/CD3000/CD3000XL other REC KNOB RED★
3584,AKAI APC mini アカイ MIDIコントローラー
3585,Mannequins Cold Mac（ユーロラック Eurorack Doepfer）
3586,#15950 ALESIS インターフェース 内蔵MIDI キーボード Photon X25 ジャンク 動作未確認
3587,Y06/072 BOSS ボス Dr.Rhythm DR-660 リズムマシン 簡易動作確認済み 現状品
3588,IK Multimedia UNO Drum ドラムマシン リズムマシン
3589,営MK89-60Y Steinberg スタインバーグ UR12 オーディオインターフェース 24bit 192kHz 音響機材
3590,(ヤ) Y21【通電OK】オーディオインターフェイス TASCAM タスカム iXZ MIC ＆ GUITAR INTERFACE iPad iPhone iPod touch用オーディオ
3591,m-audio keystation mini32 mk3 美品
3592,【現状品】iCON アイコン PLATFORM M＋ フィジカルコントローラー フェーダー
3593,【美品】Oberheim Xpander MODEL XP-1 音源モジュール　オーバーハイムエクスパンダー
3594,【簡易動作確認済】 AKAI リズムマシン/サンプラー MPC ONE+ ［10-3］ No.6711
3595,03D66■Roland　TD-9 音源モジュール 電子ドラム■
3596,ROLAND SC-55mk2　サウンドモジュール
3597,YI キ3-196 MAONO オーディオミキサー インターフェース AU-AM200-S6
3598,BOSS Dr.Rhythm DR-660 / ボス リズムマシン 純正電源アダプターBRA-100・マニュアル付き
3599,Plinky synth v3 シンセサイザー
3600,【通電確認済み】M-AUDIO MIDIキーボード KEYSTATION 49 MK3 49鍵 MIDI キーボード USBケーブル付き
3601,【G】STEINBERG UR242 オーディオインターフェース スタインバーグ 106673
3602,ZOOM ズーム AR-48 シーケンサーリズムマシン SDカード付き★動作未確認品【TB】【委託】
3603,モジュラーシンセ ユーロラック erica synths Black Octasource daw dtm エリカシンセ
3604,★AKAI S5000/S6000 PC VOX 64 Voice Polyphony Expansin Card L5224B5010★OK!!★MADE in JAPAN★
3605,YAMAHA QY10 ヤマハ シーケンサー
3606,AKAI MPC3000専用 SD化完全キット SCSI外部ポート使用可能 穴あけ加工不要 期間限定特価！
3607,N834 オーディオインターフェース ONYX ARTIST 1.2 中古　未確認　現状品
3608,【美品・オマケ付】 JUG BeatBox JB-105(リズムマシン)
3609,Q258-H27-1989 Roland ローランド SOUND Canvas サウンドキャンバス SC-88 サウンドモジュール オーディオ機器 通電確認OK 日本製 KA
3610,〇ZOOM UAC-2【オーディオインターフェース/USB 3.0/ズーム/通電確認済み】
3611,BOSS DR-220A ドクターリズム　ドラムマシン　ボス
3612,■ RME Fireface UCX II オーディオインターフェイス ジャンク ■
3613,YAMAHA DISK ORCHESTRA MODULE DOM-30 ★通電確認のみ
3614,MASCHINE+ (PLUS) Native Instruments［国内代理店購入］
3615,【超美品】MOTU M2【送料無料】
3616,中古品 SSL Solid State Logic ソリッドステートロジック SSL2 USBオーディオインターフェイス
3617,FastTrack Pro オーディオインターフェース 動作品
3618,☆YAMAHA CBX-K1 MIDI KEYBOARD37鍵ミニ鍵盤 MIDIキーボード 音楽機材 楽器 ヤマハ
3619,E-mu Vintage keys Expander　お持ちの「Vintage Keys」を「Vintage Keys Plus」にアップグレードできるEPROM/SIMM
3620,Roland S-330 System Disk SET
3621,JOMOX MBase11
3622,（USED）KORG DRUMLOGUE ハイブリッドドラムマシン ドラムローグ
3623,【中古・未メンテナンス品】KORG microKEY2-25　MIDIキーボード【通電確認済み】：
3624,EDIROL UA-25EX USBオーディオインターフェース
3625,Edirol PCR-M1 MIDI Keyboard Controller 中古
3626,Roland TRC-CAPTURE UA-33 ジャンク
3627,○a TASCAM US-800 USB2.0Audio/MIDI Interface 通電品
3628,03D119■Roland　SC-8820 音源モジュール 動作品■
3629,MemoryMasters 32MB EDO SIMM 72PIN 2枚 KORG TRITON等に 241221
3630,中古 Conduct Machina
3631,MYM4-270 激安 MIDIインターフェース Opcode OMS Studio5LX 通電、電源オン、オフ OK 中古現状品 ※3回再出品で処分
3632,Y811★AVID/M Box/オーディオインターフェース/音響機器/電源確認のみ/送料590円〜
3633,KGNY5094 Roland ローランド オーディオインターフェース OCTA-CAPTURE UA-1010 音響機材 現状品
3634,ZOOM SampleTrak ST-224　※送料無料！
3635,ZOOM SampleTrak ST 224 サンプラー　銘器！
3636,現状品 YAMAHA UX16 USB-MIDI INTERFACE USB MIDI インターフェース
3637,【1円スタート！】Neve モジュール 2台まとめて トーンジェネレータ コンデンサー 音響機器 その3
3638,YAMAHA ヤマハシーケンサーQY300
3639,behringer U-PHORIA UMC22/UM2 まとめ売り ベリンガー オーディオインターフェイス 250331SK041772
3640,ジャンク MST MIDI to CV Converter + MIDI to CV Expander (2個) 検:ユーロラック モジュラーシンセ
3641,Audient オーディエント iD4mkII オーディオインターフェース
3642,KORG X5DR 音源モジュール コルグ サウンド シンセサイザー ジャンク W9904854
3643,E-MU イーミュー 9102 音源モジュール★ジャンク品【TB】
3644,【 G 】 Y7073 Roland SC-8820 音源モジュール ローランド
3645,05) スタインバーグ Steinberg オーディオインターフェイス UR22C
3646,Roland QUAD-CAPTURE UA-55 オーディオインターフェイス オーディオチャプター ローランド
3647,YAMAHA AG03 MK2 未使用品 ヤマハ ミキシングコントロール インターフェース
3648,steinberg UR12 USB オーディオインターフェース 音響機材 オーディオ機器 中古 H9882192
3649,キーボード AKAI PMK-49
3650,【G】NOVATION LaunchControl XL MIDIコントローラー 3005261
3651,【D】Roland SC-8820 SOUNDCanvas 音源モジュール ローランド 3010311
3652,YAMAHA TG77 TONE GENERATOR 音源モジュール WAVEカード付き
3653,OCTA-CAPTURE UA-1010
3654,ALESIS DM5 ドラム音源モジュール
3655,★M-Audio AIR 192 | 6 USB-Cオーディオインターフェース（2in2out／24bit/192kHz）
3656,ALESIS DM5 ドラム音源モジュール 現状品
3657,【美品】グルーヴボックス MASCHINE MK3 Native Instruments サンプラー ドラムマシン 元箱あり
3658,◎AKAI サンプラー S950 LCDディスプレイ視認性良好！ ＊AKAI S950 SAMPLER RAMテストOK メモリ拡張済み！！
3659,BEHRINGER RHYTHM DESIGNER RD-8 ベリンガー TR-808クローン 新品同様完動品・箱付き・送料無料
3660,■□Avid Pro Tools HD Native Thunderbolt オーディオインターフェース アビッド□■027389062J□■
3661,"【最終値下げ】【美品】oz design Inclusive Limiter【DTM, DAW, Mix, Mastering】"
3662,Roland　ローランド　MT-32　音源モジュール　サウンドモジュール　ACアダプター付属
3663,1円スタート！Roland SC-88 音源モジュール SoundCanvas ローランド
3664,PRESONUS プレソナス STUDIO26C オーディオインターフェイス 通電確認済★簡易検査品【TB】
3665,Boss BX-600 6チャンネル　MIXER
3666,f146*80 【ジャンク】 【１円～】ROLAND ( ローランド ) / TD-3 音源モジュール
3667,ACE TONE ◆ 日本ハモンド　 ヴィンテージ　リズムマシン　　FR-8L　　動作確認済み ◆ プリセットリズム内蔵
3668,【美品】Make Noise Morphagene
3669,《ジャンク》YAMAHA QY700 MUSIC SEQUENCER /シーケンサー/YAMAHA/店頭/他モール併売 《楽器・山城店》R739
3670,【G】Roland SC-88VL 音源モジュール ローランド 228322
3671,iRig Keys I/O 25 ジャンク
3672,IK MULTIMEDIA iRig Stream iPhone/iPad/iPod 用 オーディオインターフェイス ( アイケーマルチメディア )
3673,Native Instruments KOMPLETE KONTROL S61 MK2 MIDIキーボード 元箱付属
3674,Universal Audio Apollo Twin X Duo ユニバーサルオーディオ オーディオインターフェース プラグイン、元箱付き
3675,04S166■Presonus　オーディオインターフェース　STUDIO 24ｃ　動作品■
3676,Arturia Rev PLATE-140
3677,PreSonus FADERPORT
3678,元箱入 KORG microKEY25 25鍵 USB-MIDI キーボード
3679,AKAI HDM-10 ハードディスクアダプタ MPC1000 MPC2500 中古 ジャンク 10GB HDD 付属
3680,IK Multimedia iRig PRO i/O モバイル オーディオインターフェイス
3681,Audient audient 「EVO4」2in/2out オーディオ・インターフェース
3682,nano key2 中古
3683,o239 NATIVE INSTRUMENTS オーディオインターフェイス KOMPLETE AUDIO 2 中古　本体　現状品
3684,■□Avid Pro Tools HD Native Thunderbolt オーディオインターフェース アビッド□■027389063J□■
3685,Doepfer A-180-1 Multiples モジュラーシンセ ユーロラック 信号分岐マルチプル
3686,【Sampling CD】 best service - K-SIZE FX EDITION / 送料無料
3687,KAWAI R-50 III ドラムマシン
3688,【C】ACE TONE FR-106 Rhythm FEVER リズムマシン リズムボックス エーストーン 3011031
3689,Roland TR-09 リズムコンポーザー TR-909
3690,「I43_11A」Roland TRI-CAPTURE オーディオインターフェース UA-33　96KHz/24Bit 動作品（250422）
3691,【J】 YAMAHA QY700 ヤマハ リズムマシン 188922
3692,Expressive E / Touche SE マホガニータッチプレート付き
3693,美品　YAMAHA 　ライブストリーミングミキサー 3チャンネル ブラック AG03MK2　　C2981　　80サイズ発送
3694,HAGIWO MOD1 ハード組立済 DIYモジュール　Eurorack モジュラーシンセ　①
3695,【C】AKAI MPC ONE サンプラー アカイ 3011302
3696,【 G 】837 Roland MT-32 音源モジュール ローランド 本体のみ
3697,【ジャンク品】本体のみ Sound Canvas SC-8850 Roland ※2400010503757
3698,【 C 】6943 UNIVERSAL AUDIO VOLT1 オーディオインターフェース ユニバーサルオーディオ
3699,ほぼ未使用品　BEHRINGER ( ベリンガー ) FOUR PLAY　モジュラーシンセ　ユーロラック　VCA
3700,steinberg スタインバーグ CI2+ オーディオインターフェース 【未確認 現状品】
3701,【中古】 オーディオインターフェイス Focusrite Scarlett Solo 3rd Gen ファーカスライト スカーレットソロ 第3世代
3702,★美品★使用回数少ない★M-AUDIO M-TRACK 2x2 C-SERIES オーディオインターフェース
3703,lucid GEN X192 クロックジェネレーター 通電確認のみ
3704,【G】BOSS JS-5 リズムマシン ボス Jam Station 3055813
3705,ローランド　SOUND Canvas SC-55ST　ジャンク品
3706,【 J 】1018 Universal Audio ARROW UAD2 SOLO CORE オーディオインターフェイス ユニバーサルオーディオ
3707,Erica Synths Pico Mixer ほぼ未使用　3HPサイズ　ミキサー
3708,Steady State Fate Stereo Dipole モジュラーシンセ ユーロラック フィルター
3709,PRESONUS プレソナス STUDIO 26c オーディオインターフェイス USB接続MIDIインターフェース　USBケーブル付き★動作未確認品【TB】
3710,02w14588【1円～】ROLAND USBオーディオインターフェース Rubix24 【ジャンク品】
3711,即決◆新品◆送料無料M-Audio Micro DAC 24/192 USBメモリ タイプ DAC
3712,オーディオインターフェイス MOTU 8pre Firewire 8ch プリアンプ 通電基本動作確認済み
3713,zoom rt-223 ZOOM RhythmTrak
3714,AKAI MPC LIVE 2
3715,Ｒoland SC-8850 (1) （ローランド） 音源モジュール SC-8850 ※ジャンク品
3716,BEHRINGER CAT
3717,USB MIDIホストボックス UMH-10
3718,【初期化済】YAMAHA/MU2000/トーンジェネレーター/音源モジュール/ヤマハ【送料無料】
3719,【中古】ヤマハ YAMAHA AG03 オーディオインターフェース ミキサー
3720,G602-O35-3315 Roland ローランド SOUND MODULE サウンドモジュール SC-33 オーディオ機器 音響 外箱付き OA
3721,Roland ローランド A-49-BK MIDIキーボード USBケーブル付き★動作品【TB】
3722,■■デッドストック 未使用品 Kawai Sequencer Q-55
3723,Roland JD-990 + SR-JV80-04 ＋液晶交換済
3724,YAMAHA KX5 ヤマハ ショルダーMIDIキーボード ハードケース付き
3725,★【売り切り】KORG MIDIキーボード microKEY-25 コルグ コントローラー 25鍵盤 USB DAW DTM 作曲
3726,【G】 BOSS Dr.Rhythm DR-670 リズムマシン ボス 3059101
3727,NIBBLER - SCHLAPPI ENGINEERING モジュラーシンセ ユーロラック
3728,RME Babyface Pro FS 完動品 付属品完備
3729,YAMAHA　YMC10 Midi Converter
3730,☆【2K0501-34】 YAMAHA ヤマハ FM TONE GENERATOR 音源モジュール TX802 100V ジャンク
3731,digidesign digi 003 Rack (Avid) オーディオインターフェイス（管２FW)
3732,digidesign/デジデザイン digi 001 MX001 オーディオインターフェース 動作未確認 /060
3733,ROLAND ローランド P-6 CREATIVE SAMPLER サンプラー 通電確認済み 現状品 外箱等 付属
3734,状態良品 TRAKTOR オーディオインターフェース SCRATCH PRO AUDIO 8 DJ ステッカのみ欠品その他完備 (管理番号：063112)
3735,biamp TESIRA FORTE DAN VT オーディオサーバー
3736,格安 AVID Pro Tools Carbon Hybrid Audio Production System 動作品 XLR(F)(M)デジタルマルチケーブルx2 Apple純正アダプタ付
3737,★pro samples VOL03 Drum & Bass 1 CD-ROM★
3738,KORG MICROKEY2-25 AIR ワイヤレス
3739,♪ Roland ED SOUND Canvas SC-8820 1608Tones 64Voices 32Parts & ELECOM MS-85MA(2.1chスピーカー）お試しMIDIファイル他 ※ 動作良好品
3740,Roland SC-88 pro
3741,korg drumlogue ドラムローグ
3742,中古美品　AVP SYNTH RITMOBOX アナログリズムマシン ロシア製　レア
3743,◆◇AKAI/アカイ USB MIDIキーボード 25鍵 LPK25 Professional 未使用品◇◆
3744,Arturia Keystep 37
3745,S◎中古品◎2×2 USB 2.0 オーディオインターフェース『steinberg UR22mkⅡ』 スタインバーグ 24-bit/192kHz D-PREマイクプリ搭載
3746,【A-4】 Tascam iXR オーディオインターフェース 通電可 タスカム 元箱付き 中古品 2504-69
3747,S) M-AUDIO M-Track Solo オーディオインターフェース 音響機器 機材 ※現状渡し/動作未確認 @60 (5)
3748,ベリンガー NEUTRON シンセサイザー 通電のみ確認 ジャンク品
3749,PreSonus AudioBox iTwo オーディオインターフェイス 通電確認のみ 現状品 管理番号05149
3750,NATIVE INSTRUMENTS KOMPLETE Audio6 オーディオインターフェース 音響機材 ジャンク Y10003230
3751,即決 999円 LINE 6 ライン6 POD STUDIO UX1 USB オーディオインターフェース 通電確認済
3752,スタインバーグ Steinberg USB3.0 オーディオインターフェイス UR22C A069
3753,Roland SC-88VL (純正ACアダプター付)
3754,Universal Audio apollo 8duo ライセンストランスファー済み、本体と電源のみ
3755,ZOOM ズーム RhythmTrak RT-123 リズムマシン 取扱説明書/ACアダプター付き★簡易検査品
3756,KORG コルグ MS1 サンプリングキーボード ACアダプタ/マイク/ソフトケース付き★簡易検査品
3757,★Roland UA-55 オーディオインターフェース QUAD-CAPTURE ローランド USED 17832★！！
3758,YAMAHA デジタルシーケンスレコーダー QX5 リズムマシン
3759,【J】 YAMAHA QY100 リズムマシン ヤマハ 189301
3760,〓 ALESIS/アレシス 49鍵盤 MIDIキーボードコントローラー Q49 MKII ε
3761,YAMAHA TX81Z FM音源
3762,【G】KORG NS5R 音源モジュール コルグ 3045946
3763,Focusrite Scarlett 2i4 フォーカスライト オーディオインターフェイス
3764,AKAI professional APC40 MKII 2 音楽 趣味 MIDIコントローラー アカイ 音響 中古 美品 T10038766
3765,KORG MINI POPS 35
3766,u57318　中古　AKAI　　MPK mini play MK3
3767,u57320　中古　ヤマハ　RX17 リズムマシン
3768,ユニバーサルオーディオ VOLT2 USB Recording Studio　USB2.0 オーディオインターフェイス 2イン 2アウト VOLT 2 本体のみ
3769,■□Avid HD MADI Pro Tools HDX用 オーディオインターフェース アビッド□■027389031J□■
3770,S4182S Roland ローランド サンプラー SP-404MKII 通電のみ確認 その他未チェック 現状品 (Analog Casesのケース付き)
3771,☆ Roland ローランド SC-88 MIDI ハードウエア 音源 中古 現状品 250507M4973
3772,ヤマハ　MIDI音源モジュール　MU2000Ex
3773,◇ONKYO USBデジタルメオーディオプロセッサー UE-205 ◇ 取説付属 ◇
3774,BOSS DR-55 リズムマシン 動作未確認 ボス Dr.Rhythm 中古 ジャンク品 管理ZI-60
3775,E-MU PROTEUS /3 World 音源モジュール　※動作未確認
3776,Fabfilter Total Bundle Windows
3777,USBDAC FX-AUDIO- FX-01J TYPE-A PCM5102A搭載 バスパワー駆動 ハイレゾ
3778,Soundtheory Gullfoss Windows
3779,Roland ローランド D-110 音源モジュール サウンドモジュール 通電確認済
3780,★ apollo アポロ twin X インターフェース 中古 現状品 250501A2260
3781,iZotope RX11 Advanced Windows
3782,【動作確認済】Roland EDIROL SD-90 音源モジュール Studio Canvas
3783,YAMAHA ヤマハ MOTIF-RACK XS 音源モジュール 音響機材
3784,【現状品】steinberg オーディオインターフェース UR22mkII スタインバーグ 24bit/192kHz gi5-138
3785,【動作品】Roland ローランド 電子ドラム V-Drums 電源モジュール / TD-3
3786,05S218■Roland　音源モジュール　FANTOM XR■
3787,BOSS SP-303 Dr.Sample ボス サンプラー 通電OK ※動作未確認品 状態説明あり★ジャンク品【福岡】
3788,◇MIDIキーボード　M-AUDIO　Keystation 61 MK3　ノーチェック◇25-5-O7
3789,メンテ済み！ AKAI MPC 2000 セット スイッチ類 スライダー全交換 PADセンサー 新品！
3790,YAMAHA MU2000 トーンジェネレーター 音源モジュール
3791,【 G 】2046 YAMAHA UX256 オーディオインターフェイス ヤマハ
3792,通電確認　Roland FireWire Audio Capture FA-66　ローランド　エディロール　EDIROL ローランド オーディオインターフェイス 音響機器
3793,★ Roland ローランド TR-77 リズムマシン 中古 現状品 250501E6524
3794,【2025/2/5購入品】MOTU M2 オーデイオインターフェイス
3795,M-AUDIO FireWire Solo オーディオインターフェイス
3796,error instruments / ERASERHEAD THEREMIN　ユーロラック　モジュラーシンセ
3797,Varigate 4+ Malekko Heavy Industry　ユーロラック　モジュラーシンセ
3798,Roland/ローランド SR-JV80-05 WORLD 音源ボード エクスパンションボード 250528
3799,【動作未確認】AKAI PROFESSIONAL MPC Studio PC用MPCコントローラー アカイ 1円~　S5590
3800,Rolando SP-404MK2
3801,◆ROLAND/MIDIインターフェース GI-10（045）◆
3802,MERGING TECHNOLOGY Anubis Pro SPS アヌビス プロ オーディオインターフェース 中古 T10036227
3803,BEHRINGER ''NEUTRON'' アナログ パラフォニック セミモジュラーシンセサイザー 動作確認済
3804,【正規品】AIによる簡単ミックス iZotope Neutron 5 Elements
3805,TASCAM US-2x2
3806,IK-250531-19-HS AKAI MD280
3807,IK-250531-18-HS YAMAHA FB-01 音源モジュール ヤマハ
3808,ヤマハYAMAHA☆CBX-T3 MIDI音源モジュール☆セットCBX-201V2
3809,【通電確認済み】YAMAHA デジタルリズムプログラマー RX5 リズムマシン シーケンサー WAVEFORMデータカートリッジ付 ヤマハ ジャンク
3810,★AKAI Professional EWI5000J White ウインド・シンセサイザー★新品送料込
3811,ジャンク MOTU 1224 24bit 10in 12out オーディオインターフェイス
3812,BOSS Dr.Rhythm DR-55 アナログ・リズムボックス 日本製 箱説付き
3813,■オーディオインターフェイス ROLAND UA-4FX■動作確認済み。■光ケーブル50cm2本、赤白ケーブル2本付
3814,☆ 同梱不可 ◇ BOSS リズムマシン Dr.Rhythm DR-880
3815,YAMAHA 音源モジュール MU-2000
3816,YAMAHA MU80　ヤマハ　トーンジェネレーター　音源モジュール　シンセサイザーの拡張音源
3817,Roland SC-D70
3818,EDIROL エディロール AUDIO Capture USB AUDIO Interface UA-3D 5.1ch
3819,1000円スタート MUSIC SEQUENCER ミュージック ハンディ・シーケンサー YAMAHA ヤマハ QY10 通電確認済み 付属品有 FHZ0119
3820,【 G 】 Y8504 Universal Audio Apollo x8 オーディオインターフェース
3821,YAMAHA UX256 USB-MIDIインターフェース ヤマハ
3822,YAMAHA: WX7 MIDIコントローラー
3823,◆ROLAND/MIDIパッチベイ　A-880 ハードケース入◆
3824,4MS モジュラーシンセ ユーロラック　Spherical Wavetable Navigator dtm daw
3825,Onde Magntique OM-1 カセットテープ シンセサイザー メロトロン　dtm daw モジュラーシンセ　ユーロラック
3826,【動作未確認】 PreSonus プレソナス AUDIOBOX iTWO STUDIO 音響機材
3827,【動作OK】ヤマハ YAMAHA ライブストリーミングミキサー AG03 MK2 B
3828,1円【ジャンク】YAMAHA ヤマハ/音源モジュール/MU128/64
3829,【ジャンク】Roland R-70＜バッテリー切れ＞※ACアダプター欠品 ローランド リズムマシン ドラムマシン MADE IN JAPAN □
3830,S●中古品●2チャンネルパッシブボリュームコントローラー 『NANO PATCH+』 JBL/ジェービーエル 横:約13cm×縦:約9.2cm コンパクト 中国製
3831,【 G 】8644 NATIVE INSTRUMENTS TRAKTOR AUDIO 2 DJオーディオインターフェース ネイティブインストゥルメンツ
3832,◆IG126 ローランド サウンドライブラリー など まとめ　Roland SN-U110-06 Orchestral Winds PCM DATA ROM など 動作未確認◆
3833,★売切★ BEHRINGER behringer ベリンガー USB オーディオインターフェース UMC404HD マイクプリアンプ 音響機材
3834,YAMAHA TX802 音源モジュール シンセサイザー ヤマハ 【ジャンク品】
3835,ジャンク「YAMAHA A4000 PROFESSIONAL SAMPLER」CDドライブCRW8824SX付
3836,AKAI Z8 アカイ　サンプラー
3837,YAMAHA MOTIF-RACK ES
3838,送料無料【 ROLAND MC-707 】GROOVEBOX グルーヴボックス シーケンサー シンセサイザー ドラムシンセ
3839,【送料込】Roland USBオーディオインターフェース RUBIX44 動作品
3840,ほぼ未使用品　After Later Audio FILThy モジュラーシンセ　ユーロラック　元箱　付属品あり
3841,【動作確認済】AKAI デジタルサンプラー Z8 メモリ512MB / HDD 40GB搭載 LCDパネル メンテナンス済
3842,Roland ローランド Expansion Board MADE in JAPAN SRX-06 Complete Orchestra エキスパンションボード
3843,Roland MT-32 純正アダプター付 動作確認済 ローランド
3844,MiDiPLUS STUDIO 2　中古良品（メンテナンス・動作確認済）
3845,TY-591 Steinberg UR22mkII / 2x2 USB2.0 24bit / 192kHz オーディオインターフェース／スタインバーグ
3846,IK Multimedia アイケーマルチメディア / iRig HD 2 ギター＆ベース用 オーディオインターフェース
3847,MOTU MIDI Express XT 8IN/8OUT MIDIインターフェイス
3848,ZOOM リズムマシン RhythmTrak RT-123
3849,AVID Mbox Mini オーディオインターフェイス
3850,ZIQAL DIMENSION MK3 モジュラーシンセ ユーロラック make noise mutable intelijel
3851,正規品 IK Multimedia AmpliTube SVX ベースアンプ Ampeg
3852,【格安スタート】E-MU ピアノモジュール 9102
3853,PRESONUS プレソナス STUDIO 26c オーディオインターフェイス USBケ－ブル付き★動作未確認品【TB】
3854,YAMAHA シンセサイザー　VL70-m
3855,ALESIS S4 QuadraSynth 64ボイス 音源モジュール DTM MIDI ラックマウント ジャンクS10116637
3856,♪▲【M-AUDIO エムオーディオ】オーディオインターフェース M-Track mk2 0616 4
3857,ARTURIA MINILAB MK2 25鍵ベロシティ センス付きスリム キーボード 音響機材 アートリア 中古 良好 O10138269
3858,YAMAHA MU100 MU100R 取扱説明書 2冊セット
3859,◎【売り切り】Steinberg(スタインバーグ) オーディオインターフェイス USB AUDIO INTERFACE 24bit 192kHz UR22
3860,ZOOM◆ズーム/オーディオコンバーター/TAC-2R/Thunderboltオーディオインターフェース/2イン2アウト (本体のみ)
3861,Avid Artist MIXコントローラー 通電確認済み
3862,♪ YAMAHA ヤマハ WX5 ウインドシンセ 中古 現状品 250511Y7991
3863,【動作確認】Roland ローランド D-110 MULTI TIMBRAL SOUND MODULE
3864,【通電動作未確認】AKAI APC mini mk2 クリップロンチコントローラー Ableton Live用 Akai Professional アカイ 1円~　M0714
3865,【 J 】 RME ADI-2 Pro オーディオインターフェース 3049102
3866,◎ TASCAM タスカム US-1x2 USBオーディオインターフェース 通電確認済 本体のみ オーディオ用品 楽器 マイク ギター【全国送料一律600円】
3867,MOTU モツ オーディオインターフェース M6 元箱付き □ 728A2-2
3868,稀少 ENSONIQ PARIS DAWシステム マルチトラックレコーディングシステム MEC+442インターフェース コントローラー付き
3869,ベリンガー(Behringer)U-PHORIA UM2 USB オーディオインターフェイス パソコンの音は出ました。
3870,O-21 送料無料　EDIROL by Roland エディロール UA-25EX 24bit 96khz オーディオインターフェース 動作未確認 現状品
3871,1円【ジャンク】Roland ローランド/サウンドモジュール MIDI音源モジュール/SC-55mkII/69
3872,中古品　YAMAHA AG 08 ヤマハ　ミキサー　オーディオインターフェイス　美品　サカナクション　山口一郎使用機材
3873,AKAI MPC2000XL専用 SD化完全キット ファームウェアアップグレードDISK付き 期間限定特価!!
3874,【オススメ品】Roland サンプラー MS-1 ローランド
3875,KORG DDD-1 日本語の取扱説明書付き/ DYNAMIC DIGITAL DRUMS コルグ デジタルドラムマシン
3876,【極美品】EDIROL USB オーディオキャプチャーUA-4FX
3877,DOEPFER ( ドイプファー ) / A-190-5 USB MIDI Polyphonic CV / Gate Interface　モジュラーシンセ ユーロラック
3878,美品 ローランド Roland VT-4 AIRA Voice Transformer エフェクター・プロセッサー オーディオ機器
3879,"AKAI EB-16 FX Effects Board / MPC2000, MPC2000XL / S2000, CD3000XL & S3000XL など用のエフェクトカード"
3880,AVID mbox mini オーディオインターフェイス
3881,sksz862▲　キーボード　Roland PC-50 MIDIキーボード　コントローラー 　音響機器　通電のみ確認　ジャンク？
3882,PRESONUS プレソナス STUDIO 26c オーディオインターフェイス USB接続MIDIインターフェース USBケーブル付き★動作未確認品【TB】
3883,PreSonus プレソナス AudioBox iTwo オーディオインターフェイス 動作未確認 ジャンク 中古 3‐2
3884,UTT635 Rhythm Ace FR-6 リズムボックス ACE TONE 通電のみ確認 現状品
3885,KORG nanoKONTROL2 MIDIコントローラー コルグ 25F 北TO2
3886,YAMAHA MU1000 シンセサイザー ヤマハ 未チェック 現状品 管理番号 06317
3887,S◎中古品◎オーディオ・インターフェース『Arturia AudioFuse』 アートリア アルミ製ボディ MIDI端子搭載 24ビット次世代AD/DAコンバータ
3888,◆ジャンク/ROLAND/CD-ROMプレーヤー CD-5　（019）◆
3889,【Edirol】エディロール　UA-3FX / オーディオ インターフェイス / 現状品
3890,Make Noise Maths ユーロラック モジュラーシンセ
3891,a7-026 ■CREATIVE Sound Blaster SB1240
3892,Roland EDIROL SD-90 音源モジュール　通電のみ確認本体のみ　ジャンク
3893,Oeksound soothe2 Windows
3894,【中古】UNIVERSAL AUDIO VOLT 276
3895,M【500円スタート】 KOMPLETE KONTROL M32 MIDIキーボード 32鍵 ジャンク品
3896,YAMAHA ヤマハ QX5 デジタルシーケンスレコーダー リズムマシン 音響機材 ジャンク O10174013
3897,PreSonus STUDIO 24C オーディオMIDIインターフェース 中古 T10157033
3898,【 G 】8643 KORG　 TR-Rack　音源モジュール　コルグ　本体のみ　210598
3899,【美品】MOTU UltraLite mk5 モツ USB-C
3900,APOGEE duet USB2.0 オーディオ インターフェイス 音響機材 中古 T10172456
3901,Oeksound soothe2 Windows
3902,【JL-08】Cubase ARTIST バージョン不明 パッケージ版 ダウンロードコード USB-eLicenser付属 mac＆windows DTM DAW steinberg【未開封】
3903,YAMAHA TX802 FM音源モジュール 現状品
3904,Antelope Zen Go synergy core USB版 難アリ
3905,Roland TR-6S ローランド リズムマシン
3906,Roland UA-25EX オーディオインターフェース
3907,BOSS ボス Roland SP-202 Dr.Sample サンプラー
3908,【ACアダプター・ペダルスイッチ付き】KORG コルグ リズムマシン KR mini リズムボックス スピーカー内蔵
3909,YAMAHA ヤマハ QY70 MUSIC SEQUENCER ミュージックシーケンサー シーケンサー リズムマシン 音響機器 楽器 機材 BEG8B
3910,MOTU LP32 モツ オーディオインターフェース 箱付き ※追記あり
3911,TC HELICON GO XLR オーディオインターフェース 音響機材 中古 良好 S10193723
3912,【G】 Roland SC-55mkII 音源モジュール ローランド 190221
3913,【1円オークション】USB オーディオ インターフェイス BGM22 192kHz 　ANK1184
3914,中古★Steinberg スタインバーグ　UR22mkII オーディオインターフェース 元箱付属【UR22mkⅡ】F5ZV
3915,AKAI professional　アカイ　MPC2000XL　MIDI PRODUCTION CENTER　サンプラー　リズムマシン　ZIPドライブ
3916,【 G 】9964 Roland A-500PRO MIDIキーボード コントローラー ローランド 3070164
3917,【 G 】9867 YAMAHA MU1000 電源モジュール ヤマハ 196342
3918,iZotope Ozone 11 Advanced Windows
3919,NOVATION LAUNCHKEY 61 MIDIキーボード コントローラー (美品)
3920,ZOOM UAC-2 オーディオインターフェース 別売ACアダプター付属
3921,【送料無料】美品 Roland SC-8850 SOUND CANVAS シンセサイザー ローランド 音源モジュール②（81051）
3922,Behringer U-PHORIA UMC22 オーディオインターフェース 音響機器 ベリンガー 中古 F10188405
3923,BOSS DR-55 ボス DTM DAW Dr Rhythm リズムマシン ジャンク品 [1011OH]
3924,Arturia KeyLab 49 Gen-1／美品＆軽微な使用痕あり／詳細説明あり
3925,未開封 KORG リズムボックス KR mini RHYTHM DTM リズムマシン リズムマシーン 楽器 器材 コルグ
3926,ジャンク 通電確認のみ YAMAHA ヤマハ KX25 USBキーボードスタジオ PA-3CACアダプタ[21926
3927,AKAI アカイ 赤井電機 サンプラー S950 MIDI DIGITAL SAMPLER 現状 綺麗です
3928,♪▲【RORAND/PIONEER ローランド/パイオニア】インターフェイス/ＣＤレコーダー 2点セット GI-10/DT-11 まとめ売り 0715 23
3929,novation Launch Control XL MK2 MIDIコントローラー オーディオ機器 ノベーション 中古 S10219844
3930,AKAI APC40 MIDIコントローラー Ableton対応 送料無料
3931,Native Instruments MASCHINE MK3 Black MIDIコントローラー グルーヴ制作システム サンプラー 音響機材
3932,動作確認済、詳細有、送料無料、即決6500円、YAMAHA QR10
3933,M-AUDIO KEYSTATION61 MK3 USB MIDI 61鍵 キーボード 鍵盤楽器 エムオーディオ 中古 C10178297
3934,Roland SC-88VL 完全動作品 (一部破損のため格安にて) ローランド SOUND Canvas SC-55MAP/CM-64互換モード搭載
3935,デジタル MIDI シーケンサー Q-80 KAWAI ジャンク
3936,MOTU Fastlane USB MIDIインターフェイス
3937,iZotope VocalSynth 2 Windows
3938,iZotope Neutron 5 Windows 動作安定版
3939,HAGIWO MOD2 ハード組立済 DIYドラム音源モジュール　Eurorack モジュラーシンセ　②
3940,☆美品!STEINBERG スタインバーグ オーディオインターフェース【UR22C】☆
3941,【ジャンク】ARTURIA Minilab mk2 MIDIキーボード 本体のみ　250609SK750097
3942,☆AKAI Professional EWI5000 ウィンドシンセサイザー 電子管楽器 ワイヤレス ジャンク
3943,●Tascam USB2.0オーディオ/NIDI インターフェイス US-122MK2
3944,YAMAHA ヤマハ　VL-70-m バーチャルアコースティック　トーンジェネレーター　音源モジュール
3945,♪▲【Roland ローランド】SOUND Canvas 音源モジュール SC-88 Pro 0722 4
3946,♪Avid SYNC HD ProTools アビッド シンクロナイザー 中古♪
3947,【 G 】 Y9754 AKAI S950 サンプラー アカイ 3055255
3948,【09】RME TDIF-1 8CHフォーマットコンバータ
3949,SWAM All In Bundle Windows
3950,サンプリングCD　HipHop Beats
3951,LIS-250723-23 M-AUDIO エムオーディオ MIDIキーボード KS-61ES 61 鍵盤 KEYSTATION 楽器 電子ピアノ USBMIDIKeyboard 音楽 通電確認済み
3952,KORG コルグ　EMX-1 SD ELECTRIBE MX
3953,AIS-250723-37 Roland ローランド U-220 サウンドモジュール　音源モジュール　通電確認済み
3954,美品　After Later Audio QARV モジュラーシンセ　ユーロラック　元箱
3955,●PreSonus FireStudio Mobile●
3956,BOSS リズムマシン DR-770 ジャンク
3957,【J】 Roland CompuRhythm CR-800 ① リズムマシン ローランド 097371
3958,Antares Auto-Tune Unlimited Windows
3959,AKAI アカイ MPK25 MIDIコントロールキーボード ブラック MIDI 楽器 機材 通電OK
3960,【8YU鳥04018C】★YAMAHA★AG03★3ch★ウェブキャスティングミキサー★ホワイト★ミキサー★ライブ配信★ライブストリーミング★
3961,YAMAHA FM TONEGENERATOR TX81Z
3962,Roland ローランド リズムマシン ヒューマンリズムコンポーザー R-5 【現状品】【純正アダプター付き】
3963,【 G 】8649 ZOOM Micro Rhythm Track MRT-3B リズムマシン ズーム 3066365
3964,YAMAHA MU80 音源モジュール
3965,ESI U22 XT 2IN/2OUT 24bit USBオーディオインターフェース 中古美品
3966,BEHRINGER B-CONTROL ROTARY BCR2000 ベリンガー USB/MIDIロータリーノブコントローラー　電源コード/MIDIケーブル付★動作未確認品【TB】
3967,MOTU 8D モツ オーディオインターフェース 箱付き ※USB端子故障
3968,YAMAHA RX15 DIGITAL RHYTHM PROGRAMMER / ヤマハ リズムマシン
3969,一部未開封 Roland Apple Macintosh ミュージ郎 SC-88Pro (DTM-MR88PA) 音源サウンドモジュール Sound Canvas 箱説付 通電のみ確認【20
3970,Sonible Plugin Collection Windows
3971,通電確認済 Rhythm Ace リズムエース FR-8L リズムマシン 【D-8】
3972,ジャンク扱い 起動確認のみ MOTU オーディオインターフェース M2 モツ [TK25-0801-3]
3973,良品 ZOOM オーディオインターフェース UAC-2 USB3.0 SUPERSPEED Audio Interface 対応:PC/Mac/iPad 最大サンプリングレート:192kHz ズーム
3974,◆ Roland ローランド PC-160A MIDIキーボード 中古 現状品 250711Y7232
3975,YAMAHA ヤマハ QY100 シーケンサー リズムマシン
3976,Softube Chandler Collection Windows
3977,9/57☆AUDIENT iD4　オーディオインターフェース オーディエント　箱有　写真追加あり☆あ1
3978,送料無料 Steinberg/スタインバーグ UR22mk2 USBオーディオインターフェース 説明書＆Tool for UR22mkⅡCD付属 /AUDIO INTERFACE
3979,●Solid State Logic SSL2 オーディオインターフェース ソリッドステートロジック　ジャンク●
3980,●Focusrite Scarlett 4i4 4th Gen オーディオインターフェイス　ジャンク●
3981,YAMAHA　ヤマハ　RX5 リズムマシン　動作未確認　現状品
3982,SEQUENTIAL（Dave Smith Instruments） Prophet Rev2 module 8Voice 美品中古 元箱付属
3983,【 G 】 Y10166 RME Fireface 400 オーディオインターフェイス 【元箱付き】 3091446
3984,ROLANDローランド　SC-88　エフェクター？　1台　中古難有ジャンク品
3985,KORG　RHYTHM KR-55リズムマシン　プリセット
3986,FMN0.5/2.5 YAMAHA KX49 MIDIキーボード USB KEYBOARD STUDIO 通電確認済
3987,ヤマハシーケンサーQY-700本体のみ
3988,ローランド s-550 s-330 SOUND LIBRARY サウンドライブラリー サンプラー用 L-551 Flute Piccolo Alto Sax サックス フルート ピッコロ
3989,Dr. MUSIC LAB 輸入盤CD-ROM MIDI WAVE UTILITIES EDITORS PLAYERS A RESOURCE FOR SOUND CARD USERS MIDI SMF データを含む DR.CD ROM
3990,★Akai MPC4000 DISPLAY (SII G321E V5R001) BACKLIGHT バックライト★OK!!★
3991,HAMMOND XM-1 XMc-1 動作チェック済み
3992,(未使用)TASCAM iXZ iPad/iPhone/iPod touch/Androidoデバイス用 マイク/ギターインターフェース【中古/動作品】*354753
3993,★AKAI Out MIDI USB SCSI Board Z4/Z8 Other★OK!!★MADE in JAPAN★
3994,★Roland SR-JV80-05 WORLD EXPANSION BOARD★OK!!★MADE in JAPAN★
3995,Roland GUITAR CONTROLLER GC-10 ＆ GI-10 GUITAR MIDI INTERFACE 取説 13pinケーブル 専用ACアダプター付属 ギタ次郎
3996,★AKAI Z4/Z8/MPC4000 PC POWER SPS-80 Electric Unit★OK!!★MADE in JAPAN★
3997,YAMAHA MJC8 整備済品
3998,ROLAND KNOB ローランド　ノブ　つまみ　パーツ　部品
3999,【埼玉発】【Behringer】オーディオインターフェース　UM2 U-PHORIA / 48V ファンタム電源搭載 2入力2出力 ★通電・動作確認済★　(9-3715)
4000,YAMAHA TX802 ヤマハ 音源モジュール シンセサイザー
4001,★ROLAND FANTOM-XR MAIN BOARD Assy 72566267★OK!!★MADE in JAPAN★
4002,u55924　中古　AKAI　MPD２１８　MIDIパッドコントローラー
4003,error instruments　Control freak / Radio Sputnik UVB-76
4004,UNIVERSAL AUDIO オーディオインターフェース Apollo Twin MKⅡ Duo CM017121 apple純正 Thunderboltケーブル アダプター付属
4005,DOEPFER ( ドイプファー ) A-110-1 Standard VCO
4006,【ドローン、ドラム】BASTL INSTRUMENTS　TEA KICK　 モジュラーシンセ　 ユーロラック　doepfer make noise moog mutable
4007,★GREEN HOUSE MEMORY 32MB X 2枚=64MB 72Pin SIMM★
4008,M-Audio FW1814
4009,★E-MU E64/E4XT/E IV/E-SYNTH/E5000 ULTRA/E6400 ULTRA other POW DEC TECH (PTE43-31) Electric Unit★
4010,★AKAI S5000/S6000 other SKYNET AKI-9085 Electric Unit★まとめて10個セット★OK!!★
4011,Roland EXPANSION BOARD SR-JV80-96 SR-JV80-18 WORLD COLLECTION LATIN ローランド 夏だ！ラテンだ！ エクスパンションボード
4012,送料無料！美品！【Qu-bit Electronix Surface】ユーロラック　モジュラーシンセ
4013,After Later Audio DICE　モジュラーシンセ　ユーロラック　MARBLES クローン
4014,★動作品! Roland SRX-99 Special SRX Board EXPANSION BOARD ローランド 音色カード 拡張音源 音源ボード エクスパンションボード
4015,Roland ローランド SC-88 音源モジュールSOUND Canvas サウンドキャンバス MIDI
4016,Rocktron MIDI MATE フット コントローラー ロックトロン -d106
4017,KORG KR mini リズムボックス
4018,★Akai S5000/S6000 KNOB (DATA)★
4019,【通電確認のみ】ZOOM B1 FOUR マルチエフェクター [4-4] No.5878
4020,Mini Macman Mac用MIDI インターフェース
4021,★ROLAND SC-8850 MAIN PWB BOARD Assy 71344723★OK!!★MADE in JAPAN★
4022,NOVATION LaunchControl XL MIDIコントローラー
4023,★動作品! 国内電圧100V対応 MOTU 828mk2 FW FireWire オーディオインターフェイス MKII モツ
4024,Behringer ベーリンガー USBオーディオインターフェース搭載DAW対応ミキサー 302USB XENYX 管理955
4025,A-271(中古品) MIDIキーボード キーボード 32鍵 M-AUDIO KEYSTATIONMINI32 MK3 M-Audio
4026,AKAI FORCE 【デッキセーバー付き】アカイ フォース
4027,Doepfer A-180-1 Multiples モジュラーシンセ ユーロラック 信号分岐マルチプル
4028,S9816◎YAMAHA ヤマハ　MIDI音源モジュール トーンジェネレター　TG100　音出しOK【訳アリ】 250211
4029,美品! Steinberg UR22 オーディオインターフェース スタインバーグ 本体のみ 室内保管品 非喫煙環境です
4030,[QS][B5102112] Roland ローランド U-110 音源モジュール サウンドモジュール シンセサイザ 現状品
4031,Steinberg UR-22mk2 オーディオインターフェース 音楽機器
4032,AKAI アカイ MPK mini MIDIキーボード コントローラー USB ミニキーボード 本体のみ
4033,0215L6 Roland ローランド オーディオインターフェース UA-22 DUO-CAPTURE EX 音響機材 オーディオ機器 オーディオインターフェイス USB
4034,KORG 音源モジュール 05R/W コルグ【現状販売品】25B 北TK2
4035,【J】YAMAHA KX5 ショルダーMIDIキーボード ヤマハ 028639
4036,YAMAHA SU200 ヤマハ サンプリングキット サンプラー SAMPLER【通電確認済・現状品】
4037,Q11765【発送可!】Roland SC-88PRO 音源モジュール ローランドA0000323
4038,ARTURIA KEYLAB 61 MK 2 White キーボードコントローラーと付属品（写真にあるもののみ）ソフトウエアは付属しません
4039,YAMAHA TG77 液晶LED化 内部バッテリー新品 完動品 音源モジュール 元箱/取説付
4040,Steinberg 24bit/192kHz対応 USBオーディオインターフェイス UR-RT4
4041,novation Launchpad x
4042,【G】Roland SC-55 sound canvas 音源モジュール ローランド 3000935
4043,【 C 】4521 LOUIS JB-205 リズムマシン ルイス
4044,M AKAI MPC1000 アカイ サンプラー professional M.I.Corp 箱付き
4045,カシオ　CASIO　UI-7A　USB-MIDIインターフェイス　※ジャンク品
4046,Digital Performer 11　 デジタルパフォーマー 11 MOTU 新品
4047,★AKAI S3000XL Motherboard (L6039A5050)★OK!!★MADE in JAPAN★
4048,KORG nanoKEY2 ホワイト USBケーブル付 動作確認済
4049,【並行輸入】Ferrofish A32
4050,◎AKAI サンプラー S900 LCDディスプレイ視認性良好！ ＊AKAI S950・S900 シリーズ
4051,Lynx Studio Technology Lynx Aurora 16 LT-TB サンダーボルト2 Mac AD-DA コンバーター インターフェース サラウンド アトモス
4052,KORG コルグ N1R 音源モジュール★ジャンク品
4053,AMDEK　RMK-100
4054,◇ジャンク【iCON アイコン】PLATFORM NANO AIR フィジカルコントローラー
4055,AUDIENT iD4 オーディオインターフェイス オーディエント レコーディング ジャンク
4056,ボーカルや管楽器もMIDI楽器に Sonuus G2M
4057,EDIROL by Roland UA-25EX USB オーディオキャプチャー 24bit 96KHz ジャンク
4058,SPEAK & SPELL READ MATH MUSIC サンプリングCD 　VIVIDORANGE 電子おもちゃの音 KAERU CAFE
4059,★奇跡の新品同様! 完全動作品! Roland CR-1000 ヴィンテージ ドラムマシン ローランド
4060,【動作確認済】YAMAHA 音源モジュール MU128 トーンジェネレーター
4061,[PG] 8日保証 UA-1000 EDIROL Roland ローランド USBオーディオキャプチャー オーディオインターフェース USB Audio Capture[06811-0014]
4062,YAMAHA ヤマハ ビンテージ リズムマシン RX5 ドラムマシン 動作確認済み
4063,ジャンク MOTU 896 mk3 オーディオインターフェース
4064,【J】KURZWEIL MIDIBOARD MIDIキーボード カーツウェル 1994年製 3000827
4065,★送料込み Soundcraft series 800 検索/ サブウーファー専用 音源モジュール FOSTEX EN1000 Roland SOUND EXPANSION チャンネルデバイダー
4066,novation Launchkey Mini 37 MK4 美品
4067,【G】novation LAUNCHKEY MINI MK3 MIDIキーボード コントローラー ノベーション 3001505
4068,★KORG コルグ ELECTRIBE SX ESX-1 エレクトロライブ サンプラー 音源モジュール ★
4069,【J】Novation IMPLUSE 25 MIDIキーボード ノベーション 00014
4070,ヤマハ モバイルシーケンサー QY100　YAMAHA MUSIC SEQUENCER　ミュージックシーケンサー
4071,Vienna Symphonic Library HRIZON Solo Strings VSL サンプリングCD
4072,Roland EDIROL UA-25EX USBオーディオインターフェース ローランド 24bit/96kHz
4073,ZOOMのリズムトラック.リズムマシン.RT-234です
4074,【新品未使用】送料無料 ROLAND P-6 CREATIVE SAMPLER AIRA COMPACT クリエイティブサンプラー
4075,Steinberg スタインバーグ UR22C Recording Pack オーディオインターフェース
4076,【動作未確認】Roland MT-32 音源モジュール ローランド 1円~　S5006
4077,Arturia Audiofuse Studio アートリア 多機能デスクトップ・オーディオインターフェース 元箱付き
4078,iZotope Ozone 11 Advanced Windows
4079,【G】YAMAHA MU50 音源モジュール ヤマハ
4080,【J】APOGEE duet2 オーディオインターフェイス
4081,● JUG Beat Box JB-100 ビートボックス リズムマシン ドラムサウンド島村楽器（オリジナル）ブラック ●
4082,01w6251 YAMAHA オーディオインターフェース AG03 ミキサー ホワイト ZP32550 通電のみ確認(ジャンク)
4083,Roland ローランド SN-R8-01 Contemporary Percussion メモリーカード 【動作未確認】 SOUND DATA ROM FOR R-8 PCM サウンドライブラリー
4084,E-MU VINTAGE KEYS 9045 イーミュー 音源モジュール 通電OK ※動作未確認品 状態説明あり★ジャンク品【福岡】
4085,[B2-2/D70303-1]★Digidesign 192I/O MH192★
4086,★AKAI EWI3030m / EWI3020 アナログ音源モジュール ウインドシンセコントローラー 現状品 管理番号03035
4087,TASCAM US-2x2 オーディオインターフェース
4088,[美品] Arturia KeyStep 37 Black Edition コンパクトで実用的なMIDIコントローラー [NL644]【神戸店在庫】
4089,【動作確認済】名機BOSS サンプラー Dr.Sample SP-303
4090,roland r-5 アダプター付き
4091,【現状品】YAMAHA AG03 MIXING CONSOLE オーディオインターフェース　ヤマハ　ウェブキャスティングミキサー
4092,◆KORG コルグ KMP-68 MIDI パッチベイ コントローラー◆
4093,★YAMAHA DX1/DX5/DX7/DX9/DX21/DX27/DX27S/DX100/KX88/DMP11 SLIDER KNOB スライド フェーダー★
4094,K10-275-0305-089【美品/送料無料】AKAI(アカイ) Professional MPC ONE スタンドアローン/ドラムマシン/サンプラー/MIDIコントローラー/他
4095,YAMAHA ヤマハ RX5 リズムマシン ドラムマシン シーケンサー プログラマー デジタル DIGITAL RHYTHM PROGRAMMER
4096,KORG nanoPAD
4097,Playtime Engineering Blipblox After Dark
4098,☆【1K0221-20】 MOTU オーディオインターフェース 896MK3 100V ジャンク
4099,YAHAMA MIDI音源モジュール　MU500　送料込み
4100,【うぶ品】Roland ローランド MC-505　Groovebox
4101,【C】YAMAHA VL1-m 音源モジュール ヤマハ 3033599【送料無料!!】
4102,49■60/　TASCAM US-42　0306073
4103,[良品] Roland TR-09 伝説のTR-909サウンドを再現！ [NL396]【神戸店在庫】
4104,【ジャンク】　BOSS DR-55 リズムマシン　Dr.Rhythm ボス　ドクターリズム　(N70306_5_25suy)
4105,[良品] Focusrite Scarlett 2i2 Gen3 コスパに優れた定番オーディオインターフェース [NLG02]【神戸店在庫】
4106,HAGIWO MOD1 ハード組立済 DIYモジュール　Eurorack モジュラーシンセ　②
4107,8635-01★通電確認済★Akai Professional アカイプロ MPK min MIDIキーボードコントローラー スタンダード ドラムパッド 音楽制作ソフト★
4108,★KORG／コルグ　micro KEY Air　キーボード　MICROKEY2-37AIR★☆C2-13
4109,【 G 】2132 BOSS DR-670 リズムマシン ボス
4110,Roland ローランド SN-U110-02 Latin & F.X.Percussions ロムカード 【動作未確認】 PCM DATA ROM FOR U-110 サウンドライブラリー
4111,正規品UJAMシンセ Usynth CORE UJAMらしさが溢れる新しいシンセ
4112,〇AVID HD OMNI/SYNC HD/HD Native Thunderbolt/Sonnet ECHO 15 THUNDERBOLT 2 DOCK/オーディオインターフェースセット
4113,通電OK ジャンク CASIO カシオ MIDIキーボード GZ-5!
4114,★珍・レア・JazzMutant Lemur・マルチタッチMIDIコントローラー・ビョーク、ダフトパンク・フランス製・2002・ ジャンク！
4115,【 G 】2861 MAKE NOISE MATHS モジュラーシンセ メイクノイズ 元箱付き
4116,ROLAND UM-1 USB MIDI INTERFACE CABLE MIDIインターフェイス　中古
4117,Roland Integra-7 音源モジュール　ラック
4118,YAMAHA AG03MK2
4119,管250314 h ★☆ 【EDIROL】オーディオインターフェース/ FireWire AudioCapture FA-66/ 音響 機材☆★
4120,Roland Rhythm Plus PB-300 リズムマシン　ジャンク
4121,[良品] IK Multimedia iRig 2 アンプ接続用出力端子が追加/自宅でもライブでも使える人気モデル [NLG21]【神戸店在庫】
4122,[中古] IK Multimedia iRig Acoustic Stage アコースティックの自然なサウンドを余すところなく捉えてくれる [NLG23]【神戸店在庫】
4123,ローランド ミュージ郎 DTM-MR885W サウンド・キャンバス SC-8850 Roland Sound Canvas
4124,M-AUDIO TRIGGER FINGER MIDIパッドコントローラー
4125,サンプリングCD「Creative Essentials Sampling CD Series Vol.21　ETHNIC FLAVOURS エスニック」輸入盤・美品・ジャケ盤面新品同様
4126,Voice BoxMedic Modules 18hpサイズ　スピーカー2個セット
4127,AKAI Professional MPX8 サンプラー
4128,AKAI CD3000XL 32MB＋フラッシュメモリー16MB(FMX008×2)内蔵　サウンドライブラリー8枚・SKBケース付き
4129,ANTELOPE AUDIO PURE2 neve api EmpiricalLabs focusrite neumann manley avid apogee
4130,【未使用に近い】Vermona DRM1 MKIV Standard Trigger アナログ ドラム シンセサイザー ヴァーモナ
4131,レア 廃盤 サンプリング CD 「 NU METAL 」輸入盤 サンプリング素材 METAL DIGI ROCK メタル デジロック オルタナティヴ・ロック
4132,Roland SRX-04 Symphonique Strings expansion board
4133,【ジャンク】 YAMAHA ヤマハ MUSIC SEQUENCER ミュージックシーケンサー QY100 wa◇98
4134,ジャケットダメージ特価 サンプリングCD 「 X-STATIC GOLDMINE 2 」＋「3」輸入盤 サンプリング素材 AKAI ハウス テクノ ヒップホップ
4135,サンプリングCD 「 NU GROOVE RNB 」輸入盤 サンプリング素材 ドラム・ループ集
4136,【B-3】 Roland SP-404 サンプラー 動作確認済み ローランド 3164-87
4137,17669-1★behringer ベリンガー U-PHORIA USB オーディオインターフェース UM2
4138,Antelope Audio Orion Studio Synergy Core オーディオインターフェース 中古
4139,Roland UA-101 オーディオインターフェース 中古 アダプター付き (3-1
4140,KORG MICROKEY2-37 AIR MIDIキーボード コルグ
4141,Celemony Melodyne Studio 5 Windows
4142,ZOOM/ ズーム/ RT-223/RhythmTrak
4143,steinberg UR22 mkII スタインバーグ USB オーディオインターフェース 音響機器 中古 T9813467
4144,UNIVERSAL AUDIO VOLT 276 オーディオインターフェイス ユニバーサルオーディオ 音響機器 中古 W9769331
4145,E-mu Proformance/1+ ピアノ音源モジュール
4146,irig Acoustic stage
4147,【未使用】NATIVE INSTRUMENTS MIDIキーボード オーディオインターフェイス KOMPLETE KONTROL M32 ／ KOMPLETE AUDIO 1
4148,YAMAHA ヤマハ ミュージックシーケンサー QY100一式 完動品
4149,iZotope Neutron 5 Windows
4150,TASCAM US-1641 オーディオインターフェース 送料込
4151,JUG BEAT BOX ビートボックス リズムマシン スピーカー内蔵 JB-100
4152,Make Noise 0-COAST セミモジュラーシンセ
4153,ZOIA Euroburo + Desktop Enclosure Empress Effects ユーロラック　モジュラーシンセ　エフェクター
4154,オーディオインターフェース 980円スタート均一 YAMAHA ヤマハ AG03 ミキサー 動作確認済 配信等に
4155,Roland ローランド M-DC1 音源モジュール 通電確認のみ ジャンク扱い
4156,オーディオインターフェース M-Track solo中古
4157,ローランド Roland SC-88ST 音源モジュール 音出し確認済 ノーブランドUSB-MIDIおまけ付
4158,ROLAND JV880 音源モジュール　音出し　パッチ切り替え　OK　半ジャンク品　☆
4159,SSL Solid State Logic UF1 フィジカルコントローラー 中古美品 universal audio softube uad neve api
4160,Roland/ローランド DUO-CAPTURE mk2 オーディオインターフェイス
4161,【国内正規品】Cubase Pro 14 通常版 Win＆Mac ダウンロード版
4162,★未使用 スカーレット 2i2 Scarlett 2i2 3rd Gen Focusrite オーディオインターフェイス
4163,ARTURIA KEYLAB 25 動作良品
4164,Teenage Engineering oplab + Case モジュラーシンセ MIDI CV コンバーター
4165,Tokyo Tape Music Center Six Channel Mixer Model 106 モジュラーシンセ ユーロラック
4166,Roland XV-5050 音源モジュール シンセサイザー ローランド
4167,a417 PRO CV to MIDI KENTON 中古品　送:60
4168,【YAMAHA QX5】ヤマハ☆シーケンサー☆リズムマシン☆通電OK☆
4169,【Roland SC-88pro 完全整備品】電解コンデンサ全交換済 バックアップ電池交換済 スイッチ洗浄・交換済 清掃済　出音OK Sound Canvas
4170,RE3491 Roland 音源モジュール SONIC CELL 音響 DTM ソニックセル ローランド　専門知識がない為　通電のみ確認　液晶NG 現状品
4171,146*120 【ジャンク】 【１円～】BEHRINGER ベリンガー X-TOUCH フィジカルコントローラー 通電のみ
4172,MOTU micro lite MIDIインターフェイス micro expressセット
4173,専用出品!!UR12 Steinberg オーディオインターフェイス 音響機材
4174,[美品＆送料無料] ARTURIA MIDI キーボード コントローラー KeyLab Essential 61 mk3
4175,N809 NI AUDIO 8 DJ オーディオインターフェース Native Instruments　本体 中古 未確認　現状　ジャンク
4176,YAMAHA TX802 Voice ROM PERCUSSION&S.E.group 箱、取説あり
4177,AKAI アカイ EWI USB ウィンドシンセサイザー
4178,CubaseLE14最新版
4179,ヤマハ シーケンサー YAMAHA QY70 ■　ma4
4180,【極美品】AKAI アカイ MPC1000 サンプラー BK 128MBメモリー
4181,YAMAHA ヤマハ MG16XU アナログミキサー 16チャンネル ※ジャンク《A6142 1円スタート〜
4182,■ NOVATION ノベーション ● Launchkey 49 MKIII M3 ● MIDIキーボード ● ほぼ新品【送料込】
4183,YAMAHA　ヤマハ　Big Jam RY9　リズムプログラマー　動作品
4184,ローランドサンプラー　SP404-SX ８ＧＢメモリーカード付属　良品動作確認済み
4185,美品！M-AUDIO MIDIキーボード KEYSTATION mini32 MK3 送料無料！
4186,Steinberg UR22 スタインバーグ オーディオインターフェース 音響機材
4187,STEINBERG ( スタインバーグ ) / UR816C 32bit/192kHz 16in16out
4188,ベリンガー Behringer アナログドラムマシンRD-6 SB
4189,KAWAI K3m 音源モジュール（ジャンク）
4190,ELEKTRON ANALOG FOUR MK II
4191,サンプリングCD まとめ売り 14枚/ Creative Essentials Sampling CD Series（9枚）/SOUNDSCAN（5枚）
4192,【外観的美品】Roland ローランド A-880 MIDIパッチベイ ミキサー　日本製
4193,【外観的美品】KORG コルグ MIDI SYNCHRONIZER KMS-30 シンクロナイザー コントローラー
4194,Opcode Studio3 MIDIインターフェース 未開封　未使用
4195,Instruo arbhar v2 モジュラーシンセ ユーロラック グラニュラー
4196,Instruo Divkid Ochd + Expander モジュラーシンセ ユーロラック 低周波LFOモジュール CV出力拡張ユニット
4197,Fabfilter Total Bundle Windows
4198,ALESIS DM PRO ドラム 音源モジュール　ジャンク品扱い
4199,極美品 ローランド Roland MC-101　シーケンサー／リズムマシン
4200,Focusrite FORTE オーディオインターファイス 動作確認済み！
4201,UAD-2　ApolloTwin-MKII-QUAD(2000ドル以上のプラグイン含む)
4202,1円スタート！ Roland オーディオインターフェース TRI-CAPTURE 動作未確認
4203,▼ Roland ローランド R-8 リズムコンポーザー 中古 250405B6186
4204,【 G 】4093 Roland TM-2 Kick RT-30K Dual RT-30HR 音源モジュール ローランド
4205,コルグ　PSS60
4206,Sound Blaster SBX オーディオインターフェース　動作品
4207,【 G 】292 AKAI S612 サンプラー アカイ
4208,AKAI アカイ Professional APC40 ablton コントローラー★動作未確認品
4209,【J】YAMAHA RX-5 リズムマシン ヤマハ 3040750
4210,409 t.c.electronic powercore プラグイン DSP
4211,【Roland TR808】エイト・オー・エイト　声と手拍子で遊ぶリズムの絵本
4212,TEENAGE ENGINEERING PO-33 K.O! /USED シンセサイザー サンプラー
4213,Roland SP-404 コンパクトサンプラー エフェクター パッド DJ トラック制作 パイオニア 音教機材 中古 O9907891
4214,♪YAMAHA MU1000 EX ACアダプター付き　動作品♪ (検：MU2000 MU128 MU100 PLG)
4215,YAMAHA RY20 リズムマシン ジャンク
4216,TASCAM ( タスカム )Celesonic US-20x20 マイク入力8chオーディオインターフェイス
4217,Roland/ローランド XV-3080 音源モジュール 128ボイス 2501
4218,ジャンク Zoom RT-323 ズーム RhythmTrak リズムマシンシーケンサー 送料無料 匿名配送
4219,Roland ローランド UA-100 USBオーディオ MIDIインターフェース
4220,u57078　中古　KORG　Volca Drum
4221,下松)M-AUDIO M-TRACK 2X2M C-SERIES USBオーディオ/MIDIインターフェイス 音響機器 現状品 ◆★H250413R05B ND13A
4222,良品 Steinberg UR22mkII スタインバーグ 2x2 USB2.0 24bit/192kHz オーディオインターフェース 元箱/説明書付 ★ 71793-52
4223,【G】YAMAHA VL-70m トーンジェネレーター ヤマハ 095953
4224,iZotope Ozone 11 Advanced Windows
4225,【1円スタート！】Neve モジュール 2台まとめて トーンジェネレータ コンデンサ 音響機器 ※現状渡し その23
4226,M-AUDIO Keystation49 mk3 USB MIDIキーボード 49鍵
4227,YAMAHA UW500 ヤマハ オーディオ MIDI インターフェイス 　動作品
4228,zoom ズーム MRT-3B micro RhythmTrak リズムマシン 通電ジャンク
4229,●AKAI　アカイ ウインドシンセサイザー EWI USB　MPC　ジャンク●
4230,Excite Audio Bloom Vocal Aether Lite: ボーカルを自在に
4231,美品 ヤマハ YAMAHA シーケンサー/リズムマシン DJX-IIB　箱付き　説明書付き
4232,Focusrite Scarlett 8i6 3rd Gen オーディオインターフェイス
4233,Y135★Roland UA-33/オーディオインターフェース/ローランド★送料590円〜
4234,MOTU 2408 通電確認のみ
4235,中古 ★ 　Roland　　　UA-100　・　SC-8850　　　セットで　　（ジャンク扱い）
4236,M-AUDIO 25鍵盤USBキーボード keyRig 25
4237,【動作確認済】Steinberg MR816X/FireWireオーディオインターフェイス/動作確認済み/スタインバーグ
4238,■Steinberg UR22 オーディオインターフェイス スタインバーグ USBオーディオインターフェース USED 16769■！！
4239,Roland OCTA-CAPTURE UA-1010 オーディオインターフェイス ローランド ジャンク N9893857
4240,CODE PARTY-600 ライトコントローラー 電源ケーブルのみ付属　通電確認済　現状発送　ジャンク扱い
4241,ローランド Roland TR-626 RHYTHM COMPOSER
4242,②【ジャンク】1970年代　ローランド　リズムマシンTR-66リズムアレンジャー　RHYTHM ARRANGERMODEL No.587864
4243,【簡易動作確認済】Steinberg/スタインバーグ UR28M オーディオインターフェース YAMAHA/ヤマハ/80サイズ
4244,YAMAHA TG77 液晶LED化 内部バッテリー新品 完動品 音源モジュール
4245,04D35■Focusrite　Scarlett 2i4 オーディオインターフェイス 動作品■
4246,Roland ローランド A-300PRO MIDIキーボード 32鍵
4247,e13611　SIMMONS SDS 1000 ドラム モジュール 音源 通電確認済 ジャンク品 ハードケース
4248,【中古】Roland QUAD-CAPTURE UA-55 USBオーディオインターフェイス
4249,★Digidesign Mbox 2 Pro オーディオインターフェース オーディオ機器 音楽 録音 編集 管2154
4250,KORG nanoKEY Studio MIDIキーボード コルグ 通電確認のみ 250403GP010598
4251,RME オーディオインターフェース ヘッドホンアンプ DAC FireFace 400
4252,YAMAHA ヤマハ ミキシングコントロール AG03 MK2 インターフェース 音響機器 ☆良品☆[51-0425-O7]
4253,AKAI IB-208P 8パラ MPC2000XL MPC2000 増設オプション【中古】
4254,Sound Devices USBPre 古いのジャンク扱い
4255,●(y) Roland エディロール USBオーディオ キャプチャー UA-25EX
4256,742B ZOOM オーディオコンバーター　USB3.0／2.0 音響機器 iPad AUDIO CONVERTER オーディオインターフェイス　楽器　器材 DTM DAW ギター
4257,【G】KORG TR-RACK TRR 音源モジュール コルグ 3011445
4258,【G】YAMAHA MU-2000 音源モジュール ヤマハ 3011446
4259,Ableton Push * MIDIコントローラー 初代push ジャンク
4260,yamaha MU2000 トーンジェネレーター
4261,【美品】【動作品】Steinberg(スタインバーグ) USB2.0 24bit/192kHz オーディオインターフェース UR12
4262,サンプリングCD「Pro Samples Vol.12　Dance Vocals ダンス・ボーカル from Voice Spectral 2」デジパック仕様・帯付・美品
4263,S11204△EDIROL エディロール オーディオインターフェース FA-66 FireWire Roland ローランド【訳あり】250428
4264,042213.234.ZOOM.RhythmTrak 234.リズムマシン.ズーム.通電確認のみ.ジャンク
4265,美品 RME Fireface UFX 正規代理店品 動作確認済み Made in Germany ドイツ製 高性能オーディオインターフェイス 送料無料
4266,Joranalogue Step 8 モジュラーシンセ ユーロラック シーケンサー クロックデバイダー
4267,RANE SL4 serato SCRATCH LIVE　ACアダプター　スクラッチライブ用
4268,《ジャンク扱い》IK Multimedia AXE I/O 本体のみ/オーディオインターフェース/店頭/他モール併売 A3436
4269,AKAI CD3000XL STEREO CD-ROM SAMPLER サンプラー 詳しく動作不明 現状品
4270,[美品] Artiphon INSTRUMENT 1 コレ一つでギターやヴァイオリンの音までも！ [XI999]【難波店在庫】
4271,送料無料 エリカシンセ ブレード パッチケーブル ブラック 4種 20本セット モジュラーシンセ Erica Synths Braided patch cable
4272,BOSS BR-1200 MTR ボス レコーディング マルチトラックレコーダー 電源ケーブルあり
4273,【 G 】1029 BOSS DR-5 リズムマシン ボス
4274,サンプリングCD 『ANALOG to DIGITAL』 トラック制作用
4275,Roland QUAD-CAPTURE ローランド UA-55
4276,Roland SC-88Pro 音は正常、MIDI端子に難あり 現状品
4277,【 J 】4965 YAMAHA TX7 音源モジュール ヤマハ
4278,中古★Roland SC-88 SOUND Canvas サウンドキャンバス MIDI 音源モジュール 【SC-88】EVIP
4279,★★LINE6 SONIC PORT VX ★★used品
4280,☆☆ モジュラーシンセ ユーロラック パッチケーブル ☆☆
4281,iCON Platform Nano Air
4282,【中古】ヤマハ YAMAHA ZG02 オーディオインターフェース ミキサー
4283,iZotope VocalSynth 2 Windows
4284,サンプリングCD Pro Samples Vol.05 Pop & Rock Drumloops from Steve Smith Drums 2枚組 国内販売仕様 デジパック仕様 帯付 美品
4285,② TASCAM タスカム US-2x2HR オーディオインターフェース
4286,♪ YAMAHA ヤマハ AG03 オーディオインターフェース 中古 現状品 250407B9710
4287,[良品] Roland T-8 TRシリーズのドラムサウンドとTB-303のベースサウンドを1台に凝縮 [QL672]【神戸店在庫】
4288,送料無料 T-TOC RECORDS 音質改善ディスクケース アップデート HDC-002 / Ultimate High Definition Case / ハイ ディフィニション ケース
4289,●中古品●audient evo4 オーディエント USBオーディオインターフェース
4290,4977//digidesign デジデザイン MH040 SYNC インターフェイス 通電確認済み
4291,A-100 LC9 ユーロラック・モジュラーシンセサイザー用ケース　美品
4292,1円スタート！ AKAI MPC2000 サンプラー 名機
4293,【美品】Novation Launchkey Mini 37（MK4）MIDIキーボード／USBコントローラー
4294,Roland オーディオインターフェイス Rubix44
4295,送料無料! Squarp Hermod+ シーケンサー ユーロラック モジュラーシンセ 中古 intellijel makenoise 美品
4296,Jou Play MIDI Controller MPE
4297,6mm軸 Dシャフトノブ ツマミ 14.5mmx19.7mm 0度 90度 180度 270度 の悩み無用！ 色は10色から選んで新品4個セット
4298,【G】 Roland CR-8000 リズムマシン ローランド 096328
4299,04wy9776〓 ARTURIA アートリア SPARK LE ハイブリッド・ドラムマシン Creative Drum Machine 【電子楽器/コントローラー】 中古品
4300,AKAI MPC 2500 SE サンプラー Sampler
4301,★Akai S6000/S5000 DISPLAY★OK!!★MADE in JAPAN★
4302,★emagic AMT8 MIDIインターフェイス★
4303,【簡易動作確認済/美品】 BEHRINGER/ベリンガー U-PHORIA UMC204HD USB オーディオインターフェース 配信/ストリーミング/宅録/60サイズ
4304,【Ｃ】Roland SP-404SX サンプラー ローランド 3012570
4305,MAGMA ExpressBox 3T
4306,【HT-0157】YAMAHA ヤマハ DTXPL/DTXPLORER/電子ドラム 音源モジュール 通電OK コード付き 現状品【千円市場】
4307,★中古★ YAMAHA PLG 150 DX Modulars Synthesis Plug-in System プラグインボード 1/2 ★美品★
4308,05S78■YAMAHA　QY300　シーケンサー　リズムマシン■
4309,【 G 】1411 Native Instruments KOMPLETE KONTROL S49 MIDIキーボード ネイティブインストゥルメンツ 本体のみ
4310,TASCAM タスカム USBオーディオ MIDIインターフェース US-2x2 本体 入力 出力 USB Windows Mac ハイレゾ録音 音響機器 現状 中古
4311,β人気・綺麗【AKAI PROFESSIONAL MPC LIVE Ⅱ スタンドアロン型ミュージック プロダクションセンター】ON01533
4312,PRESONUS プレソナス STUDIO 26c オーディオインターフェイス USB-C MIDIインターフェース USB接続 USBケーブル付き★動作未確認品【TB】
4313,YAMAHA CBX-T3 音源モジュール MIDI ヤマハ　ジャンク
4314,UNIVERSAL AUDIO ユニバーサルオーディオ オーディオインターフェイス VOLT176
4315,【ジャンク】EVOLUTION U-CONTROL UC-16 MIDIコントローラー ケーブル欠品 5-B008/1/060
4316,美品 AKAI Professional MPC Studio MKII
4317,[帯付] DTM用サウンド素材ライブラリー（テクノ） Pro Samples best service サンプリング Vol.45 Techno ID
4318,【G】YAMAHA TX802/TX16W 音源モジュール/デジタルサンプラー ヤマハ 3061430
4319,AKAI Professional MPK mini play Mk3 MIDIキーボード コントローラー 機材 演出 中古 M10010395
4320,SONICWARE LIVEN Lofi-12
4321,【動作確認済】BOSS リズムマシン Dr.Rhythm DR-3
4322,Dragon Quest1ドラゴンクエスト1 MIDIデータ SMF ミディデータ smf midi data FD
4323,Roland A-49 MIDI Keyboard Controller ブラック ローランド MIDIキーボード コントローラー 動作未確認 キーボード 鍵盤楽器 1
4324,IK Multimedia iRig HD 2 アイケーマルチメディア 通電確認のみ べたつきあり
4325,iZotope Ozone 11 Advanced Windows
4326,PRESONUS プレソナス STUDIO 26c オーディオインターフェイス USB-C MIDIインターフェース USB接続 USBケーブル付き★動作未確認品【TB】
4327,Doepfer / A-180-2 　モジュラーシンセ　ユーロラック
4328,Roland SC-55 sound canvas 音源モジュール ローランド 3000935 【ジャンク品】
4329,AKAI IB-208P 8パラ MPC2000XL MPC2000
4330,□□ Native Instruments AUDIO 6 MK2 オーディオインターフェイス やや傷や汚れあり
4331,ヤマハ　音源モジュール VL70m
4332,中古使用期間短Roland BRIDGECAST ローランド ゲーミングミキサー オーディオインターフェース
4333,Roland SC-88 美品！
4334,Tymp Legio - Noise Engineering シルバーパネル付き モジュラーシンセ ユーロラック
4335,*美品*限定生産品*Native Instruments*KOMPLETE KONTROL*S61*MK2*BLACK EDITION*黒鍵*
4336,【 G 】1778 Roland JV-1080 ボイスシンセサイザー 音源モジュール ローランド
4337,★192kHz対応★ Tascam US366 オーディオインターフェース HDDAマイクプリアンプ
4338,AKAI S-01
4339,AKAI MIDI デジタルサンプラー S950 電源ケーブル欠品 ジャンク品
4340,EL113 M-AUDIO MIDIキーボード キーステーション KEYSTATION61 MK3 ジャンク 通電動作未確認 現状品
4341,NIHON HAMMOND/ハモンド プリセットリズム付リズムマシン Rhythm Ace FR-6 リズムエース ◆ 7243D-3
4342,♪▲【Roland ローランド】SOUND Canvas 音源モジュール SC-88 Pro 0522 4
4343,♪▲【Roland ローランド】SOUND Canvas 音源モジュール DTM-88NPR SC-88 0522 4
4344,【 G 】7822 YAMAHA　 QY700　ミュージックケンサー　ヤマハ　ソフトケース付き
4345,S11659◎Roland　ローランド　SONAR V-STUDIO 100　オーディオキャプチャー　VS-100　音出しOK【訳アリ】250524
4346,■ Roland EDIROL エディロール USB オーディオインターフェイス UA-3 ローランド■AO21052505
4347,レア! 音源変更　KAWAI ドラムマシン R-100本体 R-50音源チップに変更済　音出し簡易確認済み EMB 80s LinnDrum風
4348,【 C 】1950 Roland A-49 MIDIキーボード ローランド
4349,Roland SP-404SX コンパクトサンプラー　通電OK ジャンク品
4350,Roland SP-404MKII KDJ Records Limited Edition
4351,PreSonus プレソナス オーディオ・インターフェース AUDIOBOX GO
4352,ROLAND Quad-Capture 2セット
4353,E-MU Ultra Proteus本体（取扱説明書付）【ジャンク】
4354,audio-technica オーディオテクニカ AT-UMX3 USBオーディオミキサー 音響機材 中古 S10028355
4355,Roland BRIDGE CAST ONE
4356,Metric Halo　ULN-8 3d(中古)
4357,M-AUDIO M-Track 2X2 USBオーディオインターフェイス 中古
4358,【国内正規品】Cubase Pro 14 通常版 Win＆Mac ダウンロード版
4359,♪▲【Roland ローランド】オーディオインターフェース FA-66 0520 23
4360,♪▲【E-MU】VINTAGE KEYS 音源モジュール 9045 0526 4
4361,★ steinberg スタインバーグ UR22mkII インターフェース 現状品 中古 250501A2244
4362,KORG コルグ KR-MINI KORG RHYTHM リズムマシン★動作品【TB】【委託】
4363,YAMAHA ヤマハ 音源モジュール MU100 電源コードなしの為 動作未確認 現状渡し 管理：R⑤
4364,【中古】 サンプラー アカイ AKAI Professional MPX16 ステレオサンプラー
4365,(052809F) MINIPOPS3 ビンテージアナログリズムマシン ゲルマニウムTR式　日本製 ミニポップスジャンク品
4366,E-mu Systems E5000 Ultra サンプラー シーケンサー Sampler
4367,YAMAHA ヤマハ RM-50 ドラム音源モジュール 通電確認済み 現状品 ハードケース付き オーディオ機器
4368,E-MU PROTEUS 2000 簡易動作確認済　ジャンク 音源モジュール
4369,★AKAI Professional EWIマウスピースキャップ ホワイト / EWI Solo EWI5000 EWI4000s EWI USB用 ★新品送料込
4370,【中古】 グルーブボックス ELEKTRON Model:Samples
4371,[良品] Roland XV-5080 Roland Cloud XV-5080の実機 2002年製 [QL950]【神戸店在庫】
4372,Apollo Twin MkII DUO Universal Audio ユニバーサル　オーディオ　アポロ
4373,【G】EDIROL Roland UM-880 MIDIインターフェース ローランド 3047236
4374,RME FF800 で使用していたexp card 3枚組
4375,KAWAI ALLIGUITAR 【ALG-30】 (MIDI GUITAR VOICING SIMULATOR)
4376,◆YAMAHA/MIDIフットコントローラー MFC1　（020） ◆
4377,Antelope Audio Orion Studio Rev.2017
4378,[中古] ZOOM RT-223 数百種類にもおよぶドラム／ベース音源を内蔵 [QL902]【神戸店在庫】
4379,Roland XV-5050 音源モジュール 拡張ボード２枚付き 現状品
4380,【オススメ品】Roland サンプラー SP-404 ローランド
4381,Steinberg UR22 萩◯様専用
4382,M-AUDIO M-TRACK DUO オーディオインターフェース
4383,【E-1】 Yamaha MU2000 音源モジュール 動作確認済み ヤマハ 3730-116
4384,【A-3】 ZOOM RT-123 RhythmTrak リズムマシン ドラムマシン ズーム 音出し確認済み VOLUMEガリあり 3730-115
4385,ジャンク扱い 起動確認のみ DOEPFER ドイプファー MS-404 MIDI アナログシンセサイザー [TK25-0604-1]
4386,Roland ローランド A-880 MIDIパッチャー★動作未確認品【TB】
4387,【X-4】 Roland JV-2080 64 Voice Synthesizer Module 音源モジュール ローランド 簡単なチェックのみ ネジ欠損 現状品 1875-9
4388,ローランド　Roland A-500PRO　USB-MIDIキーボード　【動作品】
4389,Fairlight CMIⅡタイピング用キーボード 久石譲 坂本龍一 YMO 1980年代 FM音源 シンセサイザー 現状渡し 動作未確認 ジャンク -d574
4390,10.156 RME◆Hammerfall DSP digiface Interface オーディオインターフェイス◆
4391,1306【ジャンク】M-AUDIO AIR 192/6 オーディオインターフェース エムオーディオ DTM DAW トラックメイク レコーディング
4392,整備済み品 アルミ電解コンデンサ全数交換 Roland ローランド SoundCanvas サウンドキャンバス sc-88pro DTM MIDI音源 モジュール
4393,CuteLab missed opportunities ユーロラック モジュラーシンセ
4394,中古現状品 Roland ローランド 音源モジュール SC-88 サウンドキャンバス
4395,★ほぼ未使用品★CASIO GM音源内蔵スピーカー GZ-70SP (AS-70PC) 付属品あり 送料無料
4396,Native Instruments KOMPLETE KONTROL S49 MK2 MIDIキーボード コントローラー 49鍵盤 オーディオ 音響機材 中古 T10026997
4397,Roland ローランド JV-2080 動作確認済
4398,ジャンク 音源モジュール YAMAHA MU2000
4399,RME ADI-2 Pro FS R BLACK EDITION　 PCM/DSD 768kHz AD/DA コンバーター
4400,【 G 】8856 steinberg UR22C オーディオインターフェース スタインバーグ
4401,M-audio ProFire 2626 オーディオインターフェース 現状品
4402,250429-2546-1516 S200 Roland PCR-500 EDIROL ローランド MIDI キーボード コントローラー 録音 作曲
4403,◇【steinberg スタインバーグ】USBオーディオインターフェイス UR12
4404,Roland・ローランド・Rhythm arranger・TR-66・リズムアレンジャー
4405,【通電確認品/美品】iConnectivity iconnectmidi4+ オーディオ＆ MIDI インターフェイス 保証書 元箱付き/60サイズ
4406,KAWAI/カワイ PHm　音源モジュール (610　POP SYNTH MODULE
4407,Universal Audio UAD-2 Satellite QUAD CORE USB 3 For Windows トランスファー済み
4408,【ジャンク】(動作不可) Roland U-110
4409,△【売り切り】YAMAHA ヤマハ MFCO5 フットコントローラー HK01272
4410,60☆YAMAHA ヤマハ SAMPLING UNIT SU10 サンプリングユニット◇0611-118
4411,[極美品] Novation Launchpad Pro Abletonに最適なMIDIコントローラー [RLM50]【梅田店在庫】
4412,E-mu PROTEUS/1 XR MODEL 9011 音源モジュール イーミュー
4413,Roland/ローランド MT-32 音源モジュール (610 電源アダプター付
4414,Roland ローランド SOUND LIBRARY SN-U110-07 未チェック 現状品 管理番号06125
4415,Roland JV-880 整備済品
4416,Professional Drum Machine ALESIS SR18 数日前楽器店で購入した中古品
4417,△PreSonus AUDIOBOX 96 STUDIO オーディオ・インターフェース
4418,Roland ローランド A-49-BK MIDIキーボード コントローラー 49鍵盤　USBケーブル付き★動作品【TB】
4419,Roland ローランド D-110 音源モジュール サウンドモジュール
4420,Elektron model sample エレクトロン サンプラー
4421,【 G 】7063 AKAI MD280 S612 サンプラー ディスクドライブ アカイ 3084590
4422,YAMAHA WT11 WIND TONE GENERATOR
4423,ユーロラックケーブル　セット(70-83本程度)
4424,YAMAHA MIDI マージ ボックス YMM2
4425,Orange Line DAC(デジタル音声信号(光/同軸)→アナログ音声(ライン/ヘッドホン) コンバーター(最大24bit/96KHz))
4426,KOMPLETE AUDIO 1
4427,AKAI professional アカイ プロフェッショナル MPK mini MK2 中古
4428,【 G 】2985 M-AUDIO OXYGEN 49 MIDIキーボード エムオーディオ 3104831
4429,ARTURIA KEYLAB49 MIDIキーボード コントローラー SKBセミハードケース付き 簡易動作確認済み
4430,Roland SD-90 音源モジュール
4431,【中古】 サンプラー シーケンサー teenage engineering EP-133 K.O.II ティーンエイジエンジニアリング
4432,Roland ローランド オーディオインターフェイス TRI-CAPTURE UA-33　　　　　im6532
4433,【 B 】44 NATIVE INSTRUMENTS MASCHIN MIDIコントローラー ネイティブインストゥルメンツ 3070403
4434,1円〜 KAWAI シンセサイザーモジュール GMega アダプター付き カワイ SYNTHESIZER MODULE GM音源モジュール 通電確認済み ジャンク扱い
4435,Novation Circuit Rhythm ノベーション スタンドアローン サンプラー リズムマシン ※ジャンク 《U8105
4436,Roland sc88 pro
4437,UAD ARROW Thunderbolt接続 オーディオインターフェイス　通電確認済
4438,ANIMEX SCRAMBLE8 アニメックススクランブル8 '97アニメテーマ曲集 smf midi data ミディ データ
4439,ANIMEX SCRAMBLE1 アニメックススクランブル1 '96～'97アニメテーマ曲集 smf midi data ミディ データ
4440,YAMAHA FB-01 ヤマハ FM SOUND GENERATOR FM音源モジュール
4441,【Ｇ】ZOOM UAC-8 オーディオインターフェース ズーム 3048005
4442,☆YAMAHA FM音源モジュール TX7 FM EXPANDER TONE GENERATOR ヤマハ 日本楽器 通電のみ確認【20
4443,☆動作品 BOSS ドクター・リズム DR-55 Dr.Rhythm リズム・マシーン ボス ローランド Roland 箱説付 難あり【10
4444,B45309 O-05152 Roland SC-88ST Pro 音源モジュール ジャンク
4445,★AKAI Z8 FRONT PANEL SOCHET フロントパネル★
4446,EDIROL オーディオインターフェース FA-101 Roland FireWire PSB-1U付属
4447,expert sleepers Disting EX モジュラーシンセ 25F 北TO2
4448,Mosaic Quantizer モジュラーシンセ ユーロラック 25F 北TO2
4449,【 C 】287 Roland VK-8M 音源モジュール ローランド 3106520
4450,★360 SYSTEM Instant Replay MODEL DR-554E-24 インスタントリプレイ サンプラー 360システム 通電のみ確認【40
4451,★美品★ Tascam US-144mkII オーディオインターフェース
4452,◆◇YAMAHA ヤマハ QY10 MIDI音源内蔵型シーケンサー 動作確認◇◆
4453,PAINT AUDIO MIDIコントローラー MIDI Captain STD
4454,KORG X5DR
4455,◎ AKAI フラッシュROMメモリFMX008M 超希少！MPC2000XL用アダプター付き！！ S2000 / S3000XL / S3200XL / CD3000XL 使用可能。動作品。
4456,Sequential Circuits 400 Drumtraks ヴィンテージ ドラムマシン 12パート独立音源 アナログサウンド 中古 T10079059
4457,ジャンク Roland studio capture UA-1010 オーディオインタフェース
4458,Steinberg UR22mkII オーディオインターフェース スタインバーグ 25F 北TO2
4459,MULTI TIMBRAL SOUND MODULE D-110 Roland ローランド 通電確認のみ 現状品【40
4460,nanoloop v1.2
4461,Roland SC-55 MKⅡ MK2 sound module サウンドモジュール
4462,201＊中古 Focusrite フォーカスライト Scarlett Solo Studio オーディオインターフェース コンデンサーマイク 動作未確認 現状品＊
4463,▼ Roland ローランド SD-90 オーディオインターフェース 通電確認済 中古 現状品 250605B6735
4464,YAMAHA VL70-m（PATCHMAN TURBO VL チップ換装済・電池交換済）
4465,(WW-5) AKAI CD3000XL STEREO CD-ROM SAMPLER サンプラー 音響機器 機材 ※現状渡し/起動OK！ @120 (6)
4466,CUBASE PRO 10 DAWソフト 日本語対応 eLicenserUSBのみ
4467,F6466 YAMAHA ヤマハ MIDI音源モジュール トーンジェネレター TG100
4468,【オススメ品】YAMAHA トーンジェネレーター VL70-m ヤマハ
4469,2点セット KORG nanoKONTROL2 KORG MIDIコントローラー nanoKONTROL2 コルグ MIDIコントローラー nanoKONTROL2 動作未確認 現状品
4470,現状品　AKAI　アカイ　MD280 S612　サンプラー 25070101
4471,YAMAHA ヤマハ SU700 サンプラー★動作未確認品
4472,BG0700303　☆ Solid State Logic (SSL) SSL 2 NISSYO MY-PET 海外用変圧器 ２点セット 通電・動作未確認 現状品 中古
4473,【 G 】563 KORG DDD-5 リズムマシン コルグ 3062239
4474,【G】KORG ER-1 リズムマシン コルグ 3056610
4475,ベリンガー リズムマシン ドラムマシン BEHRINGER LM DRUM ハイブリッドサンプリングドラムマシン 0
4476,【 J 】8781 AKAI　 SG01K　音源モジュール　アカイ　本体のみ　3110353
4477,【送料無料！】 サウンドモジュール　ROLAND U-110 2台セット
4478,M-AUDIO M-TRACK SOLO オーディオ インターフェース 2ch USB 音響機器 エムオーディオ 中古 O10196684
4479,Universal Audio Apollo twin X
4480,proteus 2000 E-MU systems128 voice expandable sound module 音源モジュール 通電確認済
4481,t170 YAMAHA audio gram 6 オーディオインターフェース ミキサー USB AUDIOGRAM6
4482,YAMAHA MOTIF-RACK ESヤマハ音源モジュール/トーン・ジェネレーター/シンセサイザー/ヤマハ専用ラック・取説・CD－ROMモチーフ・ラック
4483,MACKIE/マッキー モニターコントローラー□BIG KNOB STUDIO＋ 中古□送料無料
4484,PRESONUS プレソナス STUDIO 26c オーディオインタフェース USB-C接続 MIDI対応 USB録音機器 USB-Cコード付き★動作未確認品【TB】
4485,Roland RGB-25N S-330/S550/S750/S760/S770 デジタルカラーモニターケーブル
4486,[1円スタート] [中古]　Lexicon I-ONIX U42S（I-O|42）　-　USBオーディオインターフェース
4487,★YAMAHA SU700 SAMPLING UNIT MEMORY 68MB★OK!!★MADE in JAPAN★..
4488,残り僅か AKAI MPC2000 MPC2000XL 中古パッドセンサー ⑩
4489,TASCAM オーディオインターフェース US-4x4
4490,NATIVE INSTRUMENTS KOMPLETE KONTROL A25 MIDIキーボード 中古品 激安1円スタート
4491,ZOOM AMS-44　 4イン／4アウト オーディオインターフェイス
4492,【 G 】 Y9506 KORG KMS-30 MIDIシンクロナイザー コルグ 3108548
4493,AKAI MPK49＜動作確認済み＞※USBケーブル欠品 MIDIコントローラー 49鍵キーボード アカイ ※引取り可 □
4494,送料込 AKAI Professional MPK mini Play Mk3 スピーカー・音源内蔵 ミニキーボード MIDIコントローラー
4495,通電確認済み NOVATION LAUNCHPAD X MIDIコントローラー 音響 機材 DTM DAW 箱付き 現状品 7-G035Z/1/100
4496,【新品同様】Instruo Ts-L モジュラーシン セ ユーロラック
4497,Steinberg スタインバーグ USB3.0 オーディオインターフェイス UR22C 　(店番：060109）
4498,A【10D259】オーディオインターフェイス USB AUDIO INTERFACE C11 steinberg YAMAHA合格証 CD付 動作未確認
4499,◯ 未開封品 Focusrite フォーカスライト Nemko Scarlett 2イン2アウトUSBオーディオインターフェース
4500,【ジャンク品/動作未確認】EDIROL UA-25 24bit 96kHz エディロール オーディオインターフェース （1133）
4501,K1929/Roland ローランド CM-64 DM-64N-4 音源モジュール 本体のみ ジャンク
4502,SUZUKI OMNICHORD OM-27 スズキ オムニコード　日本語表記プレート付き　電子楽器/デジタル楽器/リズムマシン★動作未確認品
4503,☆【1K0711-47】 YAMAHA ヤマハ デジタルリズムプログラマー RX5 12V リズムマシン ジャンク
4504,ANTELOPE AUDIO ZEN Q (USB) 　中古
4505,【 KORG キーボード・コントローラー taktile 】
4506,ジャンク focusrite Safire 6 USB
4507,MOTUモツUSBオ−デオインタ−フェイスUItraLite mk3 Hybrid 中古現状品(ゆ)
4508,YAMAHA MDF2 MIDIデータファイラー バックライトディスプレイ+FDDエミュレーター(USBドライブ)仕様
4509,Roland Rubix22
4510,Roland ローランド SC-88VL 音源モジュール サウンドモジュール SOUND Canvas MIDI SOUND GENERATOR
4511,シーケンサー SPARK LE サンプラー　ドラムマシン　drum
4512,Sprout - centrevillage モジュラーシンセ ユーロラック
4513,□ジャンク品□ YAMAHA MOTIF-RACK ヤマハ 音源モジュール ※メモリークラッシュ表示　音出し不可 (2747118)
4514,UM-ONE mk2 Roland中古
4515,M-AUDIO M GEAR SP-2 ダンパーペダル　サスティンペダル　【動作品】レターパックプラス発送
4516,PRESONUS プレソナス STUDIO 26c オーディオインタフェース USB-C接続 MIDI対応 USB録音機器 USB-Cコード付き★動作未確認品【TB】
4517,APOLLO アポロ ユニバーサルオーディオ QUAD 2 本体のみ ジャンク ■y4
4518,☆【1W0722-5】 Roland ローランド MIDIインターフェース SD-50 ⑦ MOBILE STUDIO CANVAS 動作保証
4519,【希少】AKAI EWI4000SW　マウスピース予備と社外ACアダプター付き
4520,即決 AMDEK PCK-100 日本製 パーカッションシンセ ピュンピュンマシーン (BOSS PC-2
4521,RME オーディオインターフェース★FIREFACE UCX 中古★送料無料
4522,「U31_11A」Focusrite Scarlett Solo オーディオインターフェース フォーカスライト現状本体のみ（250725）
4523,‡ 0287 ZEN-ON Rhythmina RTM-302 スピーカー内蔵 リズムボックス リズミーナ ※アダプター欠品、手持ちの電池にて通電のみ確認◎
4524,KORG (コルグ) MIDIキーボード nanoKEY Studio 本体＋USBケーブル
4525,Behringer 1004　Arp2500レプリカ　モジュラ　ユーロラック
4526,【 BEHRINGER B-CONTROL/ROTARY BCR2000 】ベリンガー
4527,●EDIROL UA-25 USB オーディオインターフェース●
4528,kaerucafe AKAI professional Sound Tips Vol1 Ultimate Drum Collection
4529,Roland TR-626 リズムマシン　本体のみ　ジャンク品（送料込み）
4530,focusrite scarlett 2i2
4531,YAMAHA FB-01 音源モジュール FM音源 音響機器 ブラック ヤマハ 中古 N10228674
4532,【Yamaha MU500】ヤマハ 音源モジュール Motif ミューシリーズ エムユーシリーズ　ⅰ
4533,KORG コントローラー　nano kontrol2
4534,Roland ローランド OCTA-CAPTURE UA-1010 オーディオインターフェース 2台セット　電源コード/ACアダプタ付き★動作未確認品【TB】
4535,KORG コルグ TRITON-Rack 音源モジュール★簡易検査品
4536,APOGEE/アポジー duet Two-Channel FireWire オーディオインターフェース【動作未確認】 /060
4537,動作保証品 Roland サウンドライブラリー SN-U110-03 SOUND LIBRARY Rock Drums ローランド 箱説付【10
4538,【希少】Jamstik7 ジャムスティック スマートギター ７フレット　バンドルエディション
4539,PreSonus プリソーナス Revelator io44 オーディオインターフェース 箱付 未使用品
4540,Softube Chandler Collection Windows
4541,MOTU micro express USB MIDIインターフェイス
4542,akai S1100 サンプラー　動作確認済み　状態良好
4543,【中古】IK Multimedia iRig
4544,動作確認済 Roland その他楽器 Roland BOSS Dr.Sample SP-303 コンパクトサンプラー
4545,【Edirol SD-80】エディロール Roland ローランド 音源モジュール Studio Canvas エスディーシリーズ ⅰ
4546,【C】M-AUDIO KEYSTATION 61 MK3 MIDIキーボード エムオーディオ 3096207
4547,【C】ESI M4U eX MIDIインターフェース ESI 3069123
4548,【送料無料】Saramonic SmartRig+ Di サラモニック iOS用 オーディオインターフェイス Lightning接続
4549,"【GLB】中古 未メンテ KORG ER-1 ELECTRIBE RHYTHM SYNTHESIZER コルグ リズムマシン シンセサイザー エレクトライブ 出力確認済.,"
4550,KORG ELECTRIBE SX ESX-1SD サンプラー コルグ 音響機材 中古 Y10292397
4551,サンプリングCD spiritual voices
4552,★NATIVE INSTRUMENTS キーボード KOMPLETE KONTROL S61 MK2 61鍵盤 コンプリートコントロール 通電のみ確認【EA
4553,ZOOM U-22 Handy Audio Interface・通電のみ確認済
4554,TASCAM オーディオインターフェース US-366 未チェック 現状品
4555,【簡易動作確認済】steinberg/スタインバーク UR22mk2/UR2mkII USBオーディオ インターフェース/USB Audio Interface/60サイズ
4556,Steinberg スタインバーグ IXO12 USBオーディオインターフェース 250805SK050439
4557,YAMAHA ヤマハ TX81Z 音源モジュールトーンジェネレーター　W081210
4558,凄いおまけ付　往年の名器　YAMAHA TX-802用スタンド脚とゴム脚
4559,通電可/現状/ジャンク品　Rhythm Ace リズムマシン リズムエース リズムボックス FR-5C レトロ　ACE TONE
4560,TRUE DYNA 1m ステレオMini - Phone×2 オーディオ変換用 ラインケーブル TD-10SMP Yケブール ステレオミニ モノラルフォーン 買いだおれ
4561,Roland Memory CARD M-512E RAM 64K Bytes 未使用品
4562,★SOUND SCAN Akai CD-ROM AUDIO TRACKS Vol.17★OK! !★
4563,★Akai Z4/Z8/MPC4000 other JOG KNOB★
4564,在庫大放出セール！[超美品] KORG drumlogue ドラムマシンのさらなる革新がここに [MK204]
4565,■価格応談!!■整備品■下取OK!!★EDIROL by Roland エディロール UA-3D オーディオ・インターフェース G1R22072
4566,★Q UP ARTS Q UP COMBO MULTI-PLATFORM vol.1 SOUND LIBRARY (CD-ROM)★
4567,YAMAHAヤマハ MIDIミュージックデータプレーヤー「伴奏くん」MDP-10
4568,MOTU MIDI Timepiece AV 2台 + LINKケーブル
4569,★Roland JV-2080 EXPBASE BOARD Assy 70896034★OK!!★MADE in JAPAN★
4570,レコンポーザ／98 Ver2.5　PC98用　5インチディスク　カモンミュージック
4571,AKAI S1000 S1100 アカイサンプラー　ボリュームノブ　部品　パーツ　VOLUME KNOB
4572,100☆MOTU 828mk2FW FireWire オーディオインターフェイス ◆0830-195
4573,【Doepfer】A-101-2・LPG【美品】
4574,Roland WAVE EXPANSION BOARD Concert Piano SRX-02
4575,// UNIVERSAL AUDIO UAD-2 OCTO CORE & PlugInライセンス２0個付き // 再登録可
4576,Intellijel Designs 7U 84HP Case モジュラーシンセ　ユーロラック　ケース
4577,ローランド ROLAND GO:LIVECAST Live Streaming Studio for Smartphones GOLIVECAST スマートフォン配信用ミキサー
4578,【通電確認のみ/動作未確認】 YAMAHA MIDI KEYBOARD CBX-K1 ヤマハ ミディ キーボード
4579,東ハ:【YAMAHA/ヤマハ】MIDIコントローラー 多機能MIDIキー ボード CBX-K1 ③ 37鍵ミニ鍵盤 入力用キーボード ★送料無料★
4580,【未開封】ローランドUM-ONE mk2 USB MIDIインターフェース #15
4581,東ハ:【YAMAHA/ヤマハ】MIDIコントローラー CBX-K1 ⑤ 多機能MIDIキー 入力用キーボード ボード 37鍵ミニ鍵盤 ★送料無料★
4582,アイデックス ハイパーグルーブ　Idecs Hyper Groove “Rock & Pop” XG
4583,Behringer UFO202 U-PHONO フォノプリアンプ USBオーディオインターフェイス 動作未確認　ジャンク
4584,TASCAM FW-1884 オーディオインターフェイス ミキサー タスカム
4585,ToneX METAL Gems Collection IK multimedia DTM アンプシミュレーター ギター
4586,★Roland VE-RD1 A-70/A-90/A-90EX 128 VOICE EXPANSION BOARD★OK!!★MADE in JAPAN★
4587,【即決】フロッピーディスクエミュレーター AKAI S950 S2800 S3000 S3200XL MPC60 MPC2000 TX16W GOTEK 検）HxC
4588,Native Instruments KOMPLETE KONTROL S61
4589,Arturia Delay TAPE-201 DTM
4590,MeldaProduction MCenter
4591,AKAI MPC2000XL SE3 サンプラー アカイ メンテ済み SDカードリーダー　8パラ
4592,ジャンク品！Digidesign MBOX2 オーディオインターフェース デジデザイン USED
4593,ZOOM RT-123 RhythmTrack
4594,☆外観美品☆Roland PC-180 キーボード ローランド
4595,【超美品】Novation Dicer DJ Cue Point and Looping
4596,Roland/ローランド SR-JV80-04 VINTAGE SYNTH 音源ボード エクスパンションボード 250111
4597,美品　元箱付属品完備　BASTL INSTRUMENTS ( バストルインストゥルメンツ ) KASTLE V1.5モジュラーシンセ　シンセサイザー
4598,激安！！CHEAP COMIC SHOT ★新品 サンプリングCD
4599,"RME HDSP PCIcard , multiface , digiaface , など セット"
4600,4ms Atoner ユーロラック モジュール Eurorack Module レア
4601,M-Audio Profire 610です
4602,MOTU 2410 オーディオインターフェイス
4603,AKAI S950 フロッピーエミュレータ メモリ最大 光入力・デジタル入力 MIDI DIGITAL アカイ サンプラー ( Akai S MPC 60 3000 LINN)
4604,★通電のみ確認! BOSS DR-550 リズムマシン Dr.Rhythm ドクターリズム ボス
4605,02K045 KORG コルグ [nano PAD・nano KEY] 2点セット 未確認 ジャンク扱い 部品取りなどに 売り切り
4606,【即決】フロッピーディスクエミュレーター AKAI S3000XL GOTEK 検）HxC
4607,Roland ローランド Sound Canvas SC-88 DTM-88ATPR
4608,YAMAHA シーケンサー QY70 QY-70 ジャンク扱い
4609,206 MOTU 8PRE プリアンプ オーディオインターフェース
4610,【G】Roland R-8 リズムマシン ローランド
4611,正規品 Addictive drums 2 Studio Rock
4612,★E-MU 1000/2000/Virtuoso/Lead/Mo' Phatt/B-3/Planet Earth/Orbit 3 other Front Panel Assy AP637★
4613,【訳あり】Audient オーディエント iD24 オーディオインターフェース アウトレット
4614,0702u1233　スタインバーグ USB-eLicenser (Steinberg Key) Yamaha
4615,【非常に美品】Roland(ローランド) MIDIキーボードコントローラー A-49-BK ブラック 49鍵
4616,【現状渡し】EDIROL・エディロール「UA-25」オーディオインターフェース＊Roland ローランド
4617,Instruo/Divkid Ochd ユーロラック モジュラーシンセ Instruo
4618,PME Hammerfall DSP AESー32 Rev.1.1 Synchronizer Board HDSP 16チャンネル１９２kHz AES/EBU PCIインターフェイス
4619,ALESIS SR18 リズムマシン　美品・動作品
4620,1円スタート!! 新品未使用!! Native Instruments Komplete Audio 1 オーディオ インターフェイス
4621,【 J 】4525 steinberg UR22mkII オーディオインターフェース スタインバーグ
4622,ヤマハ YAMAHA CBX-K1B　MIDIキーボード　 ※ジャンク品
4623,roland jv-2080
4624,Roland ローランド MC-303 リズムマシン
4625,STEINBERG スタインバーグ UR12 USBオーディオインターフェース★動作未確認品
4626,ヤマハ　リズムマシン　YAMAHA　RX7
4627,【美品】audient オーディオインターフェイス iD22
4628,ROLAND SOUND CANVAS SC-55 sound module　2台　ジャンク
4629,お02-233aFD//【ジャンク品】オーディオインターフェース ZOOM TAC-2 動作未確認
4630,M-AUDIO air 192 | 4 オーディオインターフェース USB TYPE-C DTM 音楽制作 C243
4631,美品！メンテ済 AKAI MPC3000 最新OS！最大メモリー増設！LCD画面！全スイッチ交換済！
4632,AKAI professional アカイ MPC Renaissance ミュージック・プロダクション・コントローラー
4633,ZOOM TAC-2R オーディオインターフェイス Thunderbolt Apple Macユーザー向け
4634,Roland ローランド SC-7 Sound Module 音源モジュール ACアダプター付き
4635,Arturia KEYLAB61 MIDIキーボード　※修理品　※一部キー難有　※動作品ですがジャンク品　※本体のみ
4636,管理番号=a0825936【中古】ジャンク BOSS ボス DR-55 & DB-66 セット JUNK ジャンク 現状渡し
4637,箱付き・美品・廃盤・激レア・Rocktron MIDI MATE フット コントローラー ロックトロン・動作品。
4638,Roland ローランド USBオーディオインターフェイス RUBIX-22 箱あり 通電〇【DBAV7020】
4639,カワイ KAWAI R-50III リズムマシン デジタルドラムマシン 取扱説明書付 動作確認済
4640,AKAI SL1001 / SWM/ FUNK WORK STATION#2他 S1000 サンプラー サウンドライブラリーディスク フロッピー 全10枚セット★動作未確認品【TB】
4641,YAMAHA RX11 ジャンク　（Ｌチャンネルから音が出ない）
4642,ToneX METAL Gems Collection IK multimedia DTM アンプシミュレーター ギター
4643,【ヤフオク】TASCAM US-2x2HR #2【No.1479】
4644,☆中古品☆　PreSonus　オーディオインターフェース　44VSL　通電確認済み
4645,KAWAI カワイ CARD RAM DC-16 メモリーカード 【動作未確認】 K4 K4r K1 XD5
4646,TASCAM US-144mkII US-144mk2 タスカム USBオーディオインターフェース
4647,E-MU SYSTEMS（イーミュー）Proteus/2 XR Orchestral 音源モジュール
4648,Focusrite フォーカスライト Scarlett2i2 USB オーディオインターフェイス 音響機材 オーディオ 中古 S9721977
4649,【通電確認品】AUDIENT ID14 オーディオ インターフェイス 配信/ストリーミング/宅録/60サイズ
4650,iZotope RX11 Advanced Windows
4651,Mannequins ユーロラックモジュール MANGROVE オシレーター (モジュラーシンセ DOEPFER MALEKKO MAKENOISE INTELLIJEL 4MS ALM MUTABLE)
4652,CREATIVE USB Sound Blaster Digital Music Premium HD 中古
4653,あ//つH4120 ヤマハ　 YAMAHA MIDI サウンドキーボード CBX-K1XG 動作品
4654,★AKAI S2000 希少8パラアウトオプション IB-208P搭載　フルメモリー32MB
4655,02S263■Roland　LINEAR SYNTHESIZER PROGRAMER　PG-10　取説付き■
4656,ROLAND ローランド DTM-88PW Sound Canvas SC-88Pro 音源モジュール 現状【EB1030】
4657,通電確認のみ TASCAM オーディオインターフェース US-144MK2 TEAC CORPORATION 4IN/4OUT 宅録 MIDI 札幌市 平岸店
4658,コルグ 03R/W MIDI音源モジュール サウンドモジュール 現状品 KORG QD033-9
4659,MOTU モツ M4 オーディオインターフェイス 本体のみ
4660,(倉T030）Roland TR-66 ローランド Rhythm Arranger リズムアレンジャー リズムマシン
4661,ヤマハ YAMAHA シーケンサー QY100
4662,【C】Native Instruments KOMPLETE AUDIO 6 オーディオインターフェース 3002256
4663,f146*80 【やや傷汚れ有】 【１円～】roland cr-78 ローランド　アナログ リズムマシン ドンカマ 動作確認済
4664,23.- LINE6 TONE PORT UX1 オーディオインターフェース
4665,●iRig 2/IK Multimedia(アイケーマルチメディア)◎(国内正規品)iPhone接続ケーブル付
4666,Roland ローランド SN-U110-04 Electric Grand & Clavi ロムカード 【動作未確認】 PCM DATA ROM FOR U-110 サウンドライブラリー
4667,roland fc-100mk2 foot controller 中古品
4668,管理番号=ca250307-02【中古】KEITH MCMILLEN K-MIX & 12 STEP & BopPad SET JUNK キースマクミラン MIDIコントローラー ジャンク 現状渡し
4669,美品　APOGEE ONE+ONE オーディオインターフェイス　動作未確認
4670,★AKAI S1000/S1000HD/S1000PB/S1100 EXM005 MEMORY 2MB BOARD (L6009C5020)★OK!!★Made in Japan★
4671,【 G 】2169 behringer Rhythm Designer RD-8 リズムマシン ベリンガー
4672,★Akai MPC2000/MPC2000XL IB-208P 8 Channel Output (8PARA)★OK!!★MADE in JAPAN★鉄板代替品付属★
4673,正規品 Applied Acoustics Systemsサウンドパック2点セット DTM
4674,ROLAND MIDIインターファイス N225 の中古品
4675,Roland ローランド R-8M 音源モジュール　〈通電確認〉
4676,★TASCAM US-4x4 オーディオインターフェース 未チェック 現状品 管理番号03133
4677,☆Roland XV-5050 ★シンセサイザー音源モジュール☆
4678,VERMONA ( ヴァーモナ ) / DRM-1 Mk III Standard 中古品
4679,■ROLAND UM-3G USB MIDIインターフェイス Coka walk ローランド USED 14732■！！
4680,【3個セット・格安スタート】TASCAM iXZ iPad/iPhone/iPod touch/Android対応【開封品】
4681,□現状品□ YAMAHA A4000 サンプラー ヤマハ ※通電確認のみ （2746668)
4682,★Roland SC-8850/JV-1080/JV-2080/JD-990/XV-3080/XV-5080/AR-2000/AR-3000/SN-700 other VALUE/(Push) SOUND LIST KNOB★
4683,【 G 】2938 Roland SD-50 音源モジュール ローランド
4684,YAMAHA ヤマハ Steinberg UR824 オーディオインターフェース 音響機器
4685,"中古CD■SAMPLING■KAERU CAFE / Flash Red Ultimate Drum Collection / KACA0121■サンプリング, ドラム, カエルカフェ, AKAI"
4686,■価格応談!!■整備品■下取OK!!★iRig IK Multimedia iPhone iPad オーディオ インターフェイス ギター/ベース用 G1R22649
4687,Intellijel Designs SVF 1U ほぼ未使用
4688,digidesignのMBOX2です
4689,Roland ローランド TD-3 音源モジュール V-Drums
4690,E-mu PRO formanceプラス本体と箱と取説（英語）、電源アダプター（非純正）音出し動作確認、midi同期確認済み
4691,Make Noise Mimeophon モジュラーシンセ ユーロラック
4692,Make Noise Skiff Case モジュラーシンセ ケース ユーロラック
4693,レア サンプリングCD AKAI CD-ROM 「 Dance Partition 1 」輸入盤 サンプリング素材 テクノ トランス
4694,[良品] Universal Audio VOLT176 クラス最高峰のオーディオクオリティーで録音 [OLR03]【箕面店在庫】
4695,BOSS SP-505 サンプラー ◆動作未確認品
4696,Pittsburgh Modular | Lifeforms Micro Sequence モジュラーシンセ　ユーロラック　dtm daw
4697,digidesign デジデザイン　003 RACK + オーディオインターフェース　通電確認のみ
4698,[美品] Alesis V49 MIDI KEYBOARD フルサイズ49鍵キーボード/アサイン可能な8つのパッド [NLG72]【神戸店在庫】
4699,YAMAHA PLG150-DX Advanced DX/TX Plug-in Board
4700,emagic emi 2/6　オーディオインターフェース
4701,★ROLAND MC-500 RHYTHM BANK MRD-500 FLOPPY DISK Q6-MC05-001★OK!!★
4702,Dz800325 ベリンガー アナログドラムマシン RD-6 BEHRINGER 中古・美品
4703,AKAI サンプラー MPC MPC4000
4704,★AKAI MPC2000/MPC2000XL/MPC3000/S01/S2800/S3000/CD3000/CD3000XL/S5000 other VOLUME KNOB WHITE★
4705,3/23 *1■Roland MV-30■ローランド STUDIO M シーケンサー【中古/現状品/動作未確認ジャンク】
4706,通電確認済　AKAI MPC4000 BL PLUS アカイ サンプラー　現状品
4707,【 C 】6080 Arturia Spark LE　ドラムマシン　MIDIコントローラー　アートリア
4708,KORG MOBILE MIDI KEYBOARD CONTROLLER SET DTM コルグ モバイル キーボード コントローラー セット
4709,Roland GO:MIXER PRO-X この機会にぜひいかがでしょうか!! J612712 O ◆関西発送
4710,【YAMAHA RX17】ヤマハ☆デジタルリズムプログラマ☆MIDI リズムマシン☆シーケンサ☆
4711,Roland ローランド　 Rubix24 オーディオインターフェース　ジャンク品
4712,Roland ローランド GI-10 インターフェース 付属品有り
4713,YAMAHA ヤマハ MDF2 MIDIデータファイラー 通電OK ジャンク品
4714,Neve モジュール 2台まとめて トーンジェネレータ コンデンサ 音響機器 ※現状渡し
4715,★Roland EXPANSION BOARD SR-JV80-10 BASS & DRUMS MADE IN JAPAN★
4716,[中古] PreSonus STUDIO 24c 24Bit/192kHz対応のハイレゾ・サウンド [NLG37]【神戸店在庫】
4717,NOVATION LAUNCH CONTROL XL MIDIコントローラー
4718,★Focusrite Scarlett 2i2 オーディオインターフェイス フォーカスライト 未チェック 現状品 管理番号03384
4719,BOSS DR-5 Dr.Rhythm Section Made in Japan ドラムマシン 日本製 動作確認済み◆画面日焼けあり。◆リズムマシン◆ACアダプター付き！
4720,☆Roland ED SC-8850 Sound Canvas 音源モジュール 通電確認済み シンセサイザー ローランド 現状品 M06☆
4721,IK Multimedia iRig HD2 ×2　ジャンク
4722,YAMAHA MTX3 マトリクスプロセッサー ユーロブロック完備 動作品
4723,steinberg UR22 オーディオインターフェース 音響 スタインバーグ 中古 M9846845
4724,S10692◎steinberg CI 1　USBオーディオインターフェース　部品取り【ジャンク】250401
4725,ジャンク MOTU 16A オーディオインターフェース
4726,Roland D-550 音源モジュール　ローランド
4727,【1円オークション】FIFINE USBオーディオインターフェイス 2入力2出力 XLRマイク接続 楽器入力対応 音声モニタリング可能 AME3075
4728,Lexicon LXP Native Reverb Plug-in Bundle Windows
4729,(Z-5521)ROLAND リズムマシン GROOVEBOX MC-303 動作未確認 現状品
4730,AKAI　音源モジュール　SG01k　GM SOUND MODULE　アカイ　サウンドモジュール　通電確認済み
4731,Roland JV-880 シンセサイザーモジュール
4732,【M-1】 AKAI MPC2000XL サンプラー 動作確認済み アカイ 3154-1
4733,KORG M3-M XPANDED EXB-M256付き
4734,YAMAHA MIDI音源　MU-100 ジャンク品汚れあり　60サイズ
4735,MOTU　オーディオインターフェース　828MK3
4736,25博/B102268-3/SY3000/V043-513/【名古屋】digidesign 192 DIGITAL I/O オーディオインターフェース
4737,Roland MC-50 MKII MICRO COMPOSER ローランド マイクロコンポーサー ジャンク品【1円スタート！】
4738,BEHRINGER FCB1010 MIDIフットコントローラー
4739,M-Track Duo2チャンネルUSBオーディオインターフェース　/中古品
4740,digidesign デジデザイン オーディオインターフェース 003 RACK+ 現状品 直接お渡し歓迎 BBK650401小
4741,Folktek Alter 2 モジュラーシンセ ユーロラック 希少アート系エフェクトモジュール 実験音楽に
4742,AKAI MPD218 MIDIコントローラー
4743,Roland EDIROL PC-50　MIDI Keyboard Controller
4744,YAMAHA SU10 サンプラー 音出し確認済み
4745,Roland ローランド 音源モジュール SC-D70　通電のみ確認
4746,Z025-N35-4260 YAMAHA ヤマハ QY100 ミュージックシーケンサー 現状品1
4747,RME Digiface Dante オーディオインターフェース 通電画像あり★動作未確認品【TB】
4748,Apogee AD-8000　（ジャンク）
4749,ROLAND P-6 CREATIVE SAMPLER AIRA COMPACT　※送料無料
4750,2K2-1「PreSonus AudioBox iTwo M7 マイク/HD7 ヘッドフォンセット」ポップフィルター オーディオインターフェイス 動作未確認 現状品
4751,650 AKAI Professional MPK25 MIDIコントローラー キーボード アカイ 動作確認済み 箱あり
4752,【 C 】172 PRESONUS revelator io24 USBオーディオ インターフェース プレソナス
4753,モジュラーセット、Mutable Instruments Elements、BATUMI QUADRUPLE LOW FREQUENCY OSCILLATOR、TIPTOP audio uZeus、Hikari Instruments
4754,【A-2】 Mackie ONYX BLACKJACK オーディオインターフェース 元箱付き マッキー 3251-88
4755,【動作未確認】ARTURIA KEYSTEP MIDIキーボード ジャンク【送料無料】
4756,Blue Cats Plug-Ins Pack Windows
4757,【J】YAMAHA QX3 シーケンサー リズムマシン ヤマハ 3039620
4758,【ヤフオク・格安スタート】TASCAM US-2x2HR 【No.1661】
4759,Roland SUPER JD SYNTHESIZER MODULE ローランド JD-990 音源モジュール 通電確認 音だし確認済 現状品
4760,管理番号=Eb0845637【中古】デジタル商品2点セット ・NATIVE INSTRUMENTS/MASCHINE CONTROLLER ・AKAI PROFESSIONAL/APC40 ジャンク 現状渡
4761,pro tools duet by APOGEE オーディオ インターフェイス 音響機材 中古 O9878583
4762,○【稼動品】M-AUDIO M-TRACK DUO 2チャンネルUSBオーディオインターフェース 通電確認済 1円〜
4763,YAMAHA RHYTHM PROGRAMMER RY8 リズムプログラマー シーケンサー リズムマシン ジャンク品
4764,BX_LIMITER TRUE PEAK/drive
4765,ジャンク品■Roland TR-727 リズムマシン
4766,Y06/226 PreSonus AudioBox iTwo オーディオインターフェイス 通電確認済み 現状品
4767,A/30 M-Audio Profire 610
4768,【KORG MicroKey Air 37】Bluetooth対応 MIDIキーボード｜USB接続可・美品
4769,【USED品】Roland ローランド SN-R8-02 Jazz Brush SOUND LIBRARY ROM PCM RAM サウンドライブラリー メモリーカード DATA
4770,iZotope Ozone 11 Advanced Windows
4771,Brainworx社　bx_clipper
4772,BOSS ボス Dr.Rhythm DIGITAL ドクターリズム リズムマシン DR-220A
4773,ジャンク APOGEE DUET 2 オーディオインターフェース
4774,Roland TR-8S AIRA
4775,UNIVERSAL AUDIO APOLLO TWIN X DUO オーディオ　　　インターフェイス　通電OK ジャンク品
4776,behringer RD-6 ベリンガー アナログドラムマシン 通電確認済み
4777,TASCAM タスカム US-2x2 USBオーディオインターフェース 通電可 ジャンク
4778,YAMAHA TX-81Z 音源モジュール ヤマハ
4779,美品！AG03MK2 ライブストリーミングミキサー
4780,AVID MBOX Mini USBオーディオインターフェース オーディオインターフェース
4781,PRESONUS プレソナス STUDIO26C オーディオインターフェイス 通電確認済★簡易検査品【TB】
4782,RME fireface800 オーディオインターフェイス
4783,■動作品■Technics PCM Digital Drum Percussion SY-DP50
4784,iZotope Neutron 5 Windows
4785,【1円スタート！】Neve モジュール 2台まとめて トーンジェネレータ コンデンサ 音響機器 ※現状渡し その5
4786,iZotope RX11 Advanced Windows
4787,【難あり】M-AUDIO KEYSTATION49 MK3 MIDIキーボード 49鍵 音響機器 音楽 コンパクト 軽量 ミュージック 当時物 現状品 u8262
4788,Roland MC-303 Groovebox シーケンサー ローランド グルーヴボックス
4789,送料関東756円〜 AKAI アカイ フレーズ レコーダー サンプラー RECORDER SAMPLER RIFF-O-MATIC 動作 U40 電源アダプター付き 管理番号1704
4790,【 J 】6985 ensoniQ　SQ-R　PLU32　シンセサイザーモジュール　エンソニック　本体のみ
4791,【1円スタート！】Neve モジュール 2台まとめて トーンジェネレータ コンデンサ 音響機器 ※現状渡し その8
4792,Steinberg eLicenser Cubase Artist11
4793,M-AUDIO KEYSTATION49 MK3 キーボード 動作未確認品 エムオーディオ 箱付き
4794,QCD 4ms Company モジュラーシンセ ユーロラック Mutable intellijel
4795,03w15266/【通電確認済】RME アールエムイー Babyface Pro FS オーディオインターフェイス 音響機材 ケース ケーブル付属
4796,超お買い得品 KORG microKEY2 37-Air ショルダーバッグ付き
4797,Roland AIRA compact t-8　BEAT MACHINE
4798,Sinano GPC-1500A Green Power Conditioner 信濃 グリーンパワーコンディショナー
4799,★ジャンク品★SAMPLER/DELAY DIG-420 VESTA KOZO
4800,Fabfilter Total Bundle Windows
4801,◆新品未使用 AKAI(アカイ) Professional ミュージック・プロダクション・センター MPC500 サンプラー/サンプリングマシン/ポータブルMPC
4802,（DAN）Steinberg UR22mk2mkII 現状品
4803,YAMAHA PA-6 トランス式 電源アダプター MU1000/MU2000/MU128 RME製品にもオススメ
4804,AKAI MPC2000（8パラアウト拡張済）ヴィンテージドラムマシーン
4805,AKAI APC MINI コントローラー　ジャンク扱い
4806,【美品】TASCAM iXZオーディオインターフェース タスカム　タスカム マイク&ギター　オーディオインターフェイス
4807,☆S88☆送料無料 IK Multimedia iRig 2 ギター モバイルインターフェース
4808,ALESIS SR18 アレシス リズムマシン ドラムマシン 通電確認済
4809,YAMAHA ヤマハ AG03MK2 ミキシングコンソール オーディオインターフェース ライブストリーミング 音響機材 中古 S9950845
4810,YAMAHA ヤマハ RS7000 シーケンサー リズムマシン 通電確認のみ
4811,♪ Steinberg UR28M オーディオインターフェース スタインバーグ 音響
4812,【G】PreSonus STUDIO26c オーディオインターフェイス プレソナス 3005024
4813,YAMAHA ヤマハ QY100 ミュージックシーケンサー リズムマシン 音楽機器 ジャンク　■mg2
4814,♪▲【Roland ローランド】サンプラー SP-404 0425 4
4815,HAGIWO MOD1 ハード組立済 DIYモジュール　Eurorack モジュラーシンセ　②
4816,S BOSS Dr.Rhythm DR-670 リズムマシン 音響機材　通電確認済み
4817,【中古】 Focusrite Scarlett Studio 2i2 1st Gen オーディオインターフェイス コンデンサーマイク ヘッドホンセット フォーカスライト
4818,CASIO GZ-50M
4819,【G】Oberheim MATRIX-6R M-6R 音源モジュール オーバーハイム 3011450
4820,現状品(通電のみ)■音源モジュール■トーンモジュール TONE GENERATOR■ヤマハ　YAMAHA■TG55■
4821,【 J 】6938 ZOOM ST-224 サンプラー ズーム
4822,送料無料A027 Roland TRI‐CAPTURE オーディオインターフェース ジャンク ローランド トライキャプチャー
4823,PreSonus AudioBox GO 美品 送料無料
4824,【G】ROLAND M-SE1 音源モジュール ローランド 116656
4825,Analogue Solutions Telemark v1 シンセサイザー　dtm daw モジュラーシンセ　Oberheim sem クローン
4826,Roland　ローランド オーディオインターフェース UA-55 QUAD-CAPTURE オーディオチャプター オーディオ機器 通電OK　現状販売
4827,Fabfilter Total Bundle Windows
4828,正規品 最上位版T-RackS 6 Max Upgrade IK multimedia DTM
4829,NATIVE INSTRUMENTS / ネイティブインストゥルメンツ Maschine MIDIコントローラー ジャンク品[B089H767]
4830,Tj269791 タスカム　TASCAM　 iXZ オーディオインターフェース 中古・現状品
4831,"QFREQ Media-Controller 新品 Qlab, ableton Live等"
4832,BEHRINGER ULTRAMATCH PRO SRC2496 サンプルレートコンバーター 中古 ジャンク T9947460
4833,M-AUDIO Keystation 61 MK3 MIDIキーボード【美品】
4834,Native Instruments Kontrol S61 MK3 MIDIキーボード【美品】
4835,Komplete Kontrol M32
4836,中古★Roland TR-626 RHYTHM COMPOSER リズムマシン + M-1280 メモリーカード【TR-626】EVHO
4837,KORG コルグ MIDIキーボード コントローラー micro KONTROL MC-1 ∝0500
4838,中古★Roland UM-4 ED MIDI インターフェース オーディオインターフェース USB【UM-4】EVIN
4839,KORG コルグ ELECTRIBE エレクトライブ サンプラー ESX-1 通電確認済み 現状品 ACアダプタ付き
4840,1円【ジャンク】sonar works/Reference4 Studio Edition with Mic/82
4841,e-mu proteus2000 音源モジュール
4842,【開封未使用品】 Novation Circuit TRACKS ノベーション グルーブボックス MIDIコントローラー リズムマシン ★ 71793-50
4843,YAMAHA TX802 RAM4 フットゴム+スタンド付 BackLigjt交換
4844,MOTU micro express MIDIインターフェイス USB【現状品】
4845,【 G 】1153 Roland CDX-1 サンプラー ローランド 本体のみ
4846,ROLAND VMA-150A
4847,【中古】 MIDIキーボードコントローラー ROLAND A-49 BK
4848,送料本文 Digidesign 1U RACK ラック マウント USB MIDI I/O インターフェース フェイス INTERFACE 通電 デジデザイン MH041 現状 管理0705
4849,Roland TR-8 リズムマシーン　ローランド　動作確認済み　美品
4850,【返品保証】【2点まとめ】KORG nanoKONTROL Studio MOBILE MIDI CONTROLLER nanoKEY Studio MOBILE MIDI KEYBOARD MIDI周辺機器 BT522
4851,【美品】KOMPLETE KONTROL S61 MK2 MIDIキーボード
4852,【ACアダプター付属/動作品】Roland ローランド SC-55MK2 SOUND CANVAS サウンドキャンバス SC-55MKII MT-32 General MIDI MADE in JAPAN
4853,PreSonus Studio 1824c 実用中古
4854,T674 Native InstrumentsKOMPLETE AUDIO 6 MK2 オーディオインターフェイス
4855,Roland USBオーディオインターフェース UA-101
4856,iZotope Ozone 11 Advanced Windows
4857,Celemony Melodyne Studio 5 Windows
4858,bf35 centrevillage モジュラーシンセ ユーロラック
4859,MPC4000 AKAI エフェクトボード 未使用 念のためジャンク
4860,ジャンク Roland/ローランド マイクロコンポーザー MC-50
4861,【送料込】Yamaha UX256 USB-MIDIインターフェース
4862,AVID PRO TOOLS HDX CARD
4863,MOTU M2 オーディオインターフェース
4864,★Akai MPC2000/MPC2000XL IB-208P 8 Channel Output (8PARA)★OK!!★MADE in JAPAN★鉄板代替品付属★
4865,Roland MC-50 MKII MICRO COMPOSER 通電OK その他動作未確認　電源コード付き　中古現状品(100s)
4866,J708　BOSS　DR-220A　Dr. Rhythm DIGITAL　ビンテージ リズムマシン　箱・説明書付き　中古品　通電確認済み
4867,MPC Studio MKⅡ
4868,【元箱付、簡易動作確認済】PS3　プレイステーション3　CECH-2500A　160GB
4869,AKAI Professional MPK Mini コントローラー
4870,OPCODE/STUDIO64X 64チャンネルMIDIインターフェース/パッチベイ
4871,【起動未確認】配信機材 Squarock Commander M1 オーディオインターフェイス Audio Interface ゲーム配信 ラジオ配信 楽器アクセサリー
4872,【 G 】1559 AKAI EWI3000/EWI3000m ウインドシンセサイザー 音源モジュール アカイ
4873,YAMAHA　UW500
4874,ZOOM　Micro RhythmTrack　　MRT-3B
4875,Steinberg スタインバーグ オーディオインターフェース UR242 ZM56410 付属品、箱付き 通電〇【DEAO9025】
4876,【G】E-MU PROTEUS Orchestra MODEL 9098 音源モジュール イーミュー 3045951
4877,★★★BOSS DR-5　Dr.Rhythm Section　コード機能搭載　リズムマシン【動作品】
4878,KORG コルグ nanoKONTROL-BK MIDIコントローラー ◆182f03
4879,YAMAHA QY20 MUSIC SEQUENCER
4880,美品 デッキセーバー付 NATIVE INSTRUMENTS MASCHINE MK3 + DECKSAVER DS-PC-MASCHINEMK3 付属品完備 MIDIコントローラー デッキセーバー
4881,02■Roland Sound Canvas SC-88ST 音源モジュール ミュージくん88 DTM-MK88W ジャンク
4882,数回のみ使用　YAMAHA SEQTRAK ブラック SEQTRAK MIDIコントローラー
4883,Soundtheory Gullfoss Windows
4884,【1円スタート！】Neve モジュール 2台まとめて トーンジェネレータ コンデンサ 音響機器 ※現状渡し その7
4885,YAMAHA RY20 ヤマハ リズムプログラマー リズムマシン _BJI_C0513-J008
4886,zoom tac-8 オーディオインターフェース 【ジャンク】
4887,▲YAMAHA MOTIF-RACK ES 音源モジュール MOTIF ES シンセサイザー ヤマハ▲
4888,【要修理品/ジャンク品】YAMAHA/ヤマハ WX7 ウインドシンセサイザー MIDIコントローラー 専用ケース付き/100サイズ
4889,i connect MIDI2+
4890,ヤマハ　MIDI音源モジュール　MU2000Ex
4891,中古★AKAI Professional MPK mini USB MIDI キーボード・コントローラー【MPKmini】EXXG
4892,【G】 Roland XV-5080 音源モジュール ローランド ②3046504
4893,Yamaha WX5 ウインドシンセサイザー WIND MIDI コントローラー 全長約60cm 楽器 動作未確認 YAMAHA 現状品
4894,【 J 】7733 AVID Pro Tools + MboxPro　オーディオインターフェース　アビット　元箱付き
4895,MIDIキーボード AKAI LPK25
4896,E-MU イーミュー デジタル・ポリフォニック・シンセサイザー・モジュール PROTEUS 2000 元箱/説明書付き ¶ 7240E-2
4897,K1755/Roland SC-88 音源モジュール ローランド 通電確認のみ
4898,MFB - SYNTH LITE Ⅱ モノフォニックアナログシンセ　ジャンク
4899,KOMPLETE KONTROL M32 MIDIキーボード
4900,YAMAHA ヤマハ 音源モジュール MU50 トーンジェネレーター
4901,Roland Rubix24 (元箱あり)
4902,BEHRINGER UM2 (ベリンガー オーディオインターフェイス)【新潟店】【月末セール！】
4903,KOMPLETE KONTROL M32 MIDIキーボード 動作未確認 ジャンク！
4904,【ジャンク・通電のみ確認】KORG　DDD-1　DYNAMIC DIGITAL DRUMS コルグ　ドラムマシン
4905,★サウンドマスター/Sound Master Memory Rhythm リズムマシン SR-88/DAW/MIDI/外箱・マニュアル付属/ジャンク品&2130700005
4906,IK Multimedia UNO Drum ドラムマシン リズムマシン 250520SK020298
4907,BMC-2 tc electronic DTM DAC D/A Monitor Controller モニターコントローラー　モニコン
4908,1円スタート Roland MULTI SOUND MODULE ローランド MT-32 音源モジュール レトロ ヴィンテージ 当時物 器材 動作未確認 通電確認済み
4909,Rhythm Ace/リズムエース FR-6P リズムマシン (514
4910,E-MU イーミュー 9092 CARNAVAL 音源モジュール
4911,Avid Pro Tools MTRX オーディオ インターフェース 音響機材 中古 S10013138
4912,♪便利♪AKAIアカイ ウインドシンセサイザー EWI USB
4913,SHURE X2u シグナルアダプター マイクロホン レコーディング 音響機器 中古 S10013121
4914,【 G 】2149 Roland U-110 音源モジュール ローランド
4915,【引取限定】 Roland A-88 MIDIキーボード コントローラー 88鍵 スタンド付き ジャンク 直 T9869311
4916,Steinberg UR22mkII / 2x2 USB2.0 24bit / 192kHz オーディオインターフェース／スタインバーグ
4917,【C】YAMAHA EAD10 ドラム音源モジュール ヤマハ 3047297
4918,PRESONUS プレソナス AudioBox 1818VSL オーディオインターフェース DAW 業務用 音響機器 録音機材★動作未確認品【TB】
4919,EVOLUTION X-SESSION 本体のみ◆通電確認済 現状品 USB MIDIコントローラー
4920,M-AUDIO Audiophile USB MIDI インターフェース
4921,【中古・未メンテナンス品】AKAI Professional MPK mini MIDIキーボード コントローラー グレー 25鍵 【通電確認済み】°
4922,iZotope RX11 Advanced Windows
4923,0QR2◆当時物 BOSS DR-5 Dr.Rhythm Section 通電OK 動作未確認/Dr.リズム リズムマシン ドラムマシン 送:-/80
4924,AKAI　音源モジュール　SG01k　GM SOUND MODULE　アカイ　サウンドモジュール　通電確認済み　　本体のみ
4925,★E-MU Proteus 1000/2000/AUDITY 2000/CUSTOM KNOB★
4926,IK Multimedia iRig Keys 2 Mini（純正ケース付）（中古美品）
4927,KORG コルグ KR mini リズムマシン 音響機材 現状品 ジャンク S10081585
4928,サンプリングCD Voice of Africa Creative Essentials Sampling CD Series Volume 27
4929,YAMAHA ヤマハ MU5 トーンジェネレーター　動作未確認　現状品
4930,MOTU 828ES オーディオインターフェース 箱説付き
4931,KAWAI K1r 動作チェック済み
4932,Roland TR-8S 動作確認済み
4933,pro tools duet by APOGEE オーディオ インターフェイス 音響機材 中古 O9878599
4934,★KORG/コルグ リズムマシン KR-55 Pro + VOX フットスイッチ VFS5/動作品/外箱・取説等付属&0855100180
4935,tu100 Steinberg UR22 mkⅡ 2×2 USB 2.0 オーディオインターフェース ※中古現状品/通電のみ確認
4936,◆MOTU/MIDIインターフェース MIDI Timepiece MTP AV◆
4937,ww2210 YAMAHA DTXPRESS 音源モジュール マルチエフェクター
4938,Roland SP-555 サンプラー Sampler Lo-Fi D-BEAM おまけ付き
4939,★★★CASIO SK-10　Lo-Fiサンプリングキーボード
4940,052921. S2000.AKAI.デジタルサンプラー.アカイ.通電確認のみ.ジャンク
4941,●代DM529-100 KORG コルグ ワイヤレス MIDIキーボード microKEY2-37 AIR 元箱付き /a
4942,[美品] ZOOM SB-246 ストリートスタイルのHIP HOPビートクリエイター [RL309]【神戸店在庫】
4943,zero g vintage sampling cd Datafile one two three サンプリング uk jungle 2step garage ukf
4944,[KM0161] 中古現状品 ZOOM RhythmTrak RT-323 リズムマシン 音出ました ズーム 1000円スタート！
4945,Zoom リズムマシン Rhythmtrak RT-123 ズーム リズムトラック 【通電のみ確認】 純正アダプター付き
4946,ZOOM RT RT-123 リズムマシン
4947,☆166★1円～ アレシス USBキーボード コントローラーALESIS Qmini ミニキーボード 音楽 制作 鍵盤 バンド 軽音 32鍵 現状品
4948,【ジャンク品】Roland ローランド ED SC-D70 SOUND Canvas サウンドキャンバス 音源モジュール 本体のみ
4949,MOTU M4 4in 4out オーディオインターフェイス USB-C 美品
4950,YAMAHA FGDP-30 ヤマハフィンガードラムパッド 新品同様
4951,中古品 Roland A-500s midi keyboard controller 鍵盤 音楽 機材 midiキーボード 本体のみ 編集 楽器
4952,AKAI MPC2000 MPC2000XL 中古パッドセンサー ⑧
4953,[KM0163] 中古現状品 Roland Sound Canvas SC-55 ローランド サウンドキャンバス MIDI音源 音出ました
4954,BOSS DR-3 リズムマシンPSA100 電源アダプタ付き
4955,Roland MKS-70 SUPER JX シンセサイザー 音源モジュール ローランド 【ジャンク品】
4956,F505 通電OK ジャンク M-AUDIO M-TRACK QUAD 4IN 4OUT USBオーディオインターフェイス MIDI
4957,状態良好！UNIVERSAL AUDIO VOLT1 オーディオインターフェース ユニバーサルオーディオDAＷ　DTМ
4958,Roland SC-88 その1
4959,【ジャンク】[中古] AKAI MPC2000 通電が確認できないため特価 [QLM39]【梅田店在庫】
4960,MOTU 828mk2 簡易動作確認済み
4961,【1円スタート】REM ADI-2 DAC 【訳あり】
4962,Focusrite LIQUID MIX 16 フォーカスライト 動作未確認
4963,【通電確認のみ】 MIDIコントローラー KORG コルグ nanoKONTROL-BK nanoKEY-BK nanoPAD-BK / 80 (SGAW020618D)
4964,KAWAI DIGITAL MIDI SEQUENCER Q-80
4965,ジャンク｜ローランド Roland MT120 GS音源内臓 デジタルシーケンサー◆MIDI Player/ループ録音
4966,【B-3】 Roland TD-7 音源モジュール ローランド 通電確認済み 動作未確認 1641-9
4967,Roland ローランド SC-55 音源モジュール ACアダプター付き★簡易検査品【TB】
4968,"Happy Nerding 3x MIA( モジュラーシンセ, ユーロラック)"
4969,BOSS ボス SP-303 サンプラー 音響機器 ジャンク K10141677
4970,通電確認済み E-MU VINTAGE KEYS plus 9056 MIDI 音源モジュール
4971,♪ AKAI アカイ 赤井 EWI4000S ウィンドシンセサイザー 中古 現状品 250511Y7995
4972,AUDIENT iD4 [2in | 2out Audio Interface]
4973,ELECTRO-HARMONIX CLOCKWORKS クロックワークス アナログ トリガー シーケンサー RHYTHM GENERATOR SYNTHESIZER
4974,Steinberg UR22 スタインバーグ オーディオインターフェイス 250613SK430394
4975,KORG nanoKEY Studio MIDI キーボード　【動作品】19
4976,EDIROL エディロール PCR-300 MIDIキーボード★動作未確認品
4977,1円 動作品 良品 Roland ローランド SC-88VL MIDI音源モジュール 音源モジュール
4978,Steinberg UR22C USB3.0 オーディオインターフェイス 本体のみ 動作中古品 天板キズあり
4979,【 G 】2305 AKAI Professional EWI3020/3020m ウインドシンセサイザー サウンドモジュール アカイ
4980,iZotope RX11 Advanced Windows
4981,【中古】 Steinberg UR44C USBオーディオインターフェース スタインバーグ
4982,pro tools duet by APOGEE オーディオ インターフェイス 音響機材 中古 O9878606
4983,Roland SC-88VL SOUND Canvas 音源モジュール 本体のみ 電源なし 起動確認済 詳細未確認
4984,STEINBERG オーディオインターフェイス UR22C
4985,Native Instruments MASCHINE+（Mikroではありません）本体＋3.0アップデート譲渡可＋SDカード付｜美品・Fred again.. 使用実績あり！
4986,【送料無料】PreSonus Studio 24c オーディオインターフェイス(ソフトウェアなし)
4987,★ O.65 Novation ノベーション Launchpad Mini MK3 MIDI グリッドコントローラー NOVLPA11 ★
4988,Roland JV-1080
4989,[DAWコントローラー]　iCON Digital i-CONTROLS PRO
4990,ALESIS SR18（送料込み）
4991,【ジャンク品】AKAI サンプラー MPC2000XL CFカードリーダー搭載 LCDパネル交換
4992,iZotope RX11 Advanced Windows
4993,BOSS DR-01S
4994,Native Instruments Maschine+ plus mpc AKAI mk3 サンプラー　通電確認済み　Roland sp maschine
4995,正規品Waves IDX Intelligent Dynamics DTM
4996,ソニー Sony α A5000 ミラーレス一眼 ホワイト ボディ
4997,正規品 Celemony Melodyne 5 Essential 歌ってみた
4998,【 G 】8644 Roland　JV-2080　音源モジュール　ローランド　210578
4999,edirol ua-101 roland アダプター付き
5000,TASCAM オーディオインターフェース US-366 ■mg2
5001,MOTU ultralite mk3
5002,YAMAHA ヤマハ　RY20 Rhythm リズムマシン
5003,【 J 】8748 RME　FIREFACE　400　オーディオインターフェース　アールエムイー　3106930
5004,Steinberg YAMAHA CI1 UR242 2台まとめて売る
5005,ALESIS ''DM Pro'' Drum Module ドラム パーカッション音源 中古美品 動作確認済 レア
5006,[美品] AKAI MPK mini play 小型軽量！どこにでも持ち運べる音源内蔵MIDIキーボード！ [QLH92]【難波店在庫】
5007,Roland Verselab MV-1
5008,未開封 KORG リズムボックス KR mini RHYTHM DTM リズムマシン リズムマシーン 楽器 器材 コルグ
5009,T【3p-78】【60サイズ】▲スタジオ エレクトロニクス/Tonestar 2600 ユーロラック モジュール/※動作未確認・傷・汚れ有
5010,【 J 】 Y9445 YAMAHA WT11 音源モジュール ヤマハ 3107333
5011,Akai Professional DAWコントローラー MIDI MIX
5012,ローランド☆音源☆SC-55mkⅡ
5013,【ジャンク】ROLAND GROOVE SAMPLER グルーブサンプラー SP-808 ローランド
5014,5ステップシーケンサー　モジュラーシンセ　ユーロラック　doepfer masf moog make noise
5015,★AKAI IB-804A ADAT Expansion Board S5000/S6000/DR8/DR16/DR16plus/DD8/DD8plus★OK!!★MADE in JAPAN★
5016,♪▲【KORG/BOSS/ION コルグ/ボス/アイオン】MIDIコントローラー/エフェクター/ミキサー 3点セット KPC‐1/ME-20/iDJ 0710 23
5017,Sonic Potions x Erica Synths LXR-02　ドラムシンセサイザー　エリカシンス　ステップシーケンサー
5018,RME Fireface UC オーディオインターフェース オーディオインターフェイス 現状品
5019,AKAI: EWI3030 m コントローラ
5020,【送料無料】極美品 Roland SC-8850 SOUND CANVAS シンセサイザー ローランド 音源モジュール①（81054）
5021,【J】Ace Tone RHTHEM ACE FR-7L リズムボックス リズムマシン 231954
5022,YAMAHA MU100B TONE GENERATOR ヤマハ MIDI音源モジュール トーンジェネレーター 動作品 純正電源アダプター付き
5023,通電確認済み Propellerhead プロペラヘッド AUDIO INTERFACE オーディオインターフェース インターフェイス 現状品 7-G032Z/1/060
5024,Hillwood HR-2 SUPER VARIATION アナログ リズムボックス
5025,98年・名器・ヤマハ・ ＹＡＭＡＨＡ・ SU700・ サンプラー ・ フロッピー1枚・取説付き・動作品！激安。
5026,【 G 】K7844 Roland INTEGRA-7 音源モジュール ローランド 3085083
5027,Alesis Nano　Bass　※ジャンク品
5028,YAMAHA MU2000EXバージョン（希少）とアダプター。音源モジュール、音出動作確認、midi 同期確認　【ジャンク品、難あり】
5029,AKAI MPC500 サンプラー
5030,※取説のみ Roland MULTI TIMBRE SOUND MODULE MT-32 オーナーズマニュアル【PP
5031,M-AUDIO Keystation 49 MK3 MIDIキーボード 現状品
5032,【C】Roland BRIDGE CAST ゲーミングミキサー ローランド 232374
5033,☆ Roland ローランド R-8 コンポーザー 中古 現状品 250702K3185
5034,【J】ZOOM R24 サンプラー ズーム 3051762
5035,YAMAHA ヤマハ Rio3224-D オーディオインターフェース 電源コード/箱付き★動作未確認品【TB】
5036,AKAI MPC One★サンプラー 動作良好◎外箱 アダプター付き
5037,STEINBERG UR12 USB AUDIO INTERFACE 24-BIT/192KHZ D-PRE オーディオインターフェース COMPATIBLE YAMAHA
5038,現状品◆ Lexicon MRC version 4 ◆ レキシコン MIDI リモート コントロール　電源アダプター付属です♪ジャンク品扱い
5039,TG ONE Tiptop Audio モジュラー 発売終了品 レア Throbbing Gristleファン必須 USED 動作品
5040,送料無料! Mutable Instruments Veils Mk2 クローン 4ch VCA ユーロラック モジュラーシンセ 中古 intellijel makenoise 美品
5041,YAMAHA ヤマハ　VL-70m バーチャルアコースティック　トーンジェネレーター　音源モジュール
5042,YAMAHA ヤマハ　VL-70m バーチャルアコースティック　トーンジェネレーター　音源モジュール
5043,[fui] フォーカスライト Focusrite Scarlett solo 3rd Gen MOSC0024 オーディオインターフェース
5044,【 G 】 Y9746 Roland S-330 デジタルサンプラー ローランド 3055252
5045,Roland SC-55mkⅡ 音源モジュール ジャンク B63803
5046,digidesign デジデザイン MH040 SYNC I/O シンクロナイザーマスタークロック オーディオインターフェース ボタン付き★ジャンク品【TB】
5047,【 G 】714 KURZWEIL Micro Ensemble 音源モジュール カーツウェル 3062902
5048,ジャンク　アカイ　AKAI MPX16 故障
5049,AKAI CD-ROM SOUND LIBRARY S6000 Vol.1 APC002 S5000/S6000 samples
5050,Apogee TRAK2
5051,【 G 】630 MOTU MidiX T MIDIインターフェース モツ 3095834
5052,4点セット　iZotope Ozone11 Advanced RX11 Advanced Nectar 4 Advanced Neutron 5
5053,KORG USB MIDIコントローラー nanoPAD2　nanoKONTROL2
5054,【送料無料！】美品 Roland Rubix24 オーディオインターフェイス ローランド
5055,動作未確認）Roland MODEL UA-55 QUAD-CAPTURE ローランド クアッドキャプチャー オーディオインターフェイス
5056,「C44_5A」RME Fireface400 オーディオインターフェイス 動作品　現状本体(250728)
5057,ROLAND SK-88PRO
5058,★ KORG コルグ KR mini リズムマシン 動作確認済 音出し確認済 中古 250605K2950
5059,EDIROL エディロール UA-101 オーディオインターフェース 10イン10アウト USB2.0 高音質 DTM Roland ローランド★動作未確認品【TB】
5060,EDIROL エディロール UA-101 オーディオインターフェース 10イン10アウト USB2.0 高音質 DTM Roland ローランド★動作未確認品【TB】
5061,【中古】 MIDIキーボード Arturia MINILAB
5062,◆ほぼ未使用◆ZOOM AMS-22◆送料無料◆オーディオインターフェース USB-Type-C／2-IN 2-OUT
5063,YAMAHA ヤマハ RHYTHM PROGRAMMER RY30 電源ケーブル欠品のため動作未確認 現状品 リズムマシン
5064,【G】KORG M3R 音源モジュール コルグ 3117788
5065,YAMAHA 音源モジュール　MU50
5066,KORG 03R/W ai Syntheses Module
5067,♪ Focusrite Scarlett Solo 3rd Gen オーディオインターフェイス 箱説無し 通電動作未確認 宅急便コンパクト発送 直接引き取り大歓迎
5068,【 G 】909 Roland SC-88PRO サウンドモジュール ローランド 197008
5069,未開封 KORG リズムボックス KR mini RHYTHM DTM リズムマシン リズムマシーン 楽器 器材 コルグ
5070,No.2508044◆EDIROL エディロール◆UA-4FX◆オーディオインターフェース
5071,Steinberg UR44C USBオーディオインターフェース スタインバーグ 250728SK011170
5072,Digidesign 192 I/O　Pro Tools HD用オーディオインターフェース　プロ用機材 　動作OK
5073,【C】ROLAND SOUND SC-88ST Pro 音源モジュール ローランド 3095706
5074,YAMAHA/ヤマハ AG03MK2 B 3ch ウェブキャスティングミキサー ブラック 新品未開封
5075,LANDR Plug-in Collection Windows
5076,美品　希少 動作確認済み！名機　Roland TR-808 Rhythm Composer　ローランド 〈シリアル103761〉ヴィンテージリズムマシン
5077,◆ジャンク YAMAHA/ヤマハ QY70 音源モジュール シーケンサー MUSIC SEQUENCER 音響機器 259-90
5078,♪▲【YAMAHA/DENON ヤマハ/デノン】リズムマシン/DVDプレーヤー 2点セット DJX-ⅡB/DVD-2910 まとめ売り 0806 23
5079,RME Fireface UC USBオーディオインターフェース【完動品】
5080,サンプリング CD Creative Essentials UPFRONT LEAD GUITAR
5081,【送料込み】 Roland　ローランド　16VCO／8音ポリフォニック アナログシンセ音源モジュール　MKS-80　後期型　動作・外観良好品　OLED換装
5082,サンプリング CD NEO JUNGLE Hyper keyboards Jungle Beats
5083,Roland ローランド SN-U110-02 latin&F.X.percussions ラテン パーカッション SOUND LIBRARY サウンドライブラリー 音源モジュール 即有り
5084,Roland ローランド　サンプラー　SP-555 パフォーマンス デモンストレーション　DVD　入手困難品　１点のみ　　送料無料　送料込
5085,AKAI S1000 FILTER PCB アカイサンプラー　部品　パーツ　フィルター　PCB 動作確認済み
5086,KAERU CAFE AQUA WATERDROP & NATURE SOUNDS サンプリングCD 水滴音 雨 川 嵐 雷鳴 温泉 波音 自然音 カエル・カフェ
5087,Korg X5DR　取扱説明書
5088,通電確認のみ YAMAHA QX7 デジタルシーケンスレコーダー シーケンサー ヤマハ 札幌市 西岡店
5089,★★AKAI MPC RENAISSANCE 専用 ACアダプター 入力:AC100-240V 出力:DC12V 1.5A SYS1308-2412-W2
5090,【現品限り・未開封品】NEONLIGHT / Big city brights night with a vacant look [サンプリングCD]
5091,AKAI S01
5092,★AKAI S1000/S3000XL/S3200XL/CD3000/CD3000i/CD3000XL DISPAY★19個+5=24個セット★ジャンク/JUNK★
5093,★AKAI Z4/Z8 IDE CF COMPACT FLASH 16GB ADAPTER CARD READER★OK!!★
5094,M-AUDIO OZONIC FireWire MIDIキーボード
5095,新品■ モノモジュラーシンセ ユーロラック ロングパッチングケーブル 180cm x 10本 モノラルケーブル コード 3.5mm パッチシンセ
5096,カエルカフェ KAERUCAFE KACA0144 WHITELOOP1 / British Reggae&SKA Loop （レゲエ&スカサンプリング音源CD）廃盤 美品
5097,【Erica Synth】Pico・LPG【美品】
5098,[超美品] Arturia KEYLAB Essential 61 MK3 スタイリッシュなデザインと多機能性を装備したキーボード・コントローラー [UK022]
5099,Roland SC-55 赤外線リモコン
5100,【 中古 CD 】Best Service XX-LARGE EXTREME2 1650 BRANDNEW DRUMLOOPS
5101,YAMAHA ヤマハ MU80 シンセサイザー 音源モジュール 　日本製品　動作確認済み
5102,★Akai MPC2000/MPC2000XL IB-208P 8 Channel Output (8PARA)★OK!!★MADE in JAPAN★鉄板代替品付属★
5103,Roland PC-180
5104,KAWAI POCKETBAND　カワイ ポケットバンド
5105,KORG MIDIキーボード microKEY-25 送料無料
5106,#9041★ ヤマハのキーボード用ボリウムペダル、フットコントローラーFC-9
5107,DOEPFER A-100 Series 各種 EURORACK 詳しくは商品説明欄にて。モジュラーシンセサイザー Modular Synthesizer 可動確認済 ケーブル付
5108,【中古】 ヤマハ YAMAHA AG06 MK2 B 6チャンネル ライブストリーミングミキサー ブラック
5109,送料710円～ ジャンク 動作未確認 LINE6 TONEPORT UX2 SN.QC20103 管理F
5110,★AKAI MPC2000XL/S5000/S6000/CD3000XL other TEAC FD-235HF A549 U5 FLOPPY DRIVE★OK!!★MADE in JAPAN★
5111,YAMAHA　ヤマハ　RX5　ドラムマシン 24120410
5112,SAMPLER SAMPLER PROSONUS サンプリングCD AUDIO 1988 希少
5113,【中古】RANE オーディオインターフェイス デジタルDJシステム serato SCRATCH LIVE SL3 DJ機器用アクセサリ 専用ポーチ付き ◆3104/磐田店
5114,★PRO SAMPLER EASTWEAT vol.37 DANCE SYNTHS (from TECHNOTRANCE)★
5115,★通電確認のみ★E-MU VINTAGE KEYS CLASSIC　ANALOG KEYBOADS　モジュール　レア
5116,Roland ローランド/Boutique TR-08 Rhythm Composer ブティーク リズムマシン中古通電のみ
5117,【音出し確認済】Roland SC-8820 音源モジュール Sound Canvas ローランド サウンドキャンバス 現状品
5118,C1849■現状品■TAHORNG　タホーン■電子サックス　Elesa10■本体の長さ(約)425mm■ハードケース付き
5119,IK MULTIMEDIA iRig Pro Duo I/O iRig PSU 9175 iPhone/iPad用オーディオインターフェイス 専用の電源アダプター セット販売 アイケー
5120,t.c.electronic Desktop Konnekt 6　Firewireカード＆Firewireケーブル
5121,ジャンク Roland オーディオインターフェース　STUDIO-CAPTURE UA-1610 31241001
5122,K1138/ Roland ローランド D-550 音源モジュール 通電確認のみ
5123,★超レアホワイト美品! AKAI MPK mini MK3 WH アカイ USB/MIDIコントローラー
5124,steinberg UR22
5125,1点のみ値下げ4800→3999 定番ピアノ音源2点セット XLN Audio Addictive Keys 未使用 DTM ボカロ
5126,2205 コルグ KORG microKEY-25 USB MIDIキーボード 25鍵盤 ジャンク
5127,AKAI REMIX88 アカイ サンプラー 動作品　メモリー増設済　AKAI REMIX88 DJ Phrase Sampler MIDI Stereo Digital Sampler
5128,Roland SMF Music Date YMO SUPER CLASSICS 2枚組 YMOスーパークラシックス SMF MIDI DATA ミディ・データ
5129,IK Multimedia iRig Pads MIDIグルーブコントローラー アイケーマルチメディア MIDI パッドコントローラー 本体のみ
5130,Focusrite フォーカスライト Saffire Pro 14 ■y4
5131,YAMAHA　ヤマハ RX7 DIGITAL RHYTHM PROGRAMMER 　リズム登録・音出し確認済み
5132,TASCAM MTS-30 MIDI TAPE SYNCHRONIZER
5133,Roland AIRA TR-8 Rhythm Performer リズムパフォーマー ローランド
5134,UR12 オーディオインターフェース
5135,【開封済み中古】NATIVE INSTRUMENTS MASCHINE JAM
5136,INDUSTRIAL MUSIC ユーロラックモジュール PISTON HONDA MK3 オシレーター (モジュラーシンセ DOEPFER MALEKKO MAKENOISE INTELLIJEL 4MS)
5137,C0218-5Y/ Worlde TUNA MINI 25キーUSB MIDIキーボードコントローラー
5138,★E-MU E6400 ULTRA other NEC HDD 15GB (IDE/ATA 40pin)★
5139,roland xv-5050
5140,PreSonus AudioBox 1818VSL プレソナス　オーディオインターフェース　通電OK 動作未確認　電源コード欠品　写真追加有り
5141,YAMAHA ヤマハ RX7 リズムマシン ACアダプター/取説付き ジャンク品★122v20
5142,KAWAI カワイ MIDIシーケンサー Q-55 新品未使用品　全付属品付き
5143,M-AUDIO エムオーディオ ProFire 2626 オーディオインタフェース★動作未確認品
5144,AKAI　S2000　アカイ　サンプラー
5145,kikutani newmal xオーディオインターフェース
5146,ローランド Roland SC-88Pro MIDI音源モジュール SOUND Canvas ジャンク扱いにて
5147,中古 PreSonus AUDIO BOX GO オーディオ ボックス オーディオインターフェイス USBケーブル無し
5148,audio-technical ATC-USBA3 USBオーディオアダプター　本体のみ　通電・動作未確認　ジャンク
5149,★MIDITECH・K32s GM音源(128音色)・スピーカー内蔵USB対応MIDIキーボード　中古美品です　おまけ付き★
5150,【引取限定】Native Instruments Kontrol S88 MK3 MIDI キーボード 鍵盤 楽器 中古 直 Y9746615
5151,正規品】AIによる簡単ミックス iZotope Neutron 5 Elements
5152,ジャンク audient ID22 オーディオインターフェース
5153,YAMAHA TG300 TONE GENERATOR　音源モジュール
5154,digidesign 192I/O オーディオインターフェース Pro Tools HD
5155,TASCAM US-144 mk2 USBオーディオインターフェース 動作品
5156,AKAI アカイ S950 サンプラー ジャンク品
5157,YAMAHA ミュージックシーケンサー QY70 　動作未確認
5158,【動作確認済】Roland 音源モジュール D-550 メンテナンス済 M-256E付属（PN-D50-00データ入り）
5159,IK Multimedia iRig Keys Pro　MIDIキーボードコントローラー
5160,★ジャンク品★拡張モジュール SR-JV80-07 Roland
5161,Roland ローランド MPU-105 MIDI output Selector アウトプットセレクター 動作未確認 現状品
5162,YAMAHA RX21 DIGITAL RHYTHM PROGRAMMER リズムマシン
5163,AKAI アカイ MPC LIVE サンプラー　電源コード/ACアダプタ/取扱説明書/他付属品あり★簡易検査品【TB】
5164,YAMAHA RY10 ヤマハ
5165,YAMAHA FS1R 動作品
5166,S9973◎TASCAM　タスカム　オーディオインターフェース　US-144MKⅡ 音出しOK【訳アリ】250227
5167,★E-MU E64/E5000Ultra/E6400Ultra/E4XT/E4XTUltra/E IV/E-SYNTH other FLOPPY DRIVE MPF920-1★
5168,【簡易動作確認済】NATIVE INSTRUMENTS KOMPLETE AUDIO6 オーディオインターフェース 配信/ストリーミング/宅録/60サイズ
5169,【J】PRESONUS STUDIO1824C オーディオインターフェース プレソナス
5170,Roland SC-8850
5171,Roland M-256E メモリーカード 【動作未確認】 RAM 32K Bytes ローランド 2 JD-800 JD-990 JV-880 XP-60 XP-80 JV-80 JV-2080 JV-1080
5172,Roland SP-404 ローランド サンプラー 音響機器 中古 F9735950
5173,BOSS DR-01S
5174,KORG Volca Beats リズムマシン ドラムマシン コルグ
5175,正規品 Universal Audio LA-2A Tube Compressor 定番コンプ UAD
5176,M-Audio ProjectMix I/O オーディオインターフェース ジャンク品
5177,Roland SUPER JV JV-1080 シンセサイザー 名機
5178,iZotope RX11 Advanced Windows
5179,roland u-110
5180,★rt2517　TASCOM　オーディオインターフェース　US-366　DSPミキサー搭載　音楽制作　レコーディング　タスカム★
5181,「U22_8A」Roland UA-55 QUAD-CAPTURE USBオーディオインターフェース　現状本体のみ（250305）
5182,Apogee ad8000 ジャンク
5183,KORG KR-55 Pro
5184,02S261■KORG　ドラムマシン　DDD-5■
5185,【G】ARTURIA MiniLab MkII MIDI キーボードコントローラー アートリア 3002253
5186,[良品] EDIROL UA-4fx はじめてのインターフェースにオススメ！ [NL567]【神戸店在庫】
5187,Roland Mobile UA UA-M10 オーディオインターフェース 音響機器 中古 M9763099
5188,this.is.NOISE NM2 MIDIコントローラー Bluetooth USB-MIDI
5189,【 B 】5072 Steinberg UR22C BOCCHI EDITION オーディオインターフェース スタインバーグ
5190,Roland ローランド SN-U110-15 Super Brass ロムカード 【動作未確認】 PCM DATA ROM FOR U-110 サウンドライブラリー ROMCARD
5191,Creative『USB Sound Blaster Digital Music Premium HD（SB-DM-PHDR2）』ハイレゾ USBオーディオインターフェース レコード録音
5192,AKAI MPC2000 MPC2000XL MPC4000 MPC3000 MPC60　MPC60Ⅱ 中古パッドセンサー ③
5193,Roland MKS-20 デジタルピアノ 音源モジュール ジャンク T9548133
5194,BOSS サンプラー等の電源コード　ジャンク
5195,【送料込】Focusrite フォーカスライト Scarlett Solo gen3 (3ed gen) オーディオインターフェース 本体のみ
5196,Roland ローランド QUAD-CAPTURE UA-55 オーディオインターフェース
5197,【送料無料】Prism Sound Orpheus プリズムサウンド オルフェウス used!!【日本正規代理店品】
5198,【 C 】2202 IK Multimedia AXE I/O オーディオインターフェース
5199,【 C 】2200 Fireface UCX オーディオインターフェース ファイアフェイス
5200,【 J 】2928 Roland QUAD-CAPTURE UA-55 オーディオインターフェース ローランド ①
5201,◇KORG　コルグ　microKEY　Air　MIDIコントローラー　通電可◇25-3-M50
5202,Steinberg 24bit/192kHz対応 USBオーディオインターフェイス UR-RT4
5203,6013K04*3B▲TASCAM/タスカム オーディオインターフェース US-122MKⅡ 器材
5204,【ヤフオク・格安スタート】TASCAM US-42W MiNiSTUDIO CREATOR #2
5205,【C】YAMAHA WT11 MIDI コントローラー ウインドシンセサイザー ヤマハ 3015852
5206,【ヤフオク・格安スタート】TASCAM US-42W MiNiSTUDIO CREATOR #1
5207,サンプリングCD「Creative Essentials Sampling CD Series Vol.16　DRUM＆PERCUSSION TOOLS 」輸入盤・美品・ジャケ盤面新品同様
5208,KORG NANO KONTROL2
5209,AUDIENT EVO 4 USB オーディオインターフェイス 送料込！
5210,▲【売り切り】Alesis USB/MIDIキーボード 49鍵盤 ※アダプター欠品
5211,◯ YAMAHA ヤマハ AG03 オーディオインターフェース ミキシングコンソール 箱付き 通電確認済み
5212,8. スタインバーグ 2 X 2 USB 3.0 INTERFACE UR22C. 美品
5213,[中古] YAMAHA CBX-K2 MIDI KEYBOARD ヤマハ ミディ キーボード コントローラー [美品]
5214,【B】MOTU M2 オーディオインターフェイス モツ 3002342
5215,◆ほぼ未使用！極美品！送料無料！ペダル＆ケース付き◆Roland ローランド A-88MK2◆
5216,モジュラーシンセ ユーロラック　instruo Ochd Eurorackdtm daw
5217,YAMAHA FB-01 FM SOUND GENERATOR
5218,◎B☆983 KORG midiキーボードMicrokeyAIR 25鍵盤 コルグ マイクロキー MIDI コルグ MIDIキーボード
5219,Vongon on-set エフェクター　dtm daw モジュラーシンセ　ユーロラック
5220,【 C 】 Y6691 RME Babyface オーディオインターフェース
5221,Roland ローランド SOUND Canvas SC-8850
5222,【 G 】2674 MOTU 896HD オーディオインターフェース モツ 本体のみ
5223,49S 【中古品】 TASCAM US-144 MKⅡオーディオMIDIインターフェース タスカム US-144MKII　オーディオインターフェイス USB2.0 Audio/MIDI
5224,★AKAI EB-16 FX Effects Board MPC2000/MPC2000XL★OK!!★MADE in JAPAN★
5225,★ROLAND FC-200 MIDI フットコントローラー ローランド 未チェック 現状品 管理番号03340
5226,【Yamaha MU500】ヤマハ 音源モジュール Motif ミューシリーズ エムユーシリーズ　ⅰ
5227,Roland DUO-CAPTURE EX オーディオインターフェイス
5228,moog mavis モジュラー　モーグ
5229,【中古・生産終了品】Tiptop Audio / Z5000 VC Digital Multi-Effect　16種のエフェクトを搭載したデジタル・ステレオマルチエフェクター
5230,【0327i A16540】 ローランド Roland UA-4FX USBオーディオキャプチャー Audio Capture EDIROL by Roland ジャンク
5231,RE3490 外観美品　nano KONTROL 2(Black)(コルグ)(DAWコントローラー) KORG 専門知識がない為　動作未確認　現状品　0327
5232,YAMAHA RX5用 音色ROM ラテンパーカッション
5233,AKAI EWI5000 ホワイト用バッテリー
5234,SRX-99 EXPANSION Roland
5235,未使用品 Roland UA-1010 オーディオインターフェーイス
5236,AKAI アカイ S950 サンプラー
5237,Qu-bit シーケンサー　octone モジュラーシンセ　ユーロラック　dtm daw
5238,正規品UJAM EDMに最適シンセ DRIVE DTM
5239,●タスカム US-366 オーディオインターフェース TASCAM USB 2.0 Audio Interface 音響機材 DSPミキサー搭載 S4091
5240,NO2397 Steinberg UR22C 2x2 USB 3.0オーディオインターフェース Cubase AIとCubasis LE付き
5241,【ジャンク品扱い】digidesign MBOX2 Pro　元箱　付属品全てあり　iLok付き
5242,IK MULTIMEDIA iRig Pro Duo I/O iRig iPhone/iPad用 オーディオインターフェイス 電源供給iRig Power Bridge付 C473
5243,完全動作品 Roland SR-JV80-04 VINTAGE SYNTH JV-1080 JV-2080 XV-5080
5244,【動作確認済】AKAI APC40 初代 白バージョン 付属品あり ableton Live MIDIコントローラー
5245,★★★【動作品】KORG K61P　 音源内蔵61鍵盤 USB-MIDIキーボード・コントローラー
5246,KORG nano KONTROL 2(Black) 動作未確認
5247,ALESIS Nano Piano 取扱説明書 ３点セット
5248,■□■　ALESIS ドラムモジュール DM5 動作確認済（液晶訳あり）　■□■
5249,Steinberg/スタインバーグ UR22 オーディオインターフェース　中古
5250,YAMAHA ヤマハ キーボード MIDI SK1XG ジャンク
5251,[ZEROnet]ジャンク　オーディオ機器　DTM　MIDI音源モジュール　ヤマハ　トーンジェネレータ　TG300　音出しOK　ΣK704-09
5252,marantz マランツ PMD570 SOLID STATE RECORDER コンパクトフラッシュ対応 据置型レコーダー 2台セット★動作未確認品【TB】
5253,KORG KR mini コルグ リズムマシン
5254,Roland SRX-07 Ultimate Keys 動作品
5255,●EDIROL UM-2EX USB MIDIインターフェース 未チェック 現状●
5256,MOTU　828FW　オーディオインターフェイス　音響機材　モツ　ジャンク　77
5257,Y08/191 ROLAND ローランド SoundCanvas SC-88Pro 音源モジュール 簡易動作確認済み 現状品
5258,Focusrite オーディオインターフェイス 18イン/20アウト 24bit/192kHz Scarlett 18i20 (2nd Gen) ジャンク品
5259,美品/動作確認/Akai Professional 高性能 USB MIDIミキサー DAWコントローラー MIDI MIX
5260,Roland QUAD-CAPTURE UA-55
5261,YAMAHA MU80 ボイスリスト
5262,★Akai S01/S2800/S3000XL/S3200XL/CD3000/CD3000XL/MPC3000/EWI3030m other KNOB★
5263,ローランド　SC-55K 音源モジュール
5264,1円スタート！ ローランド Roland SOUND CANVAS SC-88 ローランド サウンドモジュール MIDI音源
5265,BOSS ボス Dr.Rhythm DR-55 ドクターリズム リズムマシン ∴ 71C49-7
5266,ELEKTRON MACHINEDRUM SPS-1 UW MK2 専用ケースなど付属品あり
5267,Y810★BOSS/SP-303/サンプラー/Dr Sample/ボス/電源確認のみ/アダプターなし★送料590円〜
5268,AKAI アカイCD-ROM サンプラー CD3000i
5269,ROLAND FANTOM XR 交換用 互換品LCD
5270,1円スタート Roland ローランド リアルタイムアレンジャー RA-50 LA音源モジュール MIDI音源 シンセサイザー 電子楽器 音響機材 動作未確認
5271,正規品】AIによる簡単ミックス iZotope Neutron 5 Elements
5272,★YAMAHA DX1/DX5/DX7/DX9/DX21/DX27/DX27S/DX100/KX88/DMP11 SLIDER KNOB スライド フェーダー★
5273,現状品 未開封品 未使用品 ローランド オーディオインターフェース QUAD-CAPTURE UA-55
5274,KORG 01R/W 音源モジュール 2Uラックマウント 音響機材 コルグ ジャンク B9865048
5275,4T1★通電OK★ BOSS / ボス Dr.Rhythm DR-550 リズムマシン
5276,♪▲【Roland ローランド】SOUND Canvas 音源モジュール SC-8850 0410 4
5277,Steinberg UR22 mk2 mk オーディオインターフェース スタインバーグ 250331SK240278
5278,【J】 Roland TR-707 リズムコンポーザー ローランド 3040897
5279,Novation Launchkey 61 mk3 MIDIキーボード 250331SK430043
5280,YAMAHA RX7
5281,正規品Waves IDX Intelligent Dynamics DTM
5282,Behringer U-PHORIA UMC404HD オーディオインターフェイス
5283,通電確認のみ サウンドブラスター SB1290 USB直刺しモデル SBX
5284,MOTU M2 2-in/2-out USB audio interface オーディオインターフェイス
5285,【通電確認済】 roland EDIROL UM-880 MIDI 取扱説明書 CD-ROM ジャンク
5286,cranborne audio / 500r8 　API500 オーディオインターフェース サミング
5287,Antares Auto-Tune Unlimited Windows
5288,AKAI S1000用ラックマウント金具、ロータリーエンコーダー、ボリュームツマミセット
5289,PreSonus AudioBox USB オーディオインターフェイス
5290,ジャンク RME FIREWIRE 800 オーディオインターフェース
5291,AKAI MPC X SPECIAL EDITION サンプラー 10.1インチ フルカラーマルチタッチスクリーン RGB 16パッド 現状品
5292,【G】YAMAHA SFG-01/CX5 シンセサイザー ヤマハ 116441
5293,■ ケークウォーク オーディオ インターフェイス UA-4FX インターフェース オーディオキャプチャー
5294,【5月10日最終・送料込み】Roland　ローランド　16音ポリフォニックDCOピアノ音源モジュール　MKS-10　プロトタイプ　試作機　動作良好品
5295,AKAI S950 MIDI DIGITAL SAMPLER アカイ 赤井 サンプラー ※電源コード欠品 ※通電/動作未確認品 状態説明あり 〆1限◆ジャンク品【福岡】
5296,Roland SC-88Pro　ジャンク品
5297,MOTU Microbook IIc モツ マイクロブック オーディオインターフェース 箱付き
5298,Roland ローランド U-220 サウンドモジュール [ジャンク品]#11122
5299,ジャンク apogee emsamble オーディオインターフェース
5300,04S145■Roland　音源モジュール　SC-88ST■
5301,【1円スタート！】Neve モジュール 2台まとめて トーンジェネレータ コンデンサ 音響機器 ※現状渡し その10
5302,【 G 】551 NATIVE INSTRUMENTS KOMPLETE KONTROL A49 MIDIキーボード ネイティブインス 本体のみ
5303,【 C 】571 ECHO AUDIOFIRE PRE8 オーディオインターフェース エコー 本体のみ
5304,Roland ローランド SoundCanvas SC-88PRO/G 音源モジュール★動作品【TB】
5305,Behringer UCA202 オーディオインターフェース 中古完動品 美品
5306,163(21-5)【1円スタート】 オーディオインターフェース UR22C 通電確認のみ ケーブル欠品
5307,"【美品】oz design OZ-24 Stereo マスタリングEQ【DTM, DAW, Mix, Mastering】SSL, Neve, SPL, API"
5308,Roland Rubix24
5309,スタインバーグ UR22C 32bit/192kHz
5310,YAMAHA FB-01 FM SOUND GENERATOR　　　-説明文必読・JUNK-
5311,★動作確認済み☆ZOOM RhythmTrak 234 リズムマシン☆ KAWAI SESSION TRAINER GB‐1☆2点セット アダプター付 音響 打楽器★
5312,【¥5000〜売り切り、超美品】iCon Platform NANO Air、ムービングフェーダー搭載、無線フィジカルコントローラー、MIDIコントローラー DTM
5313,【Roland】 通電OK/ローランド　SC-D70 ミュージ郎 /digital studio デジタルスタジオ
5314,Erica Synths Pico Switch　ユーロラック　モジュラーシンセ　make noise mutable moog masf Instruo Strymon　doepfer
5315,steinberg eLicenser Cubase Pro 10 Educational
5316,YAMAHA ヤマハ AG03　オーディオインターフェース ミキシングコンソール 中古美品 使用頻度低
5317,Behringer U-PHORIA UMC22 オーディオインターフェース 音響機器 ベリンガー 中古 Z9940237
5318,【YAMAHA ヤマハ】ミュージックシーケンサー QY100 ◆No335
5319,Roland　PC-160　MIDIキーボード コントローラー 49鍵盤　ローランド　現状販売★11625
5320,●代MC181-60 ZOOM ズーム RhythmTrak RT-223 リズムマシン リズムトラック コンパクトドラム / ベースマシン 箱・説明書付き
5321,★Akai S5000/S6000 KNOB (DATA)★
5322,a650 Fireface UCX Ⅱ オーディオインターフェース RME ジャンク出品 UCX2 UCX II DTM fireface 通電可　送60
5323,BOSS DR-880 Dr.Rhythm リズムマシン
5324,ELEKTRON Octatrack DPS-1 エレクトロン サンプラー ☆おまけ多数☆
5325,１円スタート！【中古】RME Babyface Pro FS オーディオインターフェイス
5326,【ALESIS アレシス D4ドラム 音源 モジュール】音響 器材/通電OK/現状品/A74-407
5327,【未使用】NEKTAR SE25　MIDIキーボード　25鍵
5328,teinberg UR-RT2 オーディオインターフェース
5329,BEHRINGER ULTRAMATCH PRO SRC2496 サンプルレートコンバーター ジャンク T9947461
5330,Steinberg UR22 mk2 mk オーディオインターフェース スタインバーグ 250403GP010597
5331,"1円スタート!! Polyend Play Groovebox 8 Audio, 8 Poly MIDI tracks ポリエンド プレイ グルーブボックス シンセ DTM 次回入荷は完全未定"
5332,◎【通電のみ確認】ローランド Roland A-33 MIDIキーボード 76健 現状品◎Z-2590
5333,【中古】AKAI PROFESSIONAL アカイ EWI USBウインドシンセサイザー MIDIコントローラー　電子管楽器　（中古）
5334,423 YAMAHA WX5 ウインドシンセ 限定カラー ブルー
5335,◎ MOTU 「 MICRO BOOK 」 USB オーディオインターフェイス インターフェース
5336,★KORG taktile-49 USBコントローラーキーボード TRTK-49 コルグ MIDIキーボード 未チェック 現状品 管理番号03300
5337,★AKAI Professional EWIマウスピース / EWI Solo EWI5000 EWI4000s EWI USB用 ★新品/メール便
5338,【 C 】6942 Roland UA-22 オーディオインターフェース ローランド
5339,YAMAHA RX21 リズムマシン
5340,H1189★ M-AUDIO Axiom 25 25鍵盤 セミウェイテッドMIDIコントローラー
5341,1円 【引取限定】 M-AUDIO KEYSTATION88 MK3 MIDI キーボード 88鍵盤 楽器 ジャンク 直 B9735517
5342,YAMAHA ヤマハ VL70-M トーンジェネレーター音源モジュール 音響機材●純正ACアダプター付
5343,(#6834)Steinberg 2x2 USB 2.0 オーディオインターフェース UR22
5344,iZotope Neutron 5 Windows
5345,◎ローランド◎Roland AX-1 MIDI KEYBOARD CONTROLLER 45鍵(タッチ・センス付き)キーボード AX1 中古現状 即発送
5346,EDIROL FA-66 FireWire オーディオインターフェース Roland
5347,【美品・送料無料】ROLAND UM-1EX USB MIDI INTERFACE CABLE
5348,■□KORG RHYTHM 55B リズムマシン リズムボックス コルグ□■028821002□■
5349,STUDIO ELECTRONICS SE-1 アナログシンセ
5350,Roland JD-990 + SR-JV80-04 Vintage Synth ローランド
5351,★ Roland Super MPU64 USB MIDI インタフェース 【中古】
5352,美品 Akai Professional MPC Live Ⅱ スタンドアロン型ミュージック プロダクションセンター 動作確認済み 中古品◆3791
5353,☆名器☆Roland ローランド TR-8S ドラムマシン リズムマシン TR-909 TR-808
5354,novation◆楽器周辺機器その他/LAUNCHPAD MINI MKIII
5355,AKAI MPC4000 エフェクトボード ジャンクとして
5356,Roland ローランド シーケンサー リズムマシン MC-707 GROOVEBOX 元箱/説明書付き ¶ 71E12-2
5357,＜最後の1台＞ RME Digiface Dante 新品未開封 国内正規代理店品
5358,KORG EXB-RADIAS 箱付き ジャンク
5359,美品　Roland　ローランド　MIDI　キーボード　コントローラー　A-500PRO　電子ピアノ　鍵盤楽器　高性能　ライブ
5360,オーディオインターフェース UMC202HD UA-25EX UR-22MKⅡ 3台　本体のみ　まとめて
5361,♪ RME アールエムイー Babyface Pro FS オーディオインターフェース 中古 現状品 250511Y7311
5362,【Ｇ】Roland XV-5050 音源モジュール ローランド 3012485
5363,Roland Rubix24 オーディオインターフェース
5364,"BOSS Dr,Rhythm DR-660　ドラムリズムマシン　ジャンク品"
5365,Apogee Rosetta 800 192K AD/DAコンバーター完動品 動作確認済み
5366,Roland ローランド D-110 音源モジュール サウンドモジュール
5367,【限定色・美品】YAMAHA ウインドMIDIコントローラー WX5B Blue
5368,ジャンク E-MU Xtreme Lead-1 音源モジュール シンセサイザー
5369,完全ジャンク品 SSL 2 オーディオインターフェイス
5370,AKAI S3000XL サンプラー
5371,TASCAM オーディオインターフェース　US-2×2 USBケーブル、箱付き
5372,Ableton HWPU02 push2 MIDI コントローラー オーディオ 機材 音響 LIVE エイブルトン 中古 H9966848
5373,3P-G-3 sound master sr-88 80年代リズムマシン ビンテージ 箱付き 取扱説明書付き
5374,TASCAM タスカム US-144MKⅡ Audio/MIDI Interface オーディオインターフェース
5375,535★MBOX2
5376,●希少 Roland SOUND LIBRARY SN-U110-14 SUPER AC GUITAR ローランド サウンド・ライブラリー　本箱●
5377,ジャンク AKAI MPC2000 サンプラー
5378,AMDEK PCK-100
5379,Roland ローランド SP-404SX サンプラーSampler
5380,Modern Sounds Pluto シンセサイザー モジュラーシンセ ユーロラック
5381,EDIROL Roland UM-1SX * USB-MIDI インターフェイス 送料込 即決
5382,▲【売り切り】Steinberg(スタインバーグ) 音響機材 オーディオインターフェース 24bit 192kHz UR22mkⅡ
5383,♪Rhythm Box TS-2000 リズムボックス 中古 現状品 250407S2502
5384,Avid　Pro Tools MTRX Studio　マルチチャンネル・オーディオ・インターフェイス　管理No.5A18570
5385,【通電確認済】Akai Professional/アカイ 管楽器 ウインドMIDIコントローラー EWI USB/100サイズ
5386,YAMAHA RX15 シーケンサー リズムマシン ドラムマシン [80's]
5387,ベリンガー USBオーディオインターフェース UMC202HD
5388,【期間限定価格】M-vaveChocolatePlusController
5389,通電確認のみ Roland MSQ-100 MIDI デジタル キーボード レコーダー シーケンサー ローランド 【現状品】
5390,iRigPADS MIDIコントローラー
5391,★ R70515 未使用 Arturia アートリア オーディオインターフェイス MiniFuse1 ホワイト 1in2out ★
5392,★未開封 ネイティブインストゥルメンツ KOMPLETE KONTROL A49 MIDIキーボード ブラック/49鍵/コントローラー/鍵盤楽器&2104700010
5393,05S163■CASIO　DH-800　デジタルホーン　元箱付き■
5394,【USED!KORG ワイヤレス MIDIキーボード microKEY2-37 AIR★コルグ/37鍵盤 ※現状品＠100（5）】
5395,MOTU 896HD オーディオインターフェイス 電源ケーブル欠品 ジャンク Y9901083
5396,Victor PS-D700 デジタルマルチプロセッサ ジャンク Y10034554
5397,☆【1T0508-15】 Roland ローランド 音源モジュール SC-55mkⅡ SC-55mk2 ジャンク
5398,AKAI MPK mini MIDIコントローラー
5399,美品 NOVATION Circuit Tracks グルーブボックス ノベーション
5400,TR-606 Roland ローランド TR606
5401,Focusrite scarlett solo gen3 フォーカスライト　 オーディオインターフェイス 3rd Gen
5402,YAMAHA ミュージックシーケンサー　QY70
5403,iZotope Neutron 5 Windows
5404,MFB-501 PRO 海外製 リズムマシン オーディオ機器 》U7284
5405,YAMAHA RX7 リズムマシン ドラムマシン　本体のみ　通電ОＫ　現状品
5406,【B-2】 Presonus AudioBox iOne オーディオインターフェース 通電確認済み プリソーナス 1988-27
5407,YAMAHA TENORI-ON　ヤマハ テノリオン 中古品
5408,ROLAND JV-1080 ローランド 音源モジュール●G050Y107
5409,16.95 TASCAM◆タスカム USBオーディオ MIDIインターフェース US-2x2◆
5410,Steinberg（スタインバーグ） MR816CSX オーディオインターフェース　送料無料
5411,B44719 O-05077 TASCAM US-4x4 USBオーディオ/MIDIインターフェース ジャンク
5412,KAWAI R-50 Ⅲ デジタルドラムマシン ACアダプター欠品 ジャンク品
5413,N17 Roland ローランド A-500 PRO MIDI キーボード コントローラー 49鍵 電源無し 動作未確認
5414,Erica Synths Black Sequencer　美品
5415,Novation BassStation Rack アナログシンセサイザー MIDI音源 ※通電確認済み
5416,Focusrite Saffire PRO40 FireWire オーディオインターフェース
5417,【USB MIDIインターフェイス・MIDIパッチャー】EDIROL　UM-880
5418,Behringer Pro VS MINI ハイブリッドシンセサイザー
5419,nano Control studio nanoKONTROL KORG MIDIコントローラー コルグ Studio 現状品 1
5420,MiDiman MERGE2x2
5421,ZOOM AMS-24 2イン／4アウト オーディオインターフェイス
5422,958*ZOOM ズーム THUNDERBOLT AUDIO CONVERTER TAC-2R オーディオインターフェース
5423,YAMAHA ヤマハ ミキシングコントロール AG03 MK2 インターフェース 音響機器 ☆良品☆[55-0526-7O1]
5424,【C】NEUMANN MT48 オーディオインターフェース ノイマン 229945
5425,Intellijel Designs Mult
5426,Tasty Chips Electronics ECR+ Eurorack convolver（ユーロラック Eurorack Doepfer）
5427,★ Roland ローランド MKS-7 マルチ音源 中古 現状品 250601E6808
5428,II Steinberg UR22 オーディオインターフェース スタインバーグ YAMAHA ヤマハ 音響機材 DTM DAW レコーディング 宅録 ライブ配信
5429,Roland ローランド A-49-BK MIDIキーボード 49鍵 USBケーブル付き★動作品【TB】
5430,【C】steinberg IXO22 オーディオインターフェース スタインバーグ 3058907
5431,【 G 】7954 YAMAHA　 EX5R　音源モジュール　ヤマハ
5432,【通電確認済/美品】KORG/コルグ nanoKEY2 MIDIキーボード 25鍵盤/60サイズ
5433,［箱あり］MOTU828 (2024)最新版　オーディオインターフェース
5434,Native Instruments MASCHINE MK3 Black + 専用デッキセーバー
5435,Roland　ローランド CM-500 サウンドモジュールアダプター DN-500N MIDI音源 機材関連機器
5436,♪Avid S1 #1 ProTools 対応コントロールサーフェス アビッド 中古♪
5437,6mm軸 Dシャフトノブ ツマミ 14.5mmx19.7mm 0度 90度 180度 270度 の悩み無用！ 色は10色から選んで新品4個セット
5438,△【売り切り】M-AUDIO MIDIキーボードコントローラー Keystation 61 MK3 ※アダプター無し
5439,KORG コルグ TR-Rack デジタル音源モジュール 電源コード付
5440,YAMAHA KX61 キーボード
5441,CD-ROM / AKAI professional CD3000 / SAMPLE PLAYER / SOUND LIBRARY
5442,AKAI Professional LPK25 MK2 / MIDIキーボード・コントローラー
5443,MOTU 「midi express 128」
5444,KAWAI MAV-8 MIDIパッチベイ
5445,Roland SN-U110-15 Super Brassサウンドライブラリー PCM ROMカード
5446,Metric Halo MH Edge Card SPDIF AES
5447,tr08 ローランド Boutique
5448,AKAI MPK mini 美品（新品同様品）箱・付属品完備　【送料無料】DTMの強い味方　ドラム打ち込み　鍵盤メロディアレンジ
5449,Native Instruments 25周年記念限定音源 Twenty Five
5450,YAMAHA ヤマハ EMR1 XG GM音源内蔵 アンサンブルミュージックレコーダー フロッピーディスク
5451,【C】Roland SPD-11 電子パッド ローランド 230401
5452,★Roland SC-55 (MT-32) SOUND CANVAS General MIDI GS★OK!!★MADE in JAPAN★z
5453,[250576] 動作確認済み YAMAHA [QY700] ミュージックシーケンサー
5454,フォーカスライト Focusrite オーディオインターフェース Scarlett 2i2 G3 Studio Pack
5455,EDIROL by Roland UA-4FX オーディオインターフェース USB Audio Capture エディロール
5456,Roland Sonic Cell 難あり　ジャンク ローランド 音源モジュール
5457,美品　スタインバーグ UR22C 中古　使用少なめ
5458,CubaseLE14最新版
5459,送料無料【AKAI MPC ONE (DECKSAVER & UDGキャリングケース付き)】サンプラー グルーヴボックス シーケンサー シンセサイザー ドラムシンセ
5460,Winter modular ZAPS ユーロラック　ほぼ未使用
5461,【 C 】8844 Roland TM-2 音源モジュール ローランド
5462,現状品 M-AUDIO オーディオインターフェース FireWire 410 アダプター欠品[F4678]
5463,ジャンク現状品 通電のみ RME ARC USB リモートコントローラー★AB1596
5464,Roland UA-25EX USBオーディオインターフェイス EDIROL by Roland
5465,AKAI アカイ Z8 サンプラー 電源コード付き★ジャンク品【TB】
5466,F481 ジャンク 通電確認OK Native Instruments MIDIコントローラー TRAKTOR KONTROL X1 MK2 ネイティブ インストゥルメンツ
5467,YAMAHA/ヤマハ TG100 MIDI音源モジュール トーンジェネレター (610
5468,■□Avid HD MADI Pro Tools HDX用 オーディオインターフェース アビッド□■027389013□■
5469,ほぼ未使用　After Later Audio Beehive(u Plaits) モジュラーシンセ　ユーロラック
5470,【G】Focusrite Scarlett Solo オーディオインターフェイス ファーカスライト 230451
5471,【 J 】5341 Steinberg UR242 オーディオインターフェース スタインバーグ 228282
5472,MOTU 896HD オーディオインターフェース モツ 本体のみ HD896
5473,EDIROL by Roland UA-4FX オーディオインターフェース USB Audio Capture エディロール
5474,U-PHORIA UMC22
5475,PreSonus STUDIO 1824C
5476,AKAI CD-ROM サンプリング用CD
5477,ALESIS SR-16 リズムマシン
5478,Roland MT-120
5479,【極美品】AKAI MPK mini MK3 MIDIキーボード　アカイ
5480,"Squarp Instruments Hermod ( モジュラーシンセ,ユーロラック)"
5481,NOVATION ノベーション Launchpad Pro MK3 USB MIDI コントローラーパッド 音響 中古 O10138296
5482,Novation Launchkey Mini 25鍵 MIDIキーボード ノベーション 【現状販売品】 25F 北HH3
5483,★YAMAHA DX1/DX5/DX7/DX9/DX21/DX27/DX27S/DX100/KX88/DMP11 SLIDER KNOB スライド フェーダー★
5484,【1円スタート/ジャンク品】KORG SUPER DRUMS DDM-110 ドラムマシン コルグ スーパードラムス
5485,KORG DSM-1 サンプラー 12-bit Digital Sampling Synthesizer [80's]
5486,Roland GI-10 MIDI インターフェース 動作未確認 ローランド 中古 ジャンク品 管理ZI-80
5487,【通電〇 動作未確認】Roland MC-303 Groove box シーケンサー リズムマシン グルーブボックス ローランド 1円~　M0709
5488,BEHRINGER ベリンガー BCF2000 B-CONTROL FADER 電源コード/USBケーブル/ステッカー/元箱付き★動作未確認品【TB】
5489,送料無料【 Xaoc Devices Katowice 】ユーロラック モジュラーシンセ シンセサイザー アイソレーター isolator DJエフェクター
5490,【箱あり・美品】ERICA SYNTHS GRAPHIC VCO　モジュラーシンセ
5491,HAGIWO MOD2 ハード組立済 DIYドラム音源モジュール　Eurorack モジュラーシンセ　②
5492,● 250613-3609-120 SK4000 Steinberg/スタインバーグ YAMAHA/ヤマハ UR816C MR816X オーディオ インターフェース 作曲 録音 音楽機器
5493,● 250613-3609-112 ST20000 Universal Audio Apollo x6 Thunderbolt3 オーディオインターフェイス
5494,KORG nanoKONTROL Studio コルグ MIDIコントローラー
5495,Ensoniq MR RACK 音源モジュール 中古現状品
5496,TRAKTOR　SCRATCH　A6　　　NATIVE　INSTRUMENTS　　　オーディオインターフェース
5497,SSL 2 USB AUDIO INTERFACE
5498,Elektron Digitakt II ドラムマシン カバー/説明書付き エレクトロン 25F 北TO2
5499,BEHRINGER ULTRAGAIN ADA8200
5500,M-AUDIO キーステーション49 MK3 MIDIキーボード コントローラー 49鍵 外箱付
5501,【格安スタート】Roland サウンドモジュール D-110 ローランド
5502,ARTURIA KEYSTEP PRO MIDIキーボード 元箱付き アートリア 25F 北TO3
5503,ローランド SP-404MKII サンプラー
5504,MOTU 24I/O
5505,【G】 Roland MC-303 ② リズムマシン ローランド 096604
5506,【 G 】285 steinberg UR22 オーディオインターフェイス スタインバーグ 3061982
5507,Roland EDIROL UM-2 オーディオインターフェース　MIDIケーブル付き
5508,Donner N-25 25ミニ鍵盤 MIDIキーボード
5509,YAMAHA RM50 ビンテージリズム音源
5510,K&M ケーアンドエム 12197 ラップトップ スタンド ノートPC スタンド 冷却台 Made in Germany ドイツ製
5511,【G】BOSS DR-670 リズムマシン ボス 096608
5512,【ROLAND】ローランド　サンプラー SP-404MK?　音楽/エフェクター/楽器/ギター/精密機器/機材【いわき平店】
5513,Steinberg UR22mkII オーディオ インター フェース スタインバーグ 中古 O10169199
5514,ALM Busy S.B.G ユーロラック モジュラーシンセ
5515,【ジャンク】Roland Rubix24
5516,【G】YAMAHA FB-01 音源モジュール ヤマハ 3066245
5517,Oeksound SPIFF Windows
5518,★GREEN HOUSE MEMORY 32MB X 2枚=64MB 72Pin SIMM★
5519,YAMAHA ヤマハ QY20 ミュージックシーケンサー SEQUENCER　通電OK　ジャンク
5520,◆◆◆Roland【Roland/AIRA TR-8S リズム・パフォーマー アイラ／箱破れあり SDカード付き】◆◆◆
5521,YAMAHA ヤマハ MIDIキーボード CBX-K1 通電確認済
5522,【D-1】 Roland SC-55mkii 音源モジュール ローランド 通電確認済み 3394-120
5523,AKAI MPC ONE サンプラー 本体 箱付き AKAI MPC ONE サンプラー
5524,【G】KORG KP-2 エフェクトサンプラー コルグ 3084614
5525,Roland ACI-100J ACアダプター DC9V 1000mA センターマイナス ローランド
5526,RME FIREFACE UFX II ARC USB付
5527,動作確認済 M－AUDIO Fast Track C600 オーディオインターフェース
5528,Focusrite Scarlett Solo 3rd Gen オーディオインターフェイス [G-1200]
5529,ZOOM TAC-8 THUNDERBOLT AUDIO CONVERTER ケーブル付き
5530,M-AUDIO CODE61 MIDIキーボード コントローラー エムオーディオ 音楽 中古 C10189886
5531,③ YAMAHA QY70 ヤマハ シーケンサー
5532,【未使用級 超希少】CASIO FZ-10M ラック型サンプラー 通電確認済 音源FD&取説付 希少品 PCM 音源DTM機材 レトロシンセ YMO サンプラー音源
5533,【送料無料！】 サウンドモジュール　ROLAND XV-5080 ローランド
5534,ZOOM　U-22 オーディオインターフェース
5535,KORG 03R/W（送料込み）
5536,novation LAUNCHKEY MINI
5537,Roland QD 音源 EL-102 EL-103 PL-103 各2枚 計6枚 自動演奏用 Ave Maria Air On The G String Take The A Train 等 練習曲 ローランド
5538,【 G 】416 Roland DUO-CAPTURE EX オーディオインターフェース ローランド 057248
5539,ARTURIA BEATSTEP アートリア MIDIパット 箱付き
5540,PreSonus/プレソナス オーディオインターフェース□Studio 24c 中古□送料無料
5541,BG0602210　■ 1円~ Roland ローランド SP-404 mkⅡ サンプラー アダプター付き 楽器 器材 外箱付き 中古
5542,korg コルグ AG-10 音源モジュール
5543,◆【YAMAHA】 音源モジュール トーンジェネレーター VL70-m
5544,YAMAHA AG06 ウェブキャスティングミキサー　箱無し　動作OK
5545,1円 動作品 Roland ローランド MC-50 MKII マイクロコンポーザー MICRO COMPOSER
5546,C0711-3A/ VESTAX Tank VAI-80 オーディオインターフェース
5547,HAGIWO MOD2 ハード組立済 DIYドラム音源モジュール　Eurorack モジュラーシンセ　②
5548,通電確認済み★4ms Pedals NOISE SWASH エフェクター 音響 オーディオ 機器
5549,MOTU M4 オーディオインターフェース オーディオインターフェイス
5550,☆ KORG コルグ MINI POPS7 リズムマシーン 中古 現状品 250707S8266
5551,BEHRINGER BCD3000
5552,【 J 】121 UNIVERSAL AUDIO VOLT276 オーディオインターフェース ユニバーサルオーディオ 3055002
5553,ZOOM　MRT-3 Micro RhythmTrak
5554,□ジャンク ※通電のみ確認 YAMAHA MIDIキーボード [CBX-K1]
5555,ローランド SONAR V-STUDIO 100 オーディオ インターフェイス
5556,E-MU Proteus 2000 デジタル　ポリフォニック　シンセサイザー　モジュール　簡易動作確認　現状品
5557,●ジャンク YAMAHA ヤマハ MIDIコントローラー WX7 ウィンド シンセサイザー[ne]503
5558,Roland SC-8850 Sound Canvas ローランド サウンドキャンバス MIDI 音源モジュール 元箱付き 綺麗です
5559,♪【YAMAHA/INTERPRIZE】オーディオインターフェイス/8トラックカセットプレイヤー 2点セット GO44/CR-346D まとめ売り 0715 23
5560,BOSS DR-880 Dr. Rhythm ドクターリズム リズムマシン
5561,AVID PRO TOOLS HDX CORE CARD & Sonnet Echo Express III-D (Thunderbolt 3 Edition) 他 PCIe Card
5562,AKAI S900
5563,E-MU EIV Emulator Four 6300 サンプラー　DTM/DAW★動作未確認品【TB】
5564,リスニング環境に左右されないミックスを実現 正規品 izotope 「Tonal Balance Control 2」DTM
5565,1円 動作品 digidesign 192 オーディオインターフェース
5566,HH018-250717-093【中古】UR22C オーディオインターフェース Steinberg スタインバーグ 通電確認済み 音響機器 箱付き
5567,【OMO4977NY】【電源動作未確認】niconico × TASCOM MINISTUDIO PERSONAL US-32 ニコニコ テスコム オーディオインターフェース
5568,л5350　YAMAHA RY10 リズムプログラマー 通電確認のみ・ジャンク
5569,AKAI アカイ S3200XL サンプラー★簡易検査品【TB】
5570,58096【自宅保管品】BOSS Dr.Rhythm Section DR-5 ドクター・リズム・セクション ボス・リズムマシン
5571,G4017【通電のみ確認】 YAMAHA リズムプログラマー RY10
5572,YAMAHA TG77 音出し確認済み 説明書付
5573,YAMAHA　ヤマハ　SEQUENCE REMIXER　シーケンサー　　RM1x
5574,美品！BOSS DR-5 Dr. Rhythm セクション 修理済・動作良好 ACアダプター・取扱説明書付属
5575,CREATIVE Sound BLASTER Digital Musicアナログ音源のPC取り込みUSBアダプタ中古
5576,新品未開封品 Roland SP-404MKII mk2 サンプラー
5577,ZOOM TAC-2
5578,KORG volca sample サンプラー
5579,steinberg UR22 オーディオインターフェイス 中古
5580,digidesign MIX Core x1 / MIX Farm CARD x2 Pro Tools|24 MIXplus の中核システム用
5581,C3064★ACE TONE RHYTHM ACE FR-3 リズムエース　リズムマシン　通電のみ確認　現状品
5582,KORG microKEY2-49 コルグ USB MIDIキーボード 中古 良好 B10186824
5583,サンプリングCD　Global S.F.X
5584,サンプリングCD XTORTION
5585,YAMAHA CBX-K1XG スケルトンブルー(限定カラー)
5586,Roland ローランド MC-505 リズムマシン 現状品
5587,Avid DigiLink(F) to Mini DigiLink(M) x2(未使用) + DigiLink(M) to Mini DigiLink(F) x2 変換ケーブルセット
5588,Roland TRI-CAPTURE UA-33 オーディオインターフェース 通電確認済み　Z039
5589,YAMAHA ヤマハ RY30 リズムマシン リズム プログラマー RHYTHM PROGRAMMER
5590,入手困難　特注　Blackhole Cases 10U104hp モジュラ　ユーロラック
5591,AKAI　オーディオインターフェース　EIE Pro
5592,AKAI サンプラー MPC LIVE 02669
5593,BOSS リズムマシン DR-550 ドクターリズム ドラムマシン ボス
5594,未使用 未開封 保管品 YAMAHA UW10 USB-AUDIO INTERFASE オーディオインターフェース ヤマハ
5595,【G】KAWAI XD-5 デジタルシンセサイザー カワイ 3117599
5596,ヤマハ YAMAHA 【ジャンク】音源モジュール PTX8
5597,iZotope Nectar 4 Advanced Windows
5598,【G】YAMAHA AG03 MK2 オーディオインターフェース ヤマハ 3059475
5599,novation ReMOTE 25SL COMPACT MIDI Control ノベーション MIDIコントローラー キーボードコントローラー 音楽機材 DTM
5600,Roland ローランド A-800 PRO MIDIキーボード
5601,【 G 】1695 NATIVE INSTRUMENTS MASCHINE MK3 フィンガードラム MIDIコントローラー ネイティブインストゥルメンツ 3085403
5602,【 G 】784 KORG TRITON-Rack 音源モジュール コルグ 197136
5603,【B-3】 Roland MT-32 音源モジュール 通電確認済み ディスプレイ表示にあり ローランド 3700-47
5604,サンプリングCD Creative Essentials Vintage keyboards
5605,●Roland エディロール USBオーディオ キャプチャー UA-4FX
5606,Softube Tube-Tech Complete Collection Windows
5607,【中古】 リズムマシン BOSS DR-880 Dr.Rhythm ドクターリズム
5608,E-MU Proteus2000 動作未確認
5609,Roland/ローランド U-110/音源モジュール/基本動作確認済み
5610,【 G 】 Y10073 NOVATION LAUNCH KEY 25 MIDIコントローラー ノベーション 3091804
5611,Evolution X-Session　MIDIコントローラー
5612,(080549E)【B級中古品】 Roland Drumatix TR-606 Computer Controlled 本体のみ ローランド
5613,中古品★NATIVE INSTRUMENTS ネイティブインストゥルメンツ MASCHINE MIKRO MK3★1円スタート
5614,AKAI S1000 アカイ サンプラー 通電のみ確認 ジャンク
5615,【C-2】 Motu Traveler オーディオインターフェース 現状品 通電&動作未確認 モツ 3788-12
5616,Big Knob Studio モニターコントローラー オーディオインターフェース A00 Junk
5617,♪Avid HD I/O 16x16 デジタル ProTools アビッド デジタルオーディオインタフェース 中古♪
5618,ELEKTRON Machinedrum SPS-1 mk2 mkII 動作品 日本語マニュアル
5619,【 G 】9688 Focusrite 　Scarlett Solo　オーディオインターフェース　フォーカスライト　211029
5620,AKAI professional SG01V 難あり品（送料込み）
5621,【中古美品】 Steinberg UR44C USBオーディオインターフェース スタインバーグ 完動品
5622,希少品 Roland ローランド SN-U110-14 Super Acouustic Guitar スーパーアコースティックギター PCM DATA ROM サウンドライブラリー
5623,Mantis - Tiptop Audio モジュラーシンセケース ユーロラック
5624,Roland EDIROL UA-25 オーディオインターフェース USB Audio Capture 24bit 96KHz マニュアル・CD付属 動作OK
5625,【CD-ROM 2枚組】27点(帯付き16点+無し10点+取説なし1点) pro samples プロサンプルズ
5626,詳細未チェック・現状お渡し■ Roland ローランド　SP-404SX サンプラー
5627,Avid｜Mbox｜ProTools Mbox｜オーディオインターフェイス｜プロツールズ｜アビッド｜240037
5628,NEWTRONIC / FUNK FACTORY / CONSTRUCTION KITS VOL.4 / 1997 @O-24-A
5629,MOTU MIDI TIME PIECEⅡ オーディオ インターフェース
5630,ネコポス無料！旧規格 角2P → 3P IEC320 (C14/C16) 変換 電源プラグ アダプター ビンテージシンセ機材 @アカイ AKAI/KORG/ROLAND/BOSS
5631,"中古CD■SAMPLING■ILIO / SKIPPY'S BIG BAD BEATS / HIPHOP, DANCE■サンプリング, ドラムループ, ブレイクビーツ, Drum Loops"
5632,★AKAI S1000PB (OUTPUT/EFFECT) SETT ◇L6009A5030★OK!!★Made in Japan★
5633,yh240122-003B3 MOTU micro express midi timepiece セット 中古品 通電確認済み 動作未確認 モツ 音響機器 機材
5634,Fantom-XR用512MB メモリ　中古品
5635,【セール対象商品】[極美品] Roland Rubix24 24bit/192kHzの高音質録音が可能！ [PK543]
5636,NOVATION キーボード　Launch key mini mk2 ジャンク品　送料無料
5637,★Roland VP-9000/SP-808/SP-808EX/SP-808 PRO KNOB★
5638,AKAI S1000 S1100 部品　パーツ　ロータリーエンコーダー　動作確認済み　DATA / CURSOR ROTARY ENCODER
5639,【送料600円未使用品】YAMAHA　AG06ケース
5640,【セール対象商品】[極美品] AKAI APC Key 25 Ableton Live用のMIDIキーボード！ [TK036]
5641,サンプリングCD「LEGENDS vol.1 SPECTRASONICS BLC-01」マーカス・ミラー/ジョン・パティトゥッチ/エイブラハム・ラボリエル
5642,【中古】Opcode Studio3 MIDIインターフェース
5643,送料本文 MOTU 認識確認 8IN8OUT 1U ラック マウント USB MIDI インターフェース インターフェイス INTERFACE 即決有り 管理番号2009
5644,【完動品】AKAI S1100 SAMPLER アカイサンプラー　パーツ　部品　ジャック ボイス　アウトプット　JACK VOICE OUTPUT
5645,★Roland SP-808/SP-808 PRO MAIN Board★OK!!★MADE in JAPAN★
5646,YAMAHA TG55用カード SAX1 2枚セット 動作チェック済み
5647,INDIAN RED / Deepest ASIA KACA0175 CD
5648,UNIVERSAL AUDIO apollotwin MK II QUAD Thunderbolt オーディオインターフェース ※アダプター無し
5649,送料本文 ROLAND U110 ローランド ヴィンテージ サウンド モジュール 音源 JUNK扱い 1U ラック マウント SOUND MODULE 管理番号1412
5650,★AKAI EXM3008 8MB MEMORY 4words (L5110B5010)★OK!!★MADE in JAPAN★
5651,XAOC Devices Tallin ほぼ未使用　2チャンネルVCA
5652,★E-MU 1U RACK MOUNTED Proteus 1000/2000/Audity/Custom/Planet Earth/Xtreme Lead/B-3/Orbit-3/MO'PHATT/Vintege PRO other★
5653,★AKAI Professional MPK mini Special Edition Grey 25鍵 USB MIDIキーボード コントローラー MPK mini MK3★新品送料込
5654,即決◆新品◆送料無料AKAI Professional EWIマウスピース / EWI Solo EWI5000 EWI4000s EWI USB用 /メール便
5655,■希少・レア■ APOGEE アポジー AD-16 AD16 名機 ADコンバーター オーディオインターフェイス
5656,M-AUDIO Keystation Mini 32 MIDIキーボード
5657,YAMAHA ヤマハ MIDIキーボード CBX-K1B 37鍵 本体のみ 通電確認のみ 現状品 管理番号01167
5658,♪名機♪ALESIS D4 ドラム音源モジュール
5659,steinberg cl2 ADVANCED INTEGRATION USB STUDIO CL2 スタインバーグ・本体・取説・ディスク３枚・ケーブル！
5660,☆ Roland ローランド SN-U110-08 SOUND LIBRARY サウンド・ライブラリー 中古 現状品 250107S2439D
5661,Fates （a DIY norns DAC board for Raspberry Pi）（monome ユーロラック Eurorack Doepfer）
5662,Roland/ローランド SR-JV80-02 ORCHESTRAL 音源ボード エクスパンションボード 250129
5663,FCB1010 BEHRINGER MIDIフットコントローラー中古
5664,KORG NANO KONTROL 中古品
5665,音源モジュール　 ローランド　U-220
5666,RE2297 YAMAHA ヤマハ　リズムプログラマー　RX15 専門知識がない為　通電のみ確認　現状品　0212
5667,Roland QUAD-CAPTURE UA-55 オーディオインターフェース 音響機材 USB ローランド ジャンク扱い品 札幌市 屯田店
5668,Roland ローランド SC-55MK2 サウンドキャンバス SC-55MK II 現状品
5669,希少　 KORG　 コルグ　 KR-55 Pro Rhythm Machine リズムマシーン ドラムマシーン　レコーダー　通電確認済み　ジャンク
5670,未開封 YAMAHA USB-MIDIインターフェース UX16
5671,Roland TR-55 Rhythm 55 / ローランド リズムボックス
5672,roland r-5 アダプター付き
5673,1円〜 Roland サウンドモジュール CM-32P 音源モジュール SOUND MODULE ローランド AC/ケーブル/U-110付 通電のみ確認【20
5674,Roland SRX-02 Wave Expansion Boards Concert Piano コンサートピアノ
5675,TASCAM US-122MKII オーディオインターフェース☆中古品…通電のみ確認
5676,【 G 】2143 E-MU PROTEUS/1 Plus ORCHESTRAL 9025 音源モジュール イーミュー
5677,166439◎【通電確認未】EDIROL 24bit 96kHz UA-25 USBオーディオキャプチャー
5678,新品　ヴィンテージ機器 ELシート バックライト 電源ケーブル付き　簡単取り付け (sam2)
5679,KORG コルグ リズムマシン Volca Beats
5680,Roland SN-U110-06 Orchestral Winds PCM DATA ROM ローランド サウンドライブラリー その2
5681,AVerMedia LIVE STREAMER NEXUS AX310 コントロールセンター 配信者ストリーマー向け オーディオミキサー ショートカットキー C242
5682,Native Instruments KOMPLETE13
5683,KAWAI カワイ XD-5 デジタル パーカッション シンセサイザー●R702066
5684,M-AUDIO KEYSTATION MINI32 MK3 エムオーディオ キーステーション ミニ32 キーボード 楽器 ジャンク K9729946
5685,【希少】ALESIS DM5 ドラム音源モジュール 純正アダプター アレシス サウンドモジュール
5686,【レア機材】alter.audio Timetosser
5687,【オススメ品】MOTU オーディオインターフェース 1296 モツ
5688,CONTROL ユーロラックモジュラー 3.5mm-フォン ケーブル BK 4本組 (シンセ モジュール DOEPFER MOOG INTELLIJEL MAKENOISE 4MS WDM TIPTOP)
5689,中古品 iRig HD アイケーマルチメディア IK Multimedia
5690,Roland 音源モジュール ローランド SC-55MK2【動作未確認ジャンク品】
5691,ユーロラックモジュラー用 ブランクパネル 4枚組 (シンセ モジュール DOEPFER MOOG INTELLIJEL MAKENOISE 4MS WDM TIPTOP 2HP HARVESTMAN)
5692,y022508s TASCAM MiNiSTUDIO CREATOR US-42
5693,O341-H15-4626 YAMAHA TX81Z 音源モジュール ラックシンセ 音源 楽器 通電確認済
5694,【希少】MU E5000 ULTRA サンプラー
5695,【USED】ALESIS D4 取扱説明書
5696,正規品 Addictive drums 2 Studio Rock
5697,正規品】AIボーカルミキシングツール izotope NECTAR 4 ELEMENTS DTM
5698,AKAI / APC40 Ableton Live専用コントローラー
5699,新品同様 サンプル多数付属 Roland SP-404MKII サンプラー MK2
5700,【A-2】 Korg volca sample サンプラー コルグ 元箱付き 3102-1
5701,E-mu Vintage Keys　動作品
5702,YAMAHA ヤマハ 音源モジュール DTM XG GM 対応 MU90 純正ACアダプター 付属
5703,【動作確認済/美品】Roland GO:MIXER スマートフォン用オーディオミキサー 配信/ストリーミング/宅録/60サイズ
5704,◆Roland ローランド SB-55 MIDI プレーヤー 再生機 シーケンサー サウンドブラッシュ Sound Brush◆
5705,02S191■BOSS　リズムマシン　DR-5■
5706,novation　LAUNCH PAD MINI (ジャンク）
5707,■RME■128chモバイルデジタルオーディオインターフェイス■USB MADIインターフェイス■MADIface　USB ⑧
5708,Softube Console 1 Mk2 プラグイン譲渡付き 動作品
5709,YAMAHA トーンジェネレーターMU5
5710,Sample Drum - Erica Synths モジュラーシンセ ユーロラック
5711,Mannequins ユーロラックモジュール THREE SISTERS フィルター (モジュラーシンセ DOEPFER MALEKKO MAKENOISE INTELLIJEL 4MS ALM MUTABLE)
5712,02D52■KORG　リズムマシン KPR-77■
5713,【J】Oberheim XK-1 MIDI キーボード オーバーヘイム
5714,Novation- Circuit Rhythm　サンプラー シーケンサー ビートメイキング
5715,Roland Cloud Ultimate Membership 最上位プラン 3ヶ月無料クーポン 約7500円
5716,★☆★未チェック品★BOSS　DR-670　Dr.Rhythm☆★
5717,Doepfer Wasp Filte A-124 VCF モジュラーシンセ
5718,HAGIWO MOD1 ハード組立済 DIYモジュール　Eurorack モジュラーシンセ　③
5719,管理番号=a3118621【中古】AKAI Professional アカイ プロフェッショナル Ableton MIDIコントローラー APC64 JUNK ジャンク 現状渡し
5720,【C】BOSS DR-880 リズムマシン ボス 3002363
5721,正規品 Native Instruments Ignition Keys Pops EDM HipHop向けキーボード音源
5722,AKAI サンプラー MPC2000XL AKAI Professional アカイ
5723,【未使用に近い】Elektron / Model: Cycles エレクトロン モデル:サイクルズ
5724,Roland Rubix24 オーディオインターフェース
5725,IK Multimedia iRig Stream Solo 3IN/2OUT ストリーミング オーディオ インタフェース IKM-OT-000090N
5726,【E-1】 KORG 01R/W Music Workstation 音源モジュール コルグ 液晶故障により表示不可 音出し未確認 詳しい動作不明 ジャンク 3118-211
5727,YAMAHA ヤマハ MCD64 MEMORY CARD RAM 64K BYTES 【動作未確認】 メモリーカード b
5728,KORG コルグ BLUETOOTH MIDI キーボード microKEY Air 25鍵 ワイヤレス USB スティック欠損 コントローラー 現状 ジャンク 中古
5729,BOSS SP-505 サンプラー　分解されています。ジャンク品
5730,【Time+Space Creative Essentials】 vol.7 DREAM ZONE 【サンプリングCD】
5731,Roland QUAD-CAPTURE UA-55★動作未確認
5732,■Roland ローランド MIDI KEYBOARD A-500S MIDIキーボード テスト環境がないため動作不明 ジャンク品 3kg
5733,♪♪25P022 EDIROL UA-25 24bit 96kHz USB Audio Capture インターフェース 楽曲 配信 音響♪♪
5734,311 MOTU 896 mk3 hybrid オーディオインターフェース
5735,E608　M-AUDIO FireWire1814 オーディオインターフェイス　20250312
5736,[M-TN 1452] 音源モジュール Roland ED SOUND CANVAS SC-8820
5737,095 tc electoronic ティーシーエレクトロニック Konnekt 24D オーディオインターフェース 本体のみ ※現状品
5738,【 C 】2934 Steinberg UR12 オーディオインターフェース スタインバーグ
5739,M-AUDIO M-TRACK SOLO USB オーディオインターフェース 中古品 現状品
5740,【美品】ローランド Roland オーディオインターフェイス　USB RUBIX-22
5741,Roland ローランド 音源モジュール M-GS64 SOUND EXPANSION ジャンク T9813683
5742,iZotope Nectar 4 Advanced Windows
5743,◆Roland◆GS規格のmidi音源　CM-300◆
5744,[7A-73-005-1] ジャンク MAONO AU-AM200 ポータブルオーディオミキサーセット
5745,【 G 】2972 Steinberg UR12 オーディオインターフェース スタインバーグ 元箱付き
5746,【 G 】2446 digidesign M BOX2 オーディオインターフェイス デジデザイン
5747,steinberg オーディオインターフェース UR12【通電ジャンク】
5748,steinberg UR-RT2 オーディオインターフェイス 音響機材 スタインバーグ 中古 N9759185
5749,【BOSS DR-770】ボス リズムマシン Dr.Rhythm シーケンサー ⅰ
5750,ジャンク品 ディスク１枚内周部分ヒビ サンプリング CD 「 EXTREME FX 」サンプリング素材 SFX 効果音
5751,「U22_8A」Roland UA-55 QUAD-CAPTURE USBオーディオインターフェース　現状本体のみ（250305）
5752,NOVATION★Launchpad Pro★動作確認済み★キレイ
5753,Humble Audio Quad Operator ユーロラック
5754,★Roland VS8F-2 Effect Expansion Board★OK!!★MADE in JAPAN★
5755,KOMPLETE KONTROL M32
5756,TASCAM タスカム IF-88AE デジタルオーディオインタフェースユニット★動作未確認品【TB】
5757,Antelope Audio ORION32 オーディオインターフェイス AD/DAコンバーター
5758,ZOOM MRT-3B MICRO Rhythm trak リズムマシン　通電確認済み
5759,【動作確認済】RME オーディオインターフェース Multiface AE
5760,steinberg スタインバーグ UR22mk2 オーディオインターフェース
5761,Steinberg スタインバーグ UR12 USB2.0 24bit/192kHz オーディオインターフェース 音響機材 中古 T9833056
5762,Roland Rubix22 オーディオインターフェース　使用僅か
5763,EDIROL FA-66 ジャンク品
5764,★Akai S01/S2800/S3000XL/S3200XL/CD3000/CD3000XL/MPC3000/EWI3030m other KNOB★
5765,Roland UA-30 ローランド USB オーディオインターフェイス -j400
5766,Alesis Nano Piano ジャンク品■ピアノ音源モジュール
5767,動作確認済 YAMAHA 電子ドラム DD-11 DD-6 スティック付 CASIO PT-82 カートリッジ2枚 3台セット
5768,◆ サンプラー Roland SP-404SX ■ YFAD00005194
5769,3/23 ②■YAMAHA G10■ヤマハ MIDI ギターコントローラー 【中古/現状品/動作未確認ジャンク】
5770,OYAIDE/オヤイデ d+USB Type-C to B classB 1m USB2.0 480Mbps HI-SPEEDモード認定ケーブル
5771,Centrevillage CLKM（クロックモジュール）Eurorack Module
5772,【 G 】5802 Pearl malletSTATION EM1 マレットステーション パール
5773,【中古・訳あり品】KORG DDM-10 コルグ　ドラムマシン【通電のみ確認済み】：
5774,Woovebox 小型 シーケンサー サンプラー ポケットオペレーター
5775,Roland ローランド Rubix 22 オーディオインターフェース 音響機器 中古 M9814634
5776,M3273 YAMAHA VKB-100 ボーカロイドキーボード　動作未確認
5777,0941315L★ 【ジャンク扱い】Universal Audio Arrow UAD-2　ユニバーサルオーディオ　※動作未確認
5778,音楽 機材 Roland ローランド A-220 MIDI SEPARATORミディ セパレーター ラックタイプ 新品未使用 箱 説明書 完品。通電確認済み。
5779,★Roland MRP-500／SYS-503／S-330／SYS-333／SOUND LIBRARY／CDR-88RW-2／VS-880／VS-2480★ローランド/ジャンク品/消費税0円
5780,YAMAHA 音源モジュール MU100
5781,Roland SP-404 MKII サンプラー 音響機器 ローランド 中古 美品 T9860180
5782,[中古] PreSonus Audiobox USB96 24bit/96kHz対応/MIDI入出力端子も装備 [NLG38]【神戸店在庫】
5783,Roland ローランド ドラムマシン Boutique TR-09 TR-909
5784,YAMAHA ヤマハ　TG77（音源カード付き）【動作品】
5785,【美中古品】ヤマハYAMAHA☆AG03 3chミキシングコンソール
5786,BOSS ボス Dr. Sample ドクターサンプル SP-202 通電のみ確認
5787,[DTM] Steinberg CUBASE6 education version
5788,Roland ローランド MC-303 グルーヴボックス groovebox 現状渡し
5789,♪▲【KORG】ELECTRIBE エレクトライブ シーケンサー リズムマシン EM-1 0331 4
5790,AKAI MPK mini MIDIキーボード アカイ 250325SK280269
5791,【中古】 MIDIコントローラー icon PLATFORM NANO アイコン
5792,希少 YAMAHA ヤマハ RX11 デジタルリズムプログラマー リズムマシン シーケンサー 現状 ジャンク扱い 激安スタ
5793,◆ Roland ローランド VIRTUAL SOUND Canvas 3.0 VSC-88H3 ソフトウェアシンセサイザー 中古 現状品 250409Y7413
5794,【中古】 オーディオインターフェイス ROLAND Rubix24 USB AUDIO INTERFACE ローランド ルビックス
5795,【中古】Apogee DUET2 アポジー デュエット2 オーディオインターフェース
5796,Roland SP-404 MK2 MKii/正常動作品/ケース付/翌日迄の決済 受け取り迅速 厳守
5797,a*★中古品　YAMAHA ヤマハ RX11 デジタルリズムプログラマー リズムマシン シーケンサー★
5798,【ジャンク扱い】MUTU 896HD オーディオインターフェイス
5799,E-MU PROTEUS 1000
5800,TASCAM タスカム US-366 USB 2.0 Audio Interface オーディオインターフェース 音響機器 現状売り切り
5801,ALM Busy Circuits Pamela's NEW Workout モジュラーシンセ ユーロラック 定番クロック＆モジュレーションユニット 人気モデル
5802,⑥ BOSS ボス Dr Groove DR-202 リズムマシン 現状品 動作未確認
5803,【 C 】6110 steinberg UR22C オーディオインターフェース スタインバーグ
5804,YAMAHA ミュージックシーケンサー QY700 中古現状品
5805,CubaseLE14最新版
5806,Boss ボス Dr. PAD DRP-II 電子ドラム パッド パーカッション 中古品 現状品
5807,ELEKTRON OctaTrack MK1
5808,□現状品□ YAMAHA TX802 音源モジュール ヤマハ ※通電確認のみ (2746776)
5809,KORG Synphony orchestra module コルグ　シンフォニー　オーケストラモジュール
5810,040239.SP-606. Roland.ローランド.サンプラー.サンプリングワークステーション.電源コード無し未確認.ジャンク
5811,AKAI MPC2000 サンプラー　ジャンク
5812,【ジャンク】　カシオ　MIDI インターフェイス　miniDIN 8pinケーブル付き
5813,【IK MULTIMEDIA】 iRig HD X
5814,elektron Analog Rytm MKII（箱無し、日本語マニュアルあり、電源・USBケーブル付き）
5815,AKAI MPC1000 基板 オーディオ AD/DA 未使用ジャンク 821852X MAIN
5816,【中古・未メンテナンス品】NATIVE INSTRUMENTS KOMPLETE KONTROL M32 ネイティブインストゥルメンツ【通電確認済み】：
5817,YAMAHA TX81Z 音源モジュール サウンドモジュール 音響機材 PA機器 ヤマハ ジャンク B9877828
5818,STEINBERG UR24C オーディオインターフェース 中古 箱付き　スタインバーグ　オーディオインターフェイス 動作未確認
5819,手渡歓迎/八王子 YAMAHA ヤマハ KX1 MIDIコントローラー MIDIキーボード ホワイト
5820,25博/B102268-5/SY3000/M051-11/【名古屋】digidesign 192 DIGITAL I/O オーディオインターフェース
5821,"Stratos SD PowerMonster用 BakMonolith 2.5"" SCSI - 25pin D-SUB変換アダプター Mac, MPC2000などに"
5822,【A-4】 Roland Rhythm Arranger リズムマシン 現状品 ローランド 2654-56
5823,【 C 】 Y7069 KORG microKEY-25 ＭIDIキーボード コルグ　 【元箱付き】
5824,●AKAI　アカイ ウインドシンセサイザー EWI USB　MPC　ジャンク●
5825,digidesign デジデザイン 003 Rack+ オーディオインターフェース★動作未確認品
5826,iRig HD2 ギター　ベース用インターフェイス
5827,Focusrite Scarlett 8i6 3rd Gen オーディオインターフェイス（USB-C、MIDI端子搭載）（美品・元箱付）
5828,AIR MULTI-CHORUS: 厚く複雑なコーラスを
5829,HAGIWO MOD1 ハード組立済 DIYモジュール　Eurorack モジュラーシンセ　①
5830,美品 送料込 AKAI MPK mini MK3
5831,Roland SC-155 SOUND CANVAS 音源モジュール 本体のみ　ジャンク扱い
5832,Focusrite Scarlett 18i6 オーディオインターフェース
5833,ジャンク YAMAHA EAD10 ドラム音源モジュール
5834,04S24■Roland　GKユニットセレクター　US-20　動作品■
5835,良品 KORG VOLCA DRUM コルグ ボルカ・ドラム デジタル パーカッション シンセサイザー リズムマシン スピーカー内蔵 ★ 71793-8
5836,リズムゲームマシン　CYBER-BEAT　新品未使用　送料込
5837,名機 レア CASIO カシオ VZ-8M 音源モジュール digital synthesizer デジタルシンセサイザー MIDI DTM 音出しOK 1U 電源ケーブル付 即有り
5838,NEC用　PC-9821用　BUFFALO FM音源ボ－ド　SXM-F　FMDK-BA
5839,♪▲【Roland ローランド】音源モジュール SC-88Pro 0415 4
5840,ジャンク「APOGEE duet / duet by APOGEE」firewire オーディオインターフェイス
5841,◆Roland(ローランド) SPシリーズ サンプラー SP-555 サンプリング/ループ・キャプチャー/DJ/トラック・メーカー/エフェクト/シーケンサー
5842,M-Audio Fast Track Ultra 8R です
5843,【 G 】 Y7229 Roland AE-7000 AES/EBU インターフェイス ローランド 【元箱付き】
5844,Steinberg Materials Metal & Ice: 金属と氷の音色
5845,▼送料210円▼(R704-F1) 現状品 KAWAI カワイ CARD ROM GB-2 METAL メモリーカード
5846,Celemony Melodyne Studio 5 Windows
5847,AKAI MPC2000XL サンプラー ジャンク品
5848,【G】Roland SC-88VL 音源モジュール ローランド 228317
5849,Roland Rubix24 USB オーディオインターフェース 中古 T9868034
5850,■steinberg UR22mkⅡ　オーディオインターフェイス
5851,美品 steinberg オーディオインターフェース UR22C
5852,峰電 FilterPLUS Pro PURE ほぼ未使用
5853,TC HELICON GO SOLO 中古美品
5854,ZOOM UAC-2 USB3.0
5855,25/305☆TASCAM　タスカム　US-1ｘ2　TEAC　CORPORATION　オーディオインターフェース　音響機器☆あ1
5856,Softube Bad Speaker: Lo-Fi ディストーションの魅力
5857,YAMAHA ヤマハ RY30 リズムマシン と MS101 スピーカー /シーケンサー リズムプログラマー RHYTHM PROGRAMMER 通電確認済み 中古品
5858,【MIDI interface MIDI - D-sub 25pin 変換コネクタ】
5859,即決　ヤマハ RY30 リズムマシン　ジャンク品　送料無料、匿名配送
5860,【Sampling CD】 Zero-G - Kocktail Kollection / 送料無料
5861,Fabfilter Total Bundle Windows
5862,015 MOTU UltraLite mk3 Hybrid オーディオインターフェイス
5863,さy3628◆ヤマハ YAMAHA QY100 ミュージックシーケンサー リズムマシン 美品
5864,[c25040285]ZOOM SampleTrak サンプラーST-224 本体 ACアダプター欠品
5865,Roland QUAD-CAPTURE UA-55 オーディオインターフェイス 本体のみ 現状品
5866,Roland ローランド A-49-BK MIDIキーボード USBケーブル付き★動作品【TB】
5867,正規品Waves IDX Intelligent Dynamics DTM
5868,★Native Instruments MASCHINE Mk3 音楽機器 ネイティブインストゥルメンツ マシーネ アダプターなし USED 16912★！！
5869,EDIROL USBオーディオキャプチャー　UA-3FX
5870,【C】Roland INTEGRA-7 音源モジュール ローランド 3054153【送料無料!!】
5871,Antelope Audio Orion Studio Rev.2017 美品完動品 保証1週間付き オーディオインターフェース
5872,RME Digiface Dante 新品未開封 国内正規代理店品
5873,【動作確認済】AKAI デジタルサンプラー Z4 メモリフル増設/CFドライブ増設
5874,ALESIS アレシス Q49 USB MIDI Keyboard controller キーボード コントローラー 動作未確認 鍵盤楽器
5875,新品購入・初期不良チェックのみ？！Depusheng RX2 USB audio interface USB オーディオインターフェイス
5876,【 G 】949 Roland TD-27 ドラム音源モジュール ローランド
5877,未使用に近い Creative SBX SB-DM-PHDR2 オーディオインターフェース　サウンドブラスタープレミアム/USB Digital Music Premium HD r2
5878,Y12/379 YAMAHA ヤマハ RX5 digital rhythm programmer リズムマシン 通電確認済み 現状品
5879,【 J 】1016 iRig PRO I/O オーディオインターフェイス
5880,【 G 】★916 ROLAND TR-909 ドラムマシン ローランド
5881,Fabfilter Total Bundle Windows
5882,BEHRINGER ULTRAMATCH PRO SRC2496 サンプルレートコンバーター ジャンク T9946315
5883,TASCAM USB2.0 オーディオインターフェース US-122MKⅡ本体のみジャンク
5884,E-MU EMULATOR FOUR 通電チェック済み　ジャンク品扱い
5885,コルグ ミニポップス リズムマシン ヴィンテージ 希少 KORG Mini POPS 45 AUTOMATIC RHYTHM INSTRUMENT 京王技研 動作確認済!! A4808
5886,【D-1】 Roland SC-88VL 音源モジュール 動作確認済み ローランド 2005-104
5887,AKAI APC40 Ableton live MIDIコントローラー 中古 T9977218
5888,◆◇YAMAHA RX-7 リズムマシン ディスプレイ表示可 アルミケース付き リズムマシン◇◆
5889,YAMAHA/ヤマハ RX5/WRC02 リズムマシン (407　デジタルリズムプログラマー/ロムカートリッジ付
5890,【 J 】4967 YAMAHA KX5 ショルダーMIDIキーボード ヤマハ
5891,【美品】KORG MIDキーボード　microKEY25 25鍵 DTM
5892,【送料無料】RME ADI-2 pro FS R Black Edition USB DAC
5893,ローランド サウンドキャンパス #Roland SOUND CanvasSC-88ST Pro #中古
5894,ROLAND R8M 音源 モジュール ローランド 音響機材 ジャンク Y9902607
5895,095 PreSonus プレソナス STUDIO 24c オーディオインターフェース USBタイプ 本体のみ ※中古
5896,Roland PC-180 MIDIキーボード　49鍵　ビンテージ完動品
5897,YAMAHA MIDIキーボード CBX-K2 MIDI コントローラー
5898,Avid Pro Tools用変換ケーブル Adapter DigiLink (F) to Mini‐DigiLink (M) #2
5899,Pro Tools用 Digi Linkケーブル〔Large - Large) 12ft(3.6m)
5900,美品！メンテ済み！ AKAI MPC 2000XL CF搭載　スイッチ類 スライダー全交換 PADセンサー 新品！
5901,★動作OK★ Edirol FA-66 オーディオインターフェース　192kHz対応
5902,■◆ Vestax VCM-600 USB MIDIコントローラー ベスタクス　マルチトラックリミックスコントローラー 通電のみ確認
5903,【貴重な動作品です】Roland MS-1 デジタルサンプラー (サンプリングマシン)
5904,S) Mark of the Unicorn MIDIインターフェイス MIDI TIME PIECE Ⅱ 音響機器 機材 ※現状渡し/通電OK！ @80 (4)
5905,iZotope Nectar 4 Advanced Windows
5906,Focusrite Scarlett 4i4 (Gen.3) USBオーディオインターフェイス 第3世代 フォーカスライト 3rd 4in 4out 未使用
5907,KAWAI カワイ GMega Gメガ シンセサイザーモジュール SYNTHESIZER MODULE GM音源モジュール テスコ株式会社
5908,す2889 オーディオインターフェース Steinberg スタインバーグ CI2
5909,109 Steinberg スタインバーグ オーディオインターフェイス UR22 2x2 USB 2.0 オーディオインターフェース 音響機器 通電確認済 現状品
5910,【G】Roland SP-404S サンプラー ローランド 222255
5911,新品同様品 Roland SP-404MKII mk2 サンプラー
5912,【G】 Roland TR-505 リズムマシン ローランド 3058508
5913,☆87☆USED☆動作品☆Gakken NSX-39 歌うキーボード ポケット・ミク シンセサイザー
5914,【 G 】7537 KOMPLETE AUDIO6 オーディオインターフェース コンプリート
5915,【 G 】1353 NATIVE INSTRUMENTS MASCHINE MIKRO MK2 MIDIキーボード コントローラー ネイティブ・インストゥルメンツ 本体のみ
5916,Steinberg スタインバーグ　オーディオインターフェース　UR22mkII 本体のみ　 音響機材　動作未確認
5917,【動作確認済】オーディオインタフェース FOCUSRITE CLARETT+ 2PRE USB
5918,dB TECHNOLOGYS(Lavry Engineering) マスタリング用ADコンバーター AD122　現状渡し
5919,★貴重★通電OK★ MOTU (モツ) micro express USB / MIDI インターフェース #SA-767
5920,SHURE シュア オーディオインターフェース MVi 通電未確認【DEAIE014】
5921,★Roland SR-JV80-14 WORLD COLLECTION ASIA EXPANSION BOARD★OK!!★MADE in JAPAN★
5922,【z31338】PreSonus プレソナス AudioBox iOne オーディオインターフェース 通電確認済み 格安スタート
5923,Roland TR-909　VOICING BOARD（音源ボード）　完全ジャンク品
5924,4SA101 YAMAHA ヤマハ MU100 音源モジュール シンセサイザー
5925,ジャンク Roland ローランド TR-707 RHYTHM COMPOSER リズム コンポーザー リズムマシン 通電未確認
5926,TAMA タマ リズムウォッチ RW100 リズムマシーン
5927,正規品Waves IDX Intelligent Dynamics DTM
5928,L4997 KORG microKEY Air/microKEY2-61Air キーボード 楽器
5929,RME Babyface Pro FS オーディオインターフェイス 音響機材 中古 良好 W9995657
5930,◆◇1619 Roland U-8 USB DIGITAL STUDIO オーディオ/MIDIインターフェイス 通電〇 動作未確認 ◇◆
5931,★EDIROL by Roland UA-4FX オーディオインターフェース USB Audio Capture エディロール ローランド USED 17833★！！
5932,お05-096aFJ//【中古品】動作未確認 オーディオインターフェイス M-AUDIO M-TRACK 2×2
5933,リズムマシン　800g位　14.5×11.5×17cm位　しまむら楽器　リズムパターン 30　フットスイッチ　アダプター　使用説明書　完動品
5934,Focusrite Scarlett 2i2 フォーカスライト オーディオインターフェイス
5935,02D42■APOGEE　duet2 オーディオインターフェイス■
5936,NOVATION ( ノベーション ) / LaunchPad Pro MIDIコントローラー
5937,KORG SG-Rack（ジャンク）
5938,Razer Audio Mixer オーディオミキサー ミュートボタン付 ストリーミング配信 オーディオインターフェース 1円 売り切り K1784
5939,Rolandローランド・音源モジュール シンセサイザーXV-3080(管２FW）
5940,Roland ローランド A-49 MIDI キーボードコントローラー 49鍵盤 ※ジャンク品 ☆6231
5941,E-mu Emax 音色フロッピーディスク101枚セット ジャンク 超レア品
5942,【ジャンク】レア Roland S-760 ローランド デジタルサンプラー　フロッピーディスク付き
5943,【Roland SK-88 SC-88Pro内蔵 MIDIキーボード】動作品 元箱あり
5944,■YAMAHA ヤマハ トーンジェネレーター TG55 メモリーカード付 現状渡し
5945,中古品！PreSonus プレソナス・ HP4 HEADPHONE AMPLIFIER ヘッドフォン・ディストリビューション・システム
5946,★美品：ZOOM　Micro RhythmTrack　MRT-3B
5947,Steinberg UR44 USB オーディオ インターフェース 音響機材 スタインバーグ 中古 W9992697
5948,Roland ローランド SMF ミュージックデータ ヒッツ・オブ・セブンティーズ (1971〜1975) MIDIファイル フロッピー MF2-DD RJS-1006J
5949,ヤマハ YAMAHA ウェブキャスティングミキサー オーディオインターフェース 3チャンネル AG03 商品番号1230-089
5950,♪ AKAI アカイ MIDI PAD CONTROLLER WITH 16 MPC PADS MIDI パッドコントローラー MPD218 フィンガードラム USBバスパワー 箱入り 25-45
5951,【G】iRig Keys 2 PRO MIDIキーボード 37鍵 3043971
5952,【C】NEKTAR IMPACT LX88+ MIDIキーボード ネクター 241266
5953,【中古品】ONKYO オンキョー SE-U55SX WAVIO (W) USBデジタルオーディオプロセッサー
5954,Jomox Alpha Base ドラムマシン リズムマシン サンプラー
5955,UNIVERSAL AUDIO ユニバーサルオーディオVolt2 USB Recordio Studio オーディオインターフェース [5-38] 095/499E
5956,Roland EDIROL UA-700 オーディオインターフェース ローランド エディロール エディーロール audio capture 24bit 96khz cosm
5957,Roland CR-68 CompuRhythm リズムマシン 70年代 名機 ヴィンテージマシン ドラムマシン リズムボックス ローランド ジャンク K9984891
5958,【 C 】 Y8209 YAMAHA RX7 リズムマシン ヤマハ
5959,■ ROLAND　UM-1EX　USB　MIDI　INTERFACEケーブル
5960,Keith McMillen / softstep2 (キースマクミラン) MIDIフットコントローラー ソフトステップ
5961,VELCRO ベルクロ 結束ベルト 薄型 50本入（黒/グレー 各２５本、幅：1.27CM　長さ：20.3CM）
5962,B44803 O-05239 ROLAND GI-10 / SC-88ST 2台セット ジャンク
5963,【■PRESONUS ( プレソナス ) / Audiobox USBオーディオインターフェイス 】ジャンク扱いで★
5964,RME ADI-2 pro fs r Back Edition
5965,＄【売り切り】Focusrite/フォーカスライト オーディオインターフェース Saffire 6 USB
5966,【 G 】8119 Ableton Push 2 HWPU02 MIDIコントローラー エイブルトン
5967,ROLAND ローランド EDIROL UA-4FX USBオーディオ・キャプチャー
5968,Erica Synths BLACK HADSR-EG
5969,（J2626）TASCAM オーディオインターフェース US-122MK2 Ⅱ/EDIROL AUDIO Capture UA-20/EVENT echo 送料600円
5970,PRESONUS プレソナス STUDIO 26c オーディオインターフェイス USB-C MIDIインターフェース USB接続 USBケーブル付き★動作未確認品【TB】
5971,♪▲【steinberg スタインバーグ】オーディオインターフェース UR12 0520 23
5972,【現状品】ANALOG CASES NATIVE INSTRUMENTS MASCHINE MK3 アナログケーシズ ネイティブインストゥルメンツ st5-25
5973,Roland ローランド A-49-BK MIDIキーボード 49鍵 USBケーブル付き★動作品【TB】
5974,Industrial Music Electronics Kermit mkIII
5975,Columbia コロンビア Rhythm Box リズムボックス CRB-90 ヴィンテージ ジャンク リズムマシン
5976,現状品 通電OK コルグ KORG MICROKEY-25 MIDIキーボード コントローラー 鍵盤
5977,51944. ZOOM.RhythmTrak.RT-234.リズムトラック.リズムマシン.ズーム.ドラムマシン.動作未確認.ジャンク
5978,【 G 】2150 YAMAHA TX81Z 音源モジュール ヤマハ
5979,★ YAMAHA ヤマハ TX81Z FMトーンジェネレーター 中古 現状品 250501C4594
5980,NEKTAR IMPACT GX61 コントローラー キーボード USB-MIDI 61鍵 ジャンク K9948112
5981,ESI Neva UNO USB-C オーディオインターフェース 中古品 現状品
5982,YAMAHA ヤマハ WX11 + WT11 ウインドシンセサイザー MIDIコントローラー セット 説明書/ケース付き □ 72646-1
5983,M-AUDIO M-TRACK DUO オーディオインターフェース [G-1169]
5984,TASCAM US-144mkII インターフェイス　シールド＆USBケーブル付 TASCAM インターフェース
5985,05S164■AKAI　PROFESSIONEL MPC■
5986,【動作確認済】MOTU MIDIインターフェース Micro Express USB Win11 動作確認済
5987,AKAI/アカイ Professional EWI-USB 電子管楽器 ウィンド・シンセサイザー【通電確認済】 /100
5988,【Focusrite】Scarlett 2i2 G2 2-in/2-out USB audio interface（オーディオインターフェイス）24bit/192 kHz 箱付 USED
5989,【格安スタート】Focusrite オーディオインターフェース LIQUID Saffire 56 フォーカスライト
5990,IK-250531-6-HS BOSS DR-55 リズムマシン Dr.Rhythm ボス ドクターリズム
5991,ローランド　MIDIキーボードコントローラー A-49-BK
5992,【格安スタート】Waldorf microwave XT ラック版 10Voice wavetable 動作確認済
5993,steinberg ur12
5994,YAMAHA RX15 ヴィンテージ・リズムマシン(そこそこ美品)
5995,Roland SN-U110-02 Latin & F.X.Percussion サウンドライブラリー PCM ROMカード
5996,【必ず説明をお読みください】USB接続オーディオインターフェイス Focusrite Scarlet 18i20 3rd Gen.
5997,iCON PLATFORM D3
5998,Roland ローランド SC-88 Pro 音源モジュール★簡易検査品【TB】
5999,M-AUDIO ProFire2626 オーディオインターフェース
6000,TASCAM オーディオインターフェース US-100
6001,Roland. SP-404sx. ローランド　サンプラー　【中古】
6002,Steinberg UR22C スタインバーグ オーディオインターフェース 250527RM460099
6003,管理番号Eh1997【中古】ROLAND ローランド MT-100 シーケンサー＆モジュール JUNK ジャンク 現状渡し
6004,【G】ROLAND QUAD-CAPTURE オーディオインターフェース ローランド 029721
6005,極上品　RME ADI-2 DAC FS オーディオインターフェース　USB DAC　ハイレゾ　DSD　元箱
6006,Sabaj Da2(USB接続ポータブルDAC・ヘッドホンアンプ、PCM:32bit/768kHz、DSD:DSD512(22.4MHz))
6007,★Roland AR-2000 other SELECT ENCODER BOARD Assy 70563101★OK!!★MADE in JAPAN★
6008,★Roland SD-90/SC-8850/JV-1080/JV-2080/JD-990/XV-3080/XV-5080/AR-2000/AR-3000/FM-40/GP-100 other VOLUME KNOB★
6009,Melo Audio MIDI Commander フットコントローラー MeloAudio エフェクター
6010,Intellijel Atlantis モノシンセ　美品
6011,Roland SK-88Pro+UM-2G　動作確認済み　送料込み
6012,「YAMAHA CD SAMPLER PSLCD-101～106＆201，202 A3000A4000A5000 STUDIO LIBRARY」全８枚
6013,★美品！Roland ローランド SP-404SX サンプラー ②★
6014,CASIO カシオ FZ-1 サンプリングシンセサイザー★動作未確認品
6015,送料無料【 BEHRINGER Model D 】アナログシンセ シンセサイザー モジュラーシンセ ベリンガー Mini MOOG
6016,Roland RSP-550 STEREO SIGNAL PROCESSOR 動作品
6017,★Akai CD3000XL CD-ROM DRIVE Toshiba XM-5701B SCSI 50 pin★OK! !★Made in JAPAN★
6018,EuroPi - 組立調整済み 完成品 - プログラミング可能なユーロラック・モジュール / Raspberry Pi Pico 取付済み
6019,KOMPLETE KONTROL S49 MIDIキーボード コンプリート DTM 音響機器 中古 ジャンク H10081563
6020,cakewalk by Roland　UA-4FX　動作未確認　付属品なし　中古現状品(60s)
6021,F509 動作未確認 ジャンク M-AUDIO FireWire接続 オーディオインターフェイス 3点セット firewire solo audiophile 410
6022,Roland SONAR V-STUDIO 100 VS-100　オーディオインターフェース　使用美品　DTM　DAW　ローランド　ソナー
6023,steinberg UR12 スタインバーグ USBオーディオインターフェース　現状品
6024,【 G 】2781 YAMAHA RX7 リズムマシン ヤマハ 2482848
6025,playaudio12 ほぼ新品　 iConnectivity
6026,即決◆新品◆送料無料AKAI Professional LPK25 MK2 / MIDIキーボード・コントローラー
6027,OS15.5 Sequoiaでも使える MOTU 828mkII ADAT/SPDIF/Analog amekapogeedrawmermoturmeoresonusavalonssl
6028,【L-3】 Rhythm Ace FR-7L リズムマシン 通電可 リズムエース 現状品 3614-18
6029,[超美品]リズムマシンRoland GROOVEBOX MC-101 未使用、開封のみマシンライブ
6030,60 【極美品】 美品 M-AUDIO M-TRACK SOLO オーディオインターフェース エムオーディオ 動作確認済
6031,"Erica Synths Dual FX ( モジュラーシンセ, ユーロラック)"
6032,AVID Pro Tools / DUET by APOGEE オーディオインターフェイス アポジー
6033,1円 動作品 良品 Roland ローランド SC-88Pro 音源モジュール MIDI
6034,Roland SC-55 音源モジュール サウンドキャンバス 箱・付属品あり MIDI音源
6035,【美品！動作良好！】Universal Audio VOLT 476 オーディオインターフェース
6036,【 J 】 Y8887 Native Instruments MASCHINE MIKRO MK3 MIDIコントローラー 3067053
6037,FOCUSRITE Scarlett Solo gen 4 ( 4th ) 【未使用品】
6038,Steinberg UR22mk2 mkII 箱有 説明書有 最近まで使用 スタインバーグ ガリあり
6039,MOTU M2 モツ オーディオインターフェース《U8104
6040,★E-muPROTEUS 2000 音源モジュール 通電確認済み 中古現状品 7/061107h★
6041,ジャンク YAMAHA AG03 オーディオインターフェース ウェブキャスティングミキサー 通電のみの確認 他全て未チェック 現状品
6042,ローランド ROLAND オーディオ　インターフェース UA-101
6043,KORG KR-11 リズム ボックス
6044,【 G 】9368 YAMAHA WX7 MIDIコントローラー ヤマハ 195962
6045,KORG KR-55 Pro リズムマシン 中古 T10152155
6046,【G】 RANE SL4 オーディオインターフェース レーン 097034
6047,Roland M-256E メモリーカード
6048,Ritual Electronics Guillotine モジュラーシンセ ユーロラック 25F 北TO2
6049,6 ゆうパック着払い発送　中古　現状品　BOSS Dr.Rhythm DR-55 アナログ・リズムボックス 日本製 箱説付き
6050,Roland SC-88ST Pro
6051,PRESONUS プレソナス STUDIO 26c オーディオインターフェイス USBケ－ブル付き★動作未確認品【TB】
6052,1円 BOSS Dr. Rhythm GRAPHIC リズムマシン DR-110 ボス オーディオ機器 通電確認済み 現状品 C192122-1
6053,S) (WW-13) YAMAHA ヤマハ QY700 ミュージックシーケンサー 音響機器 機材 @100 (6)
6054,【Y-2099】非売品 Roland ローランド D-50 Special Selected Sound Library サンドライブラリ メモリーカード 現状品 同梱可【千円市場】
6055,Steinberg UR44
6056,★美品 ALESIS アレシス ドラムマシン SR-16　元箱、説明書、アダプター付き！
6057,◆　ドラム音源　◆　HELLNIAN’s ROCK DRUM　Vol.1＆2 　2枚セット◆　石鹸屋　東方アレンジ曲　ヘルニアン　KONTAKT5　DVD　打ち込み
6058,【動作確認済】【送料無料】AKAI サンプラー用メモリ EXM3008 8MBメモリ S2800/S3000/S3000i/S3200/CD3000/MPC3000
6059,iZotope Ozone 11 Advanced Windows
6060,YAMAHA ヤマハ QY100 シーケンサー リズムマシン　取扱説明書一式/ROMソフト/元箱付き★簡易検査品
6061,PreSonus AudioBox USB オーディオインターフェイス Audio Box 22VSL
6062,【中古】 サンプラー ローランド ROLAND SP-404SX サンプラー
6063,MIDI クイーン QUEEN コレクション スコア付き MIDI DATA SMF MIDIデータ FD
6064,AKAI MPK mini キーボード
6065,ヤマハ YAMAHA USB-MIDIインターフェース UX-16
6066,iZotope VocalSynth 2 Windows
6067,【 G 】524 YAMAHA MOTIF-RACK XS 音源モジュール シンセサイザー ヤマハ 3106888
6068,『ノブ欠品あり・ジャンク品扱い』KORG nanoKONTROL2 本体のみ 現状品/スリムラインUSBコントローラー
6069,BEHRINGER ベリンガー BCF2000 USB MIDIフェーダーコントローラー 電源コード/USBケーブル/取説類/元箱付き★動作未確認品【TB】
6070,PlayAudio12 iConnectivity 未使用保管品　付属品全て有　生産完了品　希少
6071,YAMAHA / リズムプログラマー / RY9 ｜ ヤマハ / シーケンサー / リズムマシン / BIG JAM / 音響機材 / 管理A中段
6072,【 G 】567 KORG M1R 音源モジュール コルグ 3084807
6073,iZotope Neoverb Windows
6074,ジャンク品 Steinberg UR22C USB 3.0オーディオインターフェース
6075,MIDIケーブル 0.5m
6076,Roland MT-100 未チェックJUNK本体のみ
6077,KORG DVP-1 DIGITAL VOICE PROCESSOR デジタル ボイス プロセッサー ボコーダー
6078,★Roland SR-JV80-03 PIANO EXPANSION BOARD★OK!!★MADE in JAPAN★。
6079,MOTU 828mk3 オーディオ インターフェース モツ
6080,【送料無料！】 サウンドモジュール　ROLAND JV-2080 ローランド②
6081,【送料無料！】 サウンドモジュール　YAMAHA TX802
6082,【送料無料！】 サウンドモジュール　ROLAND U-220
6083,【10556】 EDIROL by Roland UA-4FX
6084,E-MU PROTEUS 2000 サウンドROM2種組み込み　マニュアル付 （ジャンク品）（送料込み）
6085,RME Fireface UC オーディオインターフェイス　18入力/18出力　 ※中古品
6086,【NO.2183】ローランド USBオーディオ・インターフェース Rubix24
6087,☆ Roland ローランド SC-55mkII 音源モジュール 中古 現状品 250702K3389
6088,Rhythm Ace リズムエース リズムボックス FR-8L 動作未確認　キズ汚れあり　底部サビあり　中古現状品　ジャンク品（140s）
6089,EDIROL UM-550 * ローランド USB-MIDIパッチベイ インターフェイス
6090,MOTU MIDI Timepiece インターフェース MTPAV シンクロナイザー 音響機材 ジャンク O10204001
6091,AKAI EWI3000 ウインドコントローラー
6092,AKAI MIDI DIGITAL SAMPLER S700 12bit デジタルサンプラー FD付 通電のみ確認
6093,【現状渡し品】TRAKTOR SCRATCH A10 オーディオインターフェース DJ機器 トラクタースクラッチ -小
6094,ジャンク AKAI アカイ　MIDIキーボード　MPK61
6095,Roland　FC-200　MIDI　FOOT CONTROLLER ★動作未確認
6096,Roland SC-55mkII SOUND Canvas ローランド サウンドキャンバス 音源モジュール 純正アダプター付き
6097,GA070049 Focusrite Scarlett Solo 2nd フォーカスライト オーディオインターフェース マイクプリアンプ 動作未確認ジャンク
6098,【AKAI アカイ MPD218 MIDIパッドコントローラー 本体 USB】
6099,未チェック★MIDI　MERGE BOX★YAMAHA ヤマハ★YMM2★
6100,YAMAHA ヤマハ　TONE GENERATOR MU80 MOTIFの音源　音出し確認
6101,YAMAHA　AG03　ウェブキャスティングミキサー
6102,Instruo Harmonaig モジュラーシンセ　ユーロラック
6103,BOSS DR-55 ローランド　Dr. Rhythm DR-55 Roland リズムマシン 音響 楽器 ギター 0711H
6104,【 J 】9878 YAMAHA QY300 ミュージックシーケンサー ヤマハ 3070672
6105,yamaha mu500 アダプター付き
6106,【 J 】8180 AKAI Professional MPC RENAISSANCE サンプラー アカイ 元箱付き 3048226
6107,M-AUDIO KEYSTATION61 MK3 MIDIキーボード　※修理品　※動作確認済　※ジャンク品
6108,ZOOM ズーム リズムマシン RT-123 RhythmTrak ジャンク
6109,【美品】Roland INTEGRA-7 音源モジュール（販売終了品）
6110,The Beatles Piano&Ensemble Part1 ビートルズ ピアノ＆アンサンブル パート1 MIDI DATA SMF MIDIデータ FD
6111,E336-M30-603 Roland ローランド SOUND Canvas サウンド・キャンバス SC-8850 音源モジュール 本体のみ NB
6112,07S22■ALESIS　ドラム音源モジュール　D4■
6113,36522☆動作未確認 UNIVERSAL AUDIO VOLT176 オーディオインターフェース 箱無
6114,Steinberg MR816X/FireWireオーディオインターフェイス/通電済み/スタインバーグ
6115,完全動作品 Roland SR-JV80-04 VINTAGE SYNTH JV-1080 JV-2080 XV-5080
6116,【G】NATIVE INSTRUMENTS KOMPLETE ULTIMATE 12 ネイティブインストゥルメンツ
6117,【C】VESTAX FADERBOARD サンプラー ベスタクス 3072541
6118,TASCAM iXZ MIC & GUITER INTERFACE
6119,JZ-450 激安 Mackie Control Universal Pro マッキーコントロールユニバーサルプロ 通電未確認 中古現状品 ※3回再出品で処分
6120,novation 25SL Mk II MIDIキーボード コントローラ DAW USB 25鍵盤 中古 O10203867
6121,Solid State Logic ソリッドステートロジック SSL2 オーディオインターフェース
6122,iCON Digital i-CONTROL
6123,【送料無料】AKAI RIFF-O-MATIC U400　バリアブルテンポ／コンスタントピッチ/フレーズレコーダー【動作品】ゆうパケットプラス発送
6124,KORG　SMC-03
6125,i/o studio 2/6 オーディオインターフェース プレソナス USB presonus DTM
6126,YAMAHA MDF2 MIDI DATA FILER ヤマハ MIDIデータファイラー 電源のみOK ※動作未確認品 状態説明あり★ジャンク品【福岡】
6127,Gozouta - Circuit Abbey モジュラーシンセ ユーロラック
6128,AKAI　professional デジタルサンプラー　S2000
6129,AKAI Professional アカイプロフェッショナル / LPD8 Wireless　ラップトップ・パッド・コントローラー
6130,YAMAHA ヤマハ RY20 リズムプログラマー★簡易検査品
6131,YAMAHA ヤマハ　QY70 音源モジュール　シーケンサー　本体のみ
6132,iZotope VocalSynth 2 Windows
6133,【G】 ROLAND SC-88 Pro 音源モジュール ローランド 190788
6134,ほぼ未使用品　Hikari Instruments Quad Switch　モジュラーシンセ　ユーロラック　元箱　スイッチ
6135,正規品 メロトロン音源 GForce M-Tron Select DTM
6136,【中古品】YAMAHA ヤマハ MIDIキーボード CBX-K1B ※通電確認のみ 11897362 0729
6137,ALESIS オーディオインターフェースPA80 通電確認のみ
6138,AUDIENT id14 mkII
6139,【G】E-MU PROTEUS 2000 MODEL9094 音源モジュール イーミュー 3117614
6140,★ R70729 PRESONUS プレソナス AudioBox iTwo オーディオインターフェース 現状渡し ★
6141,Steinberg UR12 USBオーディオインターフェイス 動作確認済 スタインバーグ D08-770jy/G4
6142,sj916 送料無料！現状品 Focusrite Scarlett 2i2 3rd Gen 本体のみ フォーカスライト オーディオインターフェース 録音 音響機材
6143,AUDIENT EVO16
6144,新品 UNIVERSAL AUDIO VOLT 276 オーディオインターフェイス ユニバーサルオーディオ
6145,Focusrite RedNet 5
6146,Steinberg UR22mkII オーディオインターフェース 音響機材 スタインバーグ 中古 B10260687
6147,【中古箱無し】KORG microKEY-37
6148,ジャンク Roland ローランド M-GS64 GS音源モジュール 送料無料 匿名配送
6149,Softube Weiss Collection Windows
6150,Roland QUAD-CAPTURE UA-55 オーディオインターフェイス 動作未確認ジャンク
6151,動作確認済み　日本ハモンド Rhythm Ace FR-6 リズムボックス　NIHON HAMMOND
6152,zoom MRT-3 micro Rhythm Trak リズムマシン
6153,D93 60サイズ発送　中古　現状品　YAMAHA ヤマハ MIDI音源モジュール トーンジェネレター TG100
6154,0708k0414 AKAI アカイ Professional MPD218 MIDIコントローラー
6155,1円スタート 日本ハモンド Rhythm Ace リズムエース リズムボックス FR-6 Ace Tone オーディオ機器 ブラウン ビンテージ 通電確認済
6156,【G】NOVATION Launchkey 61 MIDIキーボード 232983
6157,ROLAND/ローランド TR-77 アナログ リズムボックス(804
6158,Focusrite iTrack Solo フォーカスライト オーディオインターフェース 未チェック
6159,【 J 】9648 KAWAI R-50　リズムマシン　ドラムマシン　カワイ　210293
6160,サンプリングCD kaerucafe Akai professional Ultimate Percussion Series Vol 2
6161,ARTURIA KEYLAB ESSENTIAL 61 MIDIキーボード 動作確認済み 中古 箱・USBケーブル付き
6162,【 J 】9675 ① BEHRINGER　X-TOUCH MINI　MIDIコントローラー　ベリンガー　本体のみ　210312
6163,♪▲【YAMAHA ヤマハ】シーケンサー リズムマシン RS7000 0808 4
6164,【中古】 サンプラー ROLAND SP-555 DJサンプラー ローランド
6165,YAMAHA　RY10　動作確認済み　ジャンク
6166,★Roland EXPANSION BOARD SR-JV80-14 WORLD COLLECTION ASIA★OK!!★MADE in JAPAN★
6167,★AKAI S1000PB MAIN BOARD L6009A5010★OK!!★MADE in JAPAN★
6168,ZOOM MRT-3 取扱説明書
6169,■Digidesign FireWire オーディオインターフェース 003 RACK+ (PLUS)
6170,♪レア♪Roland Sound Canvas Piano Module P-55 ピアノモジュール ローランド
6171,★E-MU Proteus 1000/2000/Orchestra/Virtuoso/Lead/Phatt/B-3/Earth/Orbit/Turbo/Vintage PRO/Custom other YPS-92A Electric Unit★
6172,YAMAHA DM3 Series 保護 フィルム OverLay 抗菌 Brilliant for ヤマハ デジタルミキサー DM3シリーズ Hydro Ag+ 抗菌 抗ウイルス 高光沢
6173,★AKAI S1000/S1000HD/S1000PB/S1100 EXM005 MEMORY 2MB BOARD (L6009C5020)★OK!!★Made in Japan★
6174,送料無料■Roland■ローランド■EDIROL■オーディオキャプチャー■USBオーディオインターフェース■UA-1A■中古
6175,u55174　中古　ローランド　QUAD CAPTURE UA-55 　オーディオインターフェース
6176,MOTU モツ ULmk3 オーディオインターフェース★ジャンク品【TB】
6177,ARTURIA KEYSTEP アートリア MIDIキーボード
6178,YAMAHA DOU-10 動作チェック済み ヴィンテージGM音源
6179,YAMAHA/SHS-10/ショルダーキーボード/YM2420/FM音源/MIDI/SHOLKY（ショルキー）/1987年頃/電解コンデンサー交換済/メンテ済
6180,[良品] Steinberg UR28M 自宅制作に最適/24bit/96kHz/USB 2.0対応オーディオインターフェース [WK334]
6181,初代 iRIG AmpLiTube iPhone iPad オーディオ インターフェイス
6182,東ハ:【YAMAHA/ヤマハ】MIDIコントローラー CBX-K1 ② 多機能MIDIキー ボード 37鍵ミニ鍵盤 入力用キーボード ★送料無料★
6183,マッキー MACKIE ONYX Satellite FireWire オーデ ィオインターフェイス
6184,【中古 通電確認済】TASCAM UH-7000 HDIA回路搭載マイクプリアンプ/USBオーディオインターフェース
6185,新品■ モジュラーシンセ用 パッチングケーブル 黒 15cm 20cm 45cm 各5本 計15本 ■ユーロラック
6186,★Akai S3000XL FRONT PANEL PC KEYSW (L6036A502F)★OK!!★MADE in JAPAN★
6187,正規品 ビンテージ機材の暖かみのあるサウンド IK Multimedia T-racks 5 4点セット DTM
6188,TASCAM タスカム US-125M USB オーディオインターフェース ミキサー機能付き 動作未確認
6189,★AKAI S1000/1100/S2800/S3000XL/CD3000/CD3000XL/S3200XL/S5000/S6000 other SOUND LIBRARY WORK STATION #7★
6190,TASCAM iXZ タスカム マイク ギターインターフェース 　通電確認のみ 現状品 管理番号12119
6191,★AKAI MPC2000XL/S5000/S6000/CD3000XL other Floppy Disk TEAC FD-235HF 7549 U5★OK!!★MADE in JAPAN★
6192,1点のみ値下げ7599→5999 定番ピアノ音源3点セット XLN audio Addictive Keys正規品 ボカロ tiktok
6193,キーボード NATIVE INSTRUMENTS KONPLETE KONTROL M32
6194,【美品】MOTU Ultra Lite mk3 UL Hybrid オーディオインターフェース　モツ　音響機器　PA機器　精密機器
6195,M-AUDIO エムオーディオ KEYSTATION49 MK3 USB MIDIキーボード 49鍵 鍵盤楽器 通電確認済 現状品 管理7Y0115C-G03
6196,After Later Audio Knit + ENVY(2台まとめ売り) ユーロラック Mutable
6197,ほぼ新品　AKAI Professional MPK mini Play MK3 / スピーカー内蔵 ミニキーボード MIDIキーボード コントローラー アカイ
6198,ヤマハ　MIDI フットコントローラー　MFC06 2FTAAA
6199,♪♪4k118-17 M-AUDIO Keystation Mini32 キーボード USB 音楽制作 制作 作曲♪♪
6200,"【レア品】ENSONIQ EPS-16 plus エンソニック サンプラー シンセサイザー キーボード DIGITAL SAMPLING WORKSTATION 定価368,000円"
6201,【☆新品未開封】 STEINBERG USBオーディオインターフェイス UR22C Bocchi Edition　検 UR22CBTR ぼっち・ざ・ろっく! はまじあき ギター
6202,美品　MANIFOLD RESEARCH CENTRE TETRAGRID　モジュラーシンセ　ユーロラック　ゲートシーケンサー
6203,【中古】 MIDIキーボード Arturia MINILAB
6204,ベリンガー ■ 2入力2出力 デジタル出力搭載 USBオーディオインターフェース UCA202 ( UCA222 同等品)/ Behringer U-CONTROL RED レッド 赤
6205,正規品UJAM EDMに最適シンセ DRIVE DTM
6206,Softube Weiss Gambit Series for Console 1 正規ライセンス譲渡
6207,★KORG SG-RACK STAGE PIANO MODOLE★OK!!★MADE in JAPAN★
6208,●TASCAM タスカム US-1x2HR オーディオインターフェース ブラック×レッド
6209,[即決/送料込] Erica Synths LXR-02 Drum Synthesizer ドラムシンセサイザー エリカシンス リズムマシン
6210,送料710円～ ジャンク 動作未確認 EDIROL UA-3FX エディロール オーディオキャプチャー SN.CT73049 管理F
6211,IK Multimedia Amplitube 5 SE アンプシミュレーター ギター
6212,M-Audio Keystation 88
6213,Steinberg UR12 オーディオインターフェース
6214,YAMAHA SONG DATA LIBRARY SAX-A-GO-GO キャンディ・ダルファー CANDY DULFER SMF MIDI DATA ミディ・データ
6215,Steinberg USB オーディオインターフェース UR22C スタインバーグ
6216,"Stratos SD PowerMonster用 BakMonolith 2.5"" SCSI - 25pin D-SUB変換アダプター Mac, MPC2000などに"
6217,Roland TR-606 ドラムマシーン DRUM MACHINE
6218,FOCUSRITE Scarlett 2i4
6219,未使用品!! steinberg UR22C 2in 2out USB3.0 オーディオインターフェイス スタインバーグ　ポータブルオーディオインターフェース
6220,02D03■RME　Fireface 400 オーディオインターフェース ■
6221,CASIO VL-TONE ジャンク品　中古品
6222,AKAI アカイ professional MPK mini MK2 MIDIキーボード コントローラー 本体 通電のみ確認済みです☆
6223,★KORG NANOKEY-ST MIDIキーボード コルグ USBケーブル/電池付き USED 14859★！！
6224,AKAI MPC1000 サンプリングマシン 使用時間短い
6225,KORG ESX-1 ELECTRIBE 動画有 エレクトライブ
6226,ARTURIA ( アートリア ) KEYLAB 25 MIDI/USBキーボード
6227,★ROLAND SD-90 EDIROL Studio Canvas USB★OK!!★MADE in JAPAN★
6228,★YAMAHA RX15 DIGITAL RHYTHM PROGRAMMER リズムマシン 取説、エフェクターケース付き電源ok 初期動作ok ですが古いのでジャンク扱いで
6229,BOSS SP-303 SmartMedia 4MB 中古 送料無料 動作未確認 ジャンク
6230,BOSS SP-303 SmartMedia 4MB 中古 送料無料 動作未確認 ジャンク その②
6231,PreSonus ATOM プロダクション/パフォーマンスパッドコントローラー 中古美品 送料無料
6232,Roland S-550 デジタルサンプラー ローランド 音響機材 ジャンク W9715567
6233,TAPCO MIX 50 M-AUDIO FireWire 410 ミキサー オーディオインターフェース 2点セット ※動作未確認
6234,♪▲【Roland ローランド】オーディオインターフェース Rubix 24 0220 4
6235,♪Roland SC-D70 SOUND Canvas DIGITAL ローランド 音源モジュール♪中古ジャンク品
6236,Native Instruments ネイティブインストゥルメンツ MASCHINE MK3 ※ジャンク《U9163
6237,YAMAHA FGDP-50 新品未使用 ヤマハ フィンガードラムパッド スピーカー搭載
6238,XAOC Devices Batumi II ほぼ未使用
6239,2-417♀ONKYO/オンキョー USBデジタルオーディオプロセッサー/USBオーディオインターフェイス SE-U33GX♀
6240,【中古品】SHURE (シュアー ) SM57-LCE ダイナミックマイク（管理番号：046112）
6241,elektron Digitakt (used)
6242,Qu-Bit Octone シーケンサー ユーロラック モジュラーシンセ
6243,正規品】AIボーカルミキシングツール izotope NECTAR 4 ELEMENTS DTM
6244,M-Audio Keystation 88 midi キーボード
6245,[即決]タスカム TASCAM　 iXZ オーディオインターフェイス
6246,"デジタルRGB からVGAモニタに接続する変換ケーブル！8p DIN to D-Sub15ピン(メス3列) / Roland S50,S330,S550,S750,S760 & S770 / 15khz用"
6247,★AKAI S3000XL other FLOPPY DRIVE TEAC FD-235HF 7551-U★OK!!★MADE in JAPAN★
6248,現状品 TAHORNG　タホーン 電子サックス　Elesa 　レッド　ハードケース付き
6249,【送料込み】MPD218 - Akai Professional USB MIDIコントローラー 16パッド
6250,★送料込み digidesign MH192 デジデザイン オーディオインターフェース パワーアンプ Digidesign
6251,□現状品□ YAMAHA A4000 サンプラー ヤマハ ※通電確認のみ （2746667)
6252,【A-3】 BOSS Dr.Rhythm DR-3 ドラムマシン リズムマシン ボス 音出し確認済み 3060-79
6253,★激レア★現状品 HAMMOND 日本ハモンド Jugg Box DPM-48 デジタルドラムマシン リズムボックス パーカッション リズムマシン
6254,UNIVERSAL AUDIO/ユニバーサルオーディオ UAD-2 Satellite DSPアクセラレーター プラグインシステム 通電確認済み /060
6255,Trim - 2hp モジュラーシンセ ユーロラック
6256,Erica Synths Graphic VCO ユーロラック モジュラーシンセ オシレーター 送料無料
6257,2hp Delay ユーロラック モジュラーシンセ ディレイ 送料無料
6258,正規品 Positive Grid Pro Series EQ アナログEQ プラグイン
6259,Roland EDIROL SD-90 ジャンク
6260,【ヤフオク】TASCAM US-1x2HR #1【No.1475】
6261,【美品】PreSonus STUDIO 24c オーディオインターフェース
6262,【中古品】Roland　音源モジュール　Sound Canvas　SC-88　ローランド （12525010900702AC）
6263,【C】 EDIROL UA-101 オーディオインターフェイス エディロール
6264,【 J 】5786 LINE6 TonePort UX8　オーディオインターフェース
6265,ジャンク MIDI コントローラー ギター CHARLIE LAB Digitar
6266,CubaseLE14最新版
6267,Roland EDIROL SD-90 音源モジュール スタジオキャンバス 通電のみ確認済み ローランド 現状品 80ｓ
6268,Y08/903 箱、取扱説明書付き RME Fireface UC ハイスピード USB オーディオインターフェース 通電確認済み 現状品
6269,送料無料!! SOMA laboratory / Pulsar-23 Limited Edition (military green) ドラムマシン モジュラーシンセ 限定155台 美品
6270,MIDIケーブル 1M Tech TM-100 BLK 1.0m
6271,Roland SC-55 音源モジュール サウンドキャンバス
6272,Creative USB Sound Blaster Digital Music Premium HD クリエイティブ サウンドブラスター 24bit/96kHz対応 レコード カセット録音にも
6273,T【2f-63】【60サイズ】▲ローランド/EDIROL UA-25 MIDIインターフェース USBオーディオ/ジャンク扱い/※傷・錆・汚れ有
6274,★AKAI S5000/S6000 PC VOX 64 Voice Polyphony Expansin Card L5224B5010★OK!!★MADE in JAPAN★
6275,ベリンガー 2IN2OUT USBオーディオインターフェース U-PHONO UFO202
6276,【未使用】YAMAHA USB-MIDIインターフェース UX16
6277,【G】 CME XKEY 37 MIDIキーボード 37鍵 エックスキー 088456
6278,KORG USB MIDIキーボード taktile-25 ジャンク品
6279,Roland リズムアレンジャー　Rhythm arranger TR-66
6280,◆E-MU Orbit V2 The Dance Planet 9090　90年代テクノ・ダンス指向音源モジュール　イーミュー　オービット（バージョン2）
6281,送料無料!! Robaux LL8 ワンオフ 改造品 トリガー シーケンサー ユーロラック モジュラー 美品
6282,Roland ローランド TD-1KV 音源モジュール 電子ドラム 中古 S9776418
6283,ROLI BLOCKS Loop Block 動作未確認
6284,ROLI BLOCKS Live Block 動作未確認
6285,【BEHRINGER EURORACK 104 ユーロラック】
6286,AKAI MPC2000XL コンパクトフラッシュ乗せ替え済（送料込）
6287,♪▲【TASCAM タスカム】オーディオインターフェース US-2x2 0310 4
6288,Metric Halo MOBILE I/O 2882 ジャンク ①
6289,【 G 】2207 KORG コルグ MICROKEY2-25AIR MIDIキーボード コルグ
6290,"KAWAI XD-5,アダプター付き"
6291,ARTURIA ( アートリア ) BEATSTEP MIDIパッド シーケンサー
6292,★AKAI Professional EWI5000J White ウインド・シンセサイザー★新品送料込
6293,Roland MC-303 ローランド groove box シーケンサー リズムマシン グルーヴボックス リズムマシン　現状品
6294,【 J 】3048 Roland A-49 MIDIキーボード ローランド
6295,E607　AKAI PROFESSIONAL MPD226 パッドコントローラー アカイ　20250312
6296,AKAI S950 サンプラー
6297,Steinberg オーディオインターフェース UR22C
6298,【3個セット・格安スタート】TASCAM iXZ iPad/iPhone/iPod touch/Android対応【開封品】
6299,Steinberg 2x2 USB 2.0 オーディオインターフェース UR22
6300,【ジャンク】[中古] IK Multimedia iRig 2 動作に不具合のため特価で販売/アンプ接続用出力端子が追加 [NLG15]【神戸店在庫】
6301,管理番号=Ec0833344【中古】KORG S3 & DANCE KSC-2S JUNK コルグ リズムマシン PCMカード ジャンク 現状渡し
6302,サンプリングCD「Fuel Series　Ethnicity エスニシティ Loops for ACID　SONIC FOUNDRY」輸入盤・美品/ループサウンド素材
6303,■価格応談!!■整備品■下取OK!!★emagic mt4 2in/4out USB MIDIインターフェイス パッチベイ G1R17986
6304,BOSS Dr. Rhythm DR-550 リズムマシン ドラムマシン 中古
6305,KORG コルグ EXP-2 コントローラー 楽器 周辺機器 ジャンク C9776711
6306,正規品 Addictive drums 2 Studio Rock
6307,【新品】AlphaTheta Chordcat グルーブボックス TORAIZ
6308,Digidesign 192 I/O　オーディオインターフェイス　プロ用機材 　動作OK　少難あり
6309,Roland D-110 MULTI TIMBRAL 音源モジュール 933119【DCAP2032】
6310,Roland V-Drums 音源モジュール ジャンクTD-12 ローランド 電子ドラム
6311,BOSS ボス リズムマシン DR 670 Dr Rhythm Roland ローランド 本体のみ 貿易 海外 輸出 DTM DAW
6312,Roland ローランド MC-101 GROOVE BOX グルーヴボックス AIRA 中古 美品
6313,NATIVE INSTRUMENTS MASCHINE MIKRO MK2 ライセンス無し ジャンク
6314,Roland ローランド EDIROL オーディオインターフェイス FireWire AUDIO CAPTURE FA-66
6315,YAMAHA ヤマハ QY70 シーケンサー ジャンク品 送料600円
6316,ウ027★スタインバーグ USBオーディオインターフェース / steinberg UR12 / 音響機材 / 現状渡し
6317,Casio GZ-5 動作チェック済み
6318,即決 ZEN-ON RHYTHMINA RTM-302 リズムボックス スピーカー内蔵 アダプター付き
6319,E-mu Emax SE ステッカー シール
6320,KORG nanoKONTROL-BK コルグ MIDIコントローラー
6321,3/23 *3■Roland R-8M■ローランド 音源モジュール 【中古/現状品/動作未確認ジャンク】
6322,Roland SP-404（中古品）
6323,【美品】ベリンガー 2入力2出力 USBオーディオインターフェース UMC202HD U-PHORIA
6324,値下げ〜格安！AKAI MPC2000/MPC2000XL　RECボタン10個セット（mpcstuffから購入）赤：RED 新品
6325,1000円スタート オーディオインターフェース フォーカスライト Focusrite Scarlett 2i2 録音 音楽 楽器 通電確認済 動作未確認 WHO RR30027
6326,MIDI Solutions Quadra Thru（4ポート MIDIスルーボックス）
6327,1409 YAMAHA ヤマハ RX17 デジタルリズムプログラマー 未チェックジャンク
6328,【ジャンク】 MOTU 828mkⅡ 96kHz firewire audio interface Mac用firewire オーディオインターフェース
6329,marantz マランツ PMD570 SOLID STATE RECORDER コンパクトフラッシュ対応 据置型レコーダー 2台セット★動作未確認品【TB】
6330,marantzマランツ PMD570 SOLID STATE RECORDER コンパクトフラッシュ対応 据置型レコーダー 2台セット★動作未確認品【TB】
6331,P706-CH12-1423 YAMAHA CORPORATION steinberg スタインバーグ USB AUDIO INTERFACE オーディオインターフェース CI2 オーディオ機器
6332,【中古美品】KORG nanoKONTROL2 (コルグ/MIDIコントローラー/DTM/DAW/音楽制作/作曲/編曲/ミックス/USB接続)
6333,【G】ARTURIA KEYLAB 61 MIDIキーボード アートリア 3035958
6334,(Z-5457)ROLAND 音源モジュール SOUND CANVAS SC-55MK2 ジャンク ※ケーブル欠品
6335,[中古] IK Multimedia iRig HD2 24 bit/96kHz対応のポケットサイズインターフェース [NLG10]【神戸店在庫】
6336,M3272 IK MULTIMEDIA アイケーマルチメディア iRig KEYS MINI
6337,RE3492 Steinberg UR12 オーディオインターフェース スタインバーグ　本体　専門知識がない為　動作未確認　現状品　0327
6338,【ヤフオク・格安スタート】TASCAM US-2x2HR 本体のみ【No.1576】
6339,MIDIキーボード　ALESIS Qmini 32鍵　中古品
6340,A-500PRO MIDIキーボードコントローラー
6341,Qu-bit electronix RT 60 ユーロラック モジュラーシンセ
6342,MOTU UltraLite AVB　18入力/18出力AVB .USBオーディオインターフェイス！！即決価格あり格安出品です
6343,即決☆送料無料☆IK Multimedia(アイケーマルチメディア) iRig USB アイリグ
6344,★Roland EXPANSION BOARD SR-JV80-09 SESSION MADE IN JAPAN★
6345,★訳アリ★ Focusrite Scarlett 8i6 オーディオインターフェース ジャンク品
6346,E833 ジャンク 通電OK ESI planet 22x 2 IN / 2 OUTプロフェッショナル Dante オーディオインターフェース
6347,YAMAHA RS7000 ジャンク
6348,ジャンク 【現状品】KORG Volca Beats リズムマシン コルグ
6349,ARTURIA KEYSTEP MIDIキーボード　中古完動品
6350,Roland ローランド MC-909 サンプラー シンセサイザー リズムマシン
6351,【現状品】YAMAHA ヤマハ トーンジェネレーター MU100R Tone Generator 音源モジュール
6352,YAMAHA EX5R TONE GENERATOR ヤマハ シンセサイザー 音源モジュール ジャンク
6353,ALESIS アレシス D4 ドラム リズム 音源 16bit 電源アダプター ドラムモジュール 中古 現状品
6354,[M-TN 1444] YAMAHA ヤマハ MIDI DATA FILER MDF3
6355,♪▲【Roland ローランド】音源モジュール SC-88VL 0402 4
6356,1円 BOSS Dr.Sample SP-303 ドクターサンプル サンプラー ボス オーディオ関連機材 DTM 通電確認済み
6357,BOSS リズムマシン DR-770
6358,SteinbergUR28M USB オーディオインターフェイス 美品 動作確認済み！
6359,【 C 】 Y6941 AKAI MPC LIVE サンプラー アカイ 【元箱付き】
6360,Roland QUAD-CAPTURE UA-55＜動作確認済み＞※USBケーブル欠品 ローランド USBオーディオイインターフェイス /巻 □
6361,Folktek Alter 1 モジュラーシンセ ユーロラック 希少アート系マルチエフェクター 実験音楽・ノイズに
6362,03D104■Roland　TD-20 音源モジュール■
6363,KORG padKONTROL MIDI コントローラー DAW コルグ ジャンク
6364,【J】RME FIREFACE UFX II オーディオインターフェース 3003374
6365,1円スタート！Novation Drum Station 通電確認のみ
6366,iZotope Neutron 5 Windows
6367,【訳あり】[中古] MOTU M4 フルカラーディスプレイ搭載 4in 4out オーディオインターフェース [QK914]【箕面店在庫】
6368,BOSS DR-770　ボス リズムマシン Dr.Rhythm シーケンサー
6369,KORG M3R デジタルシンセ 音源モジュール 音響機材 コルグ ジャンク B9877827
6370,BOSS DR-110 アナログドラムマシン　Roland
6371,★AKAI アカイ MPC2500 サンプラー★
6372,steinberg UR12 USB オーディオ インターフェイス 本体のみ 250409SK750186
6373,AKAI アカイ Professional MPK mini MIDIキーボードコントローラー 中古 美品 M9904507
6374,MIDIキーボード AKAI MPK Mini MK3
6375,【 G 】6851 Native KOMPLETE　A61　キーボード　ネイティブ　本体のみ
6376,Y06/227 箱付き STEINBERG スタインバーグ UR22MKII オーディオインターフェース 通電確認済み 現状品
6377,MiDiPLUS STUDIO 2 オーディオインターフェイス
6378,美品　steinberg スタインバーグ　オーディオインターフェース　UR22C
6379,Waldorf Pulse+　アナログシンセサイザー　音源モジュール《マニュアル付》〈通電確認のみ〉 ウォルドルフ　パルスプラス（初代）
6380,Focusrite Saffire PRO 14 オーディオインターフェイス
6381,E940 通電確認のみ ジャンク品 NATIVE INSTRUMENTS ネイティブインストゥルメンツ　MIDI M-シリーズキーボード KOMPLETE KONTROL M32
6382,ROLAND　サウンドモジュール　MT120　ジャンク
6383,AKAI XR10　ジャンク
6384,ZOOM RhythmTrak RT-223
6385,● IK Multimedia iRig Pro ●ギター/マイク用オーディオインターフェース iOS対応
6386,novation NOCTURNE MIDIコントローラー　中古　ジャンク扱い
6387,【C】AKAI EWISOLO ウインドシンセサイザー アカイ 3010585
6388,【 C 】557 Focusrite Clarett 4pre USB オーディオインターフェース フォーカスライト
6389,Roland／ ローランド リズムマシン リズムコンポーザー ビンテージリズムマシン TR-707 日本製 ジャンク
6390,早得！STEINBERG UR12 USBオーディオインターフェイス　おまけ＆保証書無記入
6391,【送料無料】Roland R-70 Human Rhythm Composer
6392,korg microkey37 air
6393,Steinberg UR22 オーディオインターフェース 中古 T9835404
6394,meloDICER VERMONA モジュラーシンセ ユーロラック
6395,Roland PMA-5　ローランド ポータブルシーケンサー　動作確認済
6396,04S206■YAMAHA　ADP25H　HDD ADAPTER■
6397,iRigPADS 本体のみ MIDIコントローラー　 PADS パッド
6398,管理番号=Ec0850457【中古】Native Instruments MASCHINE STUDIO JUNK ジャンク 現状渡し
6399,Roland JV-880 整備済品
6400,MOTU 　UltraLite mk3 Hybrid　USBオーディオインターフェイス
6401,★ROLAND ローランド　U-110（2台） サウンドカード15枚(種類)付 音源モジュール 【動作品】
6402,Roland　XV-2020
6403,サンプリングCD 『 8 BIT STYLEZ 』 UEBERSCHALL
6404,★Roland R-8M TOTAL PERCUSSION SOUND MODULE★OK!!★MADE in JAPAN★
6405,送料無料! WMD Performance Mixer モジュラー ユーロラック ミキサー intellijel Make Noise 完動品 中古
6406,【K0421?】Roland TR-55　Rhythm　55　通電確認済み　ローランド　リズムボックス
6407,倉庫で発見！Roland　ローランドリズムマシン　Rhythm 700　通電　音出ししました♪
6408,04D03■Roland　SC-88ST 音源モジュール■
6409,Polyend Tracker シーケンサー
6410,PRESONUS FIRESTUDIO 26x26 FireWire Recording System ほぼ新古品ですがジャンク出品となります
6411,【 G 】6725 Roland K-25M Boutiqueシリーズ専用 ミニキーボード ローランド
6412,YAMAHA ヤマハ AG06 MK2 ウェブキャスティングミキサー 音響機材 中古 良好 S9949811
6413,A 373★Avid HD I/O
6414,BOSS DR-550 リズムマシン Dr. Rhythm (60s)
6415,Fabfilter Total Bundle Windows
6416,S11181△ZOOM リズムトラック RT223 RhythmTrak リズムマシン リズムトラック【訳あり】250425
6417,★YAMAHA ヤマハ TG77 トーンジェネレーター 中古 現状品 250401E6838
6418,HAGIWO MOD1 ハード組立済 DIYモジュール　Eurorack モジュラーシンセ　③
6419,YAMAHA QY300専用 Gotek FDDエミュレーター(USBドライブ)
6420,KORG/microKEY-25
6421,TEENAGE ENGINEERING OP-1 ポータブルシンセサイザー/サンプラー -4120286-
6422,Roland ローランド MT-32 MIDI音源モジュール 【通電確認のみ】★現状品
6423,YAMAHA MJC8 MIDI Patch Bay（ in8 x out8 / ５０パターンメモリ） MIDIパッチ （ midi thru box )
6424,●アカイ XR20 リズムマシン AKAI Professional BEAT PRODUCTION CENTER ドラムマシン S4178
6425,AKAI MPC2000 MPC2000XL 中古パッドセンサー ⑤
6426,【 J 】951 KAWAI GMega 音源モジュール カワイ 本体のみ
6427,RME Fireface UCX II オーディオインターフェイス UCX2
6428,【同梱不可】 RME/アールエムイー Fireface UCX オーディオインターフェイス
6429,Celemony Melodyne Studio 5 Windows
6430,iZotope Nectar 4 Advanced Windows
6431,送料800円～ ジャンク 通電のみ確認済み YAMAHA VL70-m ヤマハ トーンジェネレーター SN.JAMO01013 管理F
6432,"Tidbit Audio　Mini ""floating"" CV / Audio Attenuator - 3.5mm Doepfer モジュラ　ユーロラック"
6433,1円 Roland U-110 U-220 PCMサウンドモジュール 音源モジュール セット 器材
6434,Tidbit Audio Switch ほぼ未使用 Doepfer モジュラ
6435,【動作確認済み】Roland A-49 MIDIキーボードコントローラー ブラック ローランド
6436,[ジャンク(故障品) / MIDI音源] CASIO GZ-50M
6437,BOSS GCS-5 ミキサー Gigcaster 5 オーディオストリーミング 音響機器 中古 美品 Y9969406
6438,正規品 定番ピアノ音源 XLN Audio Addictive Keys Studio Grand DTM ボカロ tiktok
6439,☆☆ moddict パッチケーブル モジュラーシンセ ユーロラック ☆☆
6440,◆◇Roland ローランド SC-55K SOUNDCanvas サウンドキャンバス 音源モジュール アダプター付　通電確認済み◇◆
6441,【送料込み】 JL COOPER　16In／20Out　MIDIパッチベイ　MSB16/20　基本動作OK　難あり
6442,Roland ローランド VT-4 ボイストランスフォーマー ボイスチェンジャー 音響機器 中古 T9977214
6443,[KM0145] 中古現状品 Steinberg Midex 8 USB-MIDIインターフェース OUT側音出しOK スタインバーグ
6444,Avid Pro Tools用変換ケーブル Adapter mini DigiLink (F) to DigiLink (M)
6445,iCON PLATFORM D3 通電のみ確認　ジャンク
6446,スマートフォン用 ギター・ベース用 インターフェイス
6447,ZOOM　RhythmTrak　RT-223　ズーム　リズムトラック　ドラムマシン　リズムマシン　ジャンク
6448,MOTU 896mk3 FireWire モツ オーディオインターフェース オーディオインターフェイス 通電確認済み
6449,4985//Roland S-750 DIGITAL SAMPLER
6450,4986//digidesign MX002RK デジデザイン オーディオ インターフェイス 通電確認済み 現状品
6451,Roland UA-55 QUAD-CAPTURE オーディオインターフェース ローランド
6452,◆◇M-AUDIO AIR 192 6/USB-C/オーディオインターフェース/動作未確認のためジャンク :家k5388-308ネ◇◆
6453,【G】AKAI professional MPC2000XL サンプラー アカイ 3056024
6454,CubaseLE14最新版
6455,Focusrite Scarlett 8i6 3rd Gen オーディオインターフェイス（USB-C、MIDI端子搭載）通電確認済み
6456,1円 UNIVERSAL AUDIO apollo twin X オーディオインターフェース オーディオ機器 通電確認済み
6457,IK Multimedia iLoud MEMS測定用マイクロフォン スピーカーとARCシステム用 新品未開封 (IK ARCシステム全対応)　（Sonarworks Trinnov)
6458,Roland/ローランド SC-55mkII MIDI音源モジュール(430 　SOUND Canvas/サウンドキャンバス
6459,iZotope Nectar 4 Advanced Windows
6460,YAMAHA QX3 シーケンスレコーダー
6461,【 D 】 Y7892 Focusrite Scarlett 2i2 オーディオインターフェース フォーカスライト
6462,ジャンク Roland TR-606 DRUMATIX ドラムマシン
6463,Focusrite Scarlett Solo オーディオインターフェイス オーディオ 音響機材 ジャンク K9935172
6464,Novation Launchkey 61 [MK3]
6465,1円 YAMAHA ヤマハ TX802 音源モジュール シンセサイザー 通電確認済み 現状品 オーディオ機器 2AD098
6466,ジャンク Focusrite Scarlett 2i2 3rd gen オーディオインターフェイス 250430GP030498
6467,◆◇ジャンク BOSS Dr.Rhythm DR-660 リズムマシン◇◆
6468,ローランド ROLAND SC-88 中古2
6469,【美品】Waldorf microwave XT ラック版 10Voice wavetable 動作確認済
6470,YAMAHA ヤマハ サンプラー A4000 通電確認のみ 現状品 管理番号05161
6471,【NA-4022】鏡音リン・レン V4X VOCALOID4 ボーカロイド ボカロ KAGAMINE RIN LEN CRYPTON WIN MAC 外箱付 現状品 同梱可【千円市場】
6472,ジャンク品 digidesign 192 I/O DAカード10枚
6473,Roland MM-4 MIDI スルーbox 中古
6474,akai mpc1000 サイドパネル 取り外し品 中古
6475,Presonus AudioBox i Two オーディオインターフェース 音響機材 プレソナス 中古 B10023217
6476,★ROLAND MC-300/MC-500/MC-500MkII SUPER-MRC v.200 1988 FLOPPY DISK★OK!!★
6477,avid HD OMNI オーディオインターフェース 送料無料
6478,Native Instruments ( ネイティブインストゥルメンツ )KOMPLETE 12 ULTIMATE
6479,【簡易動作確認済/美品】TASCAM ボイスエフェクト搭載 オーディオインターフェイス インターネット放送用機器/MiNiSTUDIO CREATOR US-42/60
6480,STREAM トップをねらえ！GunBuster① SMF MIDI DATA (Standard Midi Files) MIDIデータ
6481,AMDEK アムデック リズムマシン RMK-100 直接お渡し歓迎 ANK702179八
6482,KORG nanoKONTROL MIDIコントローラー ※動作未確認
6483,MIDI Library vol.13 ベストヒット'97 J-POP MIDI DATA MIDIデータ
6484,AVID HD I/O オーディオインターフェース ※通電のみ確認 A-①
6485,Steinberg IXO12 USB スタインバーグ オーディオ インターフェース 音響機材 中古 S10040588
6486,1円 Native Instruments KOMPLETE KONTROL A49 MIDIキーボード DTM ジャンク N9950209
6487,M-AUDIO☆Fast Track＊USBインターフェース＊中古品＊札幌＊北海道＊
6488,【iy】 Roland オーディオインターフェース Rubix22 (5.17.3)
6489,【D125】Sequential circuits drumtraks ドラムトラックス ドラムマシン 箱付き
6490,ヤマハ　YAMAHA　の　FM　TONE　GENERATOR　TX81Z　送料込みです。
6491,ローランド Roland Boutique TR-09
6492,audio-technica AT2020USB＋ USBマイク
6493,▼ AKAI アカイ 赤井 MPD218 MIDIパットコントローラー 中古 現状品 250405A1630
6494,F308 ジャンク 通電OK Dirigent ディリゲント Bluetooth MIDIキーボード 37鍵 Xkey Air 37
6495,デッドストック品 ROLAND ローランド SoundBrush サウンドブラッシュ MIDIファイルプレイヤー
6496,YAMAHA MEP4 MIDI イベントプロセッサー
6497,◇NI Native Instruments Audio 8 DJ インターフェース　ノーチェック◇25-5-N195
6498,PRESONUS プレソナス STUDIO 26c オーディオインターフェイス USB-C MIDIインターフェース USB接続 USBケーブル付き★動作未確認品【TB】
6499,【動作未確認】YAMAHA MUSIC SEQUENCER QY100 リズムマシン PA-3B 電源アダプター 2個セット シーケンサー ヤマハ 1円~　S5526
6500,YAMAHA ヤマハ TX81Z 音源モジュール 音響機材 FM TONE generator 通電確認済
6501,AKAI MPC3000専用 アップグレードROM Vailixi 3.50 PCアクセスほか 未使用新品
6502,ROLAND FANTOM XR 交換用 互換品LCD
6503,FOCUSRITE ( フォーカスライト ) / Scarlett 2i4 G2 オーディオインターフェイス
6504,M-AUDIO Axiom Pro 49 MIDIキーボード 現状品
6505,YAMAHA LG-100★ヤマハ 4本脚キーボードスタンド
6506,ローランド Roland Boutique TR-08
6507,【中古品】Roland サンプラー SP-404SX ローランド gi5-142
6508,YAMAHA MIDI TONE GENERATOR MU100R
6509,A192★KORG MIDI音源モジュール AG-10 本体のみ 動作未確認ジャンク品
6510,YAMAHA ヤマハ TX81Z トーンジェネレーター 中古 現状 取説 ハードケース付き
6511,【G】ROLAND GI-10 ギターMIDIインターフェース ローランド 3046896
6512,【Ｃ】Roland CR-80 リズムマシン ローランド 3046932
6513,ZOOM AMS-24 オーディオインターフェイス&マイク SHURE PGA48-XLR-J　セット 配信用 電池駆動可能 PC/android/iPadなど可
6514,F339 ジャンク 通電OK NATIVE INSTRUMENTS ネイティブインストゥルメンツ/KOMPLETE AUDIO 2 オーディオインターフェイス
6515,Roland TR-6S Rhythm Performer ＋ Analog Cases のケース
6516,5/27★YAMAHA RX15★ヤマハ リズムマシン【中古/現状品/通電確認OK/動作未確認】
6517,YAMAHA　ヤマハ　ワイヤレスMIDIアダプター　UD-BT01　USBケーブル付　現状品　CJ6.014　/07
6518,♪▲【Roland ローランド】MIDIインターフェース GI-10 0527 3
6519,icon Pro Audio プラットフォーム　Platform Nano 完動中古品です。
6520,TASCAM オーディオインターフェース US-366 未チェック 現状品 管理番号05364
6521,KORG DDD-1 DYNAMIC DIGITAL DRUMS コルグ デジタルドラムマシン　ROMカード4枚付き
6522,♪Avid S1 #2 ProTools 対応コントロールサーフェス アビッド 中古♪
6523,【 G 】2129 E-mu PROTEUS/2 9012 音源モジュール イーミュー
6524,コルグ　０３R/W ラック音源
6525,arturia MICROBRUTE マイクロブルート　アナログシンセサイザー
6526,美品◆ YAMAHA AG03MK2 ウェブキャスティングミキサー◆ ブラック
6527,送料950円～ ジャンク 通電のみ確認済み Roland SOUND Canvas SC-88 ローランド 音源モジュール 製造番号AG75823 管理F
6528,ROLAND JD-990 SUPER JD 音源モジュール シンセサイザー ローランド 音響 機材 オーディオ 中古 T10079056
6529,PRESONUS プレソナス STUDIO 26c オーディオインターフェイス USB接続MIDIインターフェース　USBケーブル付き★動作未確認品【TB】
6530,美品　ROLAND　SOUND　CANVAS SC-88 PRO 通電確認済み ローランド 音源モジュール
6531,Roland オーディオインターフェース OCTA-CAPTURE UA-1010
6532,iZotope Nectar 4 Advanced Windows
6533,vermona kick lancet
6534,【G】YAMAHA RY20 Rhythm Programer ヤマハ 3010138
6535,YAMAHA AG03 ミキシングコンソール オーディオインターフェース
6536,STUDIOLOGIC MP-117 MIDI 足鍵盤 キーボード ジャンク Z10055048
6537,IK-250531-16-HS SEQUENTIAL TOM 420 シーケンシャルタム
6538,K099[06]K108(オーディオインターフェース) ジャンク Steinberg スタインバーグ USB3.0 UR22C/箱入り ※動作未確認 6/2出品
6539,【 G 】2290 YAMAHA MOTIF-RACK ES PA-300 音源モジュール ヤマハ
6540,ジャンク Roland studio capture UA-1610 オーディオインターフェース
6541,中古 ARTURIA Minilab mk2 MIDI キーボード コントローラー本体のみ / 動作未確認/現状品
6542,サンプリングCD kaerucafe Blond / SEXY VOICE&BREAKBEATS One More COMIC SHOT! Shocking Rink Loop X
6543,Steinberg UR242オーディオインターフェイス
6544,【中古美品】Elektron Model:Cycles シンセ モデル:サイクルズ グルーヴボックス シーケンサー シンセサイザー FM オプション付き
6545,オーディオ・インターフェイスのド定番 STEINBERG UR22C 美品（新品同様）【送料無料】　出力用フォン・ピンL/Rをお付けします！即使用可能
6546,ローランド USBオーディオ・インターフェース Rubix22
6547,BEHRINGER USBオーディオインターフェース U-PHONO UFO202
6548,△【売り切り】Roland/ローランド リズムマシン ヒューマンリズムコンポーザー R-5
6549,JHXY6-30【未開封】CREATIVE Sound Blaster SB1240 SBX Digital Music Premium HD SB-DM-PHDR2 オーディオインターフェース
6550,Behringerベリンガー UMX490 MIDI キーボード コントローラ
6551,Aurorasound　BusPower-Pro　USBバスパワー用安定化電源 + KORG USB-DAC DS-DAC-10 + furutech USBケーブル
6552,【ジャンク】[中古] Focusrite Scarlett 2i2 出力が確認できないため特価 [OLM52]【梅田店在庫】
6553,MOTU Ultra Lite mk3 Hybrid Firewire USB
6554,【 G 】 Y8575 Native Instruments TRAKTOR Scratch A6 オーディオインターフェース ネイティブインストゥルメンツ
6555,NATIVE INSTRUMENTS MASCHINE Mikro MK3 ネイティブインストゥルメンツ DTM MIDI ドラム
6556,ローランド Roland ED PC-70 MIDIキーボードコントローラー 通電動作確認済
6557,【12YU鳥05010C】★Roland★ローランド★D-110★MULTI TIMARAL SOUND MODULE★MIDI★音源モジュール★サウンドモジュール★
6558,【 C 】8678 YAMAHA RX7 リズムマシン ヤマハ
6559,ZOOM RhythmTrak 234
6560,b072 YAMAHA ヤマハ TX81Z 音源モジュール　通電可　送:120
6561,AKAI EB20 エフェクトボード EFFECT S5000、S6000 サンプラー　拡張ボード
6562,AKAI MPC4000 エフェクトボード ジャンクとして
6563,☆1円〜☆ AVID アビッド Artist MIX アーティストミックス DAWコントローラー ムービングフェーダー PROTOOLS
6564,★ YAMAHA MU500 音源モジュール ヤマハ 本体のみ DTM用音源 シルバー 充電コード無し 通電未確認
6565,S◆中古品◆楽器関連電子機器/シンセサイザー 『JD-08 Sound Module』 ROLAND サウンド・パッチ:256 パターン:128 EXT CLOCK IN クラシック
6566,【 ジャンク 】◎ UA-3FX EDIROL エディロール USBオーディオ・キャプチャー ◎ インターフェース
6567,【中古】 MOTU M2 2in 2out オーディオインターフェイス
6568,Roland ローランド Expansion Board MADE in JAPAN SRX-01 Dynamic Drum kits エキスパンションボード
6569,★Boss★Dr.Rhythm　（DRー８８０）
6570,M−AUDIO FAST TRACK　オーディオインターフェース
6571,AKAI アカイ S3000XL サンプラー ビンテージ MIDI STEREO DIGITAL SAMPLER サンプラー 動作未確認
6572,Roland ローランド 音源モジュール サウンドキャンバス SC-55MKII SOUND Canvas SC-55MK2
6573,★B632 UR22mkII オーディオインターフェイス 24bit/192kHz 画像1STEINBERG Steinberg スタインバーグ 中古品 現状品★
6574,Buchla & Tiptop Audio Quad Lopass Gate Model 292t モジュラーシンセ ユーロラック make noise mutable intelijel
6575,【A-2】 Arturia SPARKLE MIDIコントローラー アートリア 動作未確認 1875-16
6576,Roland ローランド A-49-BK MIDIキーボード コントローラー 49鍵盤　USBケーブル付き★動作品【TB】
6577,Focusrite フォーカスライト Scarlett Solo USBオーディオインターフェース　DTM/音楽制作★動作未確認品
6578,□現状品□ ROLAND SOUNDCanvas SC-D70 音源モジュール ローランド ※簡易音出し可 (2746991)
6579,OS15.5 Sequoiaでも使えるハイエンドOB MOTU V4HD ADAT/AES/SPDIF/Analog amekapogeedrawmermoturmeoresonusavalonssl
6580,Roland ローランド SC-88 Pro 音源モジュール★簡易検査品【TB】
6581,KORG MSC-4S MSC-04/MPC-04 M1用メモリーカード コルグ 25F 北HH2
6582,KORG WS-AD WAVE STATION 音源モジュール コルグ 【現状品】
6583,★中古のYAMAHA ・ ヤマハ・CBX-K1XG・ MIDI ・SOUND KEYBOARD・サウンドキーボード★
6584,KORG 音源モジュール AG-10 コルグ【20
6585,（ 6-2）BEHRINGER behringer ベリンガー USB オーディオインターフェース UMC404HD 音響機材 ※コードなし
6586,1円〜 AKAI 音源モジュール SG01k GM SOUND MODULE アカイ サウンドモジュール 通電確認済み ジャンク扱い
6587,YAMAHA/ヤマハ MU1000 EX トーンジェネレーター 音源モジュール 250414
6588,【送料込】YAMAHA ライブストリーミングミキサー AG03MK2-W
6589,EDIROL　UA-3FX　AUDIO CAPTURE
6590,【J】KURZWEIL YOUNG CHANG K2000RJ 音源モジュール カーツウェル 3105608
6591,Qu-bit Aurora (ほぼ未使用) ユーロラック
6592,Roland ローランド デジタルシンセサイザー MIDI音源 D-110 通電ジャンク II-250604017
6593,PRESONUS プレソナス STUDIO 26c オーディオインターフェイス USBケ－ブル付き★動作未確認品【TB】
6594,★YAMAHA DX1/DX5/DX7/DX9/DX21/DX27/DX27S/DX100/KX88/DMP11 SLIDER KNOB スライド フェーダー★
6595,ZOOM　TAC-8　オーディオインターフェイス 動作未確認
6596,BOSS DR-3 リズムマシンPSA100 電源アダプタ付き
6597,【 J 】352 steinberg UR22C オーディオインターフェース スタインバーグ 3084837
6598,akai professional Z8 サンプラー　 音源モジュール　CFカード内臓　mpc
6599,【WD-8286】MPC ELEMENT AKAI professional アカイ 本体のみ 打ち込み 機材 ジャンク扱い 東京引取可 同梱可【千円市場】
6600,◆KORG/MIDIパッチベイ KMP-68　（035）◆
6601,◆ジャンク/ROLAND/サンプラー S-550　（022)◆
6602,◆ARTURIA/MIDIキーボード KEYSTEP(001)◆
6603,Playtech PRM100 RHYTHM MACHINE リズムマシン 新品同様
6604,◆YAMAHA ヤマハ RX15 リズムプログラマー 中古 現状品 250609J6510
6605,【 G 】8650① CME WIDI-X8　2個　ワイヤレス MIDIインターフェース　シーエムイー
6606,Modor NF-1 デジタルシンセサイザーモジュール
6607,■□APOGEE Duet for iPad and Mac オーディオインターフェース アポジー 元箱付□■030386001Jm□■
6608,nt250116-002A8 YAMAHA ヤマハ オーディオインターフェース GO46 電源ケーブル 取扱説明書 付属 通電確認済 中古品 音響 レコーディング
6609,A3140★BOSS DR-110 アナログドラムマシン リズムマシン
6610,Roland/ローランド CR-1000 デジタルドラマー 本体のみ 現状品
6611,CME WIDI Master ワイヤレス MIDI アダプタ 超低レイテンシー Bluetooth【未使用に近い】
6612,steinberg UR22 MkII オーディオインターフェイス 音響機材 中古 良好 N10168776
6613,AKAI Professional APC40 MIDIコントローラー アカイ Ableton MIDIコントローラー アカイ
6614,YAMAHA EW20
6615,YAMAHA ヤマハ TX1P ピアノ 音源モジュール トーン ジェネレーター PIANO TONE GENERATOR
6616,【完動品】AKAI S1100 SAMPLER アカイサンプラー　パーツ　部品　ジャック ボイス　アウトプット　JACK VOICE OUTPUT
6617,Roland SOUND MODULE SC-33 ローランド サウンドモジュール 本体のみ 動作未確認 音響機器 機材 2
6618,☆ KAWAI カワイ DRP-10 ピアノプレーヤー 中古 現状品 250702K3208
6619,YAMAHA UX16 * USB-MIDI インターフェイス 送込 即決
6620,Roland TR-66 Rhythm Arranger 完動品 アナログリズムマシン ビンテージ
6621,Rossum Electro-Music Morpheus フィルター ユーロラック モジュラー
6622,KORG padKONTROL MIDI
6623,chord cat ケース付き
6624,Steinberg オーディオインターフェース UR22 mkⅡ スタインバーグ USB 新品　未使用
6625,【G】ALESIS SR-16 リズムマシン ドラムマシン アレシス 3070776
6626,(T) Focusrite Scarlett Solo オーディオインターフェイス FOCUSRITE /コンデンサーマイク scarlett
6627,Roland 音源モジュール サウンドキャンバス SC-55MKII SC-55MK2
6628,◇ Focusrite フォーカスライト Scarlett 2i2 オーディオインターフェイス 中古 現状品 250707S8244
6629,期間限定セール ヤマハ YAMAHA オーディオインターフェイス STEINBERG UR28M
6630,C0711-6H/ Tascam US-144mkII オーディオインターフェース
6631,Roland SN-R8-10 DANCE SOUND LIBRARY
6632,Roland ローランド V-Drums 電子ドラム TD-20X 音源モジュール
6633,BOSS DR-880 ◆ S-01
6634,150★〇 YAMAHA ミュージックシーケンサー QY300 / ヤマハ 〇★
6635,YAMAHA TX16W デジタルサンプラー ヤマハ
6636,YAMAHA MDF2 * MIDIデータファイラー ジャンク
6637,【 G 】8152 BOSS SP-505 サンプラー ボス 3070251
6638,CubaseLE14最新版
6639,♪▲【MICO/YAMAHA ミコ/ヤマハ】DVDプレイヤー/シーケンサー 2点セット DVD-M02B/QR10 まとめ売り 0710 23
6640,♪▲【cakewalk by Roland/EDIROL】オーディオインターフェース 2点セット UA-25EX/UA-25 まとめ売り 0711 23
6641,Roland R-5 ローランド リズムマシン ヒューマンリズムコンポーザー 動作未確認 ジャンク
6642,ROLAND ローランド V-Synth XT 音源モジュール　動作していますが正常動作かは不明　現状品
6643,正規品 定番ピアノ音源 XLN Audio Addictive Keys Studio Grand DTM ボカロ tiktok
6644,ROLAND SP-404 MK II サンプラー
6645,★美品 KORG/コルグ MICROKEY2-37 AIR MIDIキーボード/ミニ37鍵盤/ワイヤレス/Bluetooth/外箱・USBケーブル付き&0712400009
6646,Roland ローランド QUAD-CAPTURE UA-55 USB接続 オーディオインターフェース　 DTM/DAW★動作未確認品
6647,AKAI MPC ONE+ plus iPhoneからサンプリング可能なケーブル付属
6648,E-MU イーミュー Model:9020 パーカッションモジュール★簡易検査品【TB】
6649,【通電のみ確認済】 steinberg スタインバーグ UR44 audio interface オーディオインターフェース
6650,o370 ☆【動作未確認】Roland/ローランド TRI-CAPTURE オーディオインターフェース UA-33 中古現状扱い ☆
6651,Roland GO MIXER PRO ローランド ミキサー プロ オーディオインターフェイス スマートフォン用《U8175
6652,SP-404SX Roland サンプラー
6653,リスニング環境に左右されないミックスを実現 正規品 izotope 「Tonal Balance Control 2」DTM
6654,VOLT ２７６ オーディオインターフェース
6655,O10 Roland ローランド V-Drums 音源モジュール TD-30 電子ドラム 電子ドラムモジュール 動作確認済み
6656,【超希少・動作確認済】Keio ドンカマチック Mini Pops 初期モデル ドラムマシン リズムマシン KORG コルグ
6657,AKAI MPK mini USB MIDIキーボード キーボード コントローラー 中古 B10235717
6658,【 J 】1298 ROLAND Rhythm arranger リズムマシン ローランド 3069813
6659,AKAI APC mini 中古美品
6660,Steinberg UR22 mkII USB2.0 オーディオインターフェース
6661,KORG M3-M XPANDED EXB-M256 付 動作品
6662,M-AUDIO oxygen pro mini 中古
6663,美品！Steinberg(スタインバーグ) オーディオインターフェイスUR12
6664,【通電確認済み】Columbia コロンビア Rhythm Box リズムボックス CRB-81 ヴィンテージ ジャンク リズムマシン
6665,【美品】 KORG nanoKONTROL 2 WH
6666,AKAIサンプラー　S3000XL　FDD読込確認　SCSI接続でPCから制御できました　本体画面が暗く難あり
6667,0187: KOMPLETE AUDIO 1 HW オーディオインターフェース
6668,中古 Roland ローランド AIRA COMPACT T-8 BEAT MACHINE ビートマシン リズムマシン ドラムマシン
6669,Roland UA-55 Quad-Capture ローランド オーディオインターフェース ● QUAD-CAPTURE 音楽機材 楽器 音響機器 DAW
6670,Roland ローランド MKS-100 DIGITAL SAMPLER デジタルサンプラー★動作未確認品
6671,Apogee オーディオインターフェース ONE-MAC MAC用 ギター マイク USB接続タイプ 中古 T10177276
6672,digidesign デジデザイン MH192 オーディオインターフェース DAW★動作未確認品【TB】
6673,【Gt-4】 Ensoniq EPS-16 Plus Digital Sampling Workstation シンセサイザー キーボード タバコ臭強 汚れ強 ジャンク 1266-28
6674,ジャンク動作未確認 JOMOX JaZ Base 03 ジョモックス ジャズベース 音源モジュール アナログ ドラム音源 [TK25-0728-1]
6675,AKAI サンプラー Z4 Zipドライブ
6676,f146*80 【現状品】 【1円～】KORG nanoPAD2 MIDIコントローラー Q59756 A97RG303302
6677,Roland JV-2080 サウンドモジュール 内蔵電池切れ 電源ケーブル欠品 ジャンク Y10261843
6678,★★★ タスカム TASCAM オーディオインターフェース 中古動作品 3台 ★★★
6679,SOUND SCAN Vol.05 CD-ROM 2枚組　JUNGLE EXPLOSIVE ジャングル・エクスプローシブ クリプトン・フューチャー・メディア
6680,ユーロラック モジュラーシンセ　michigan synth works uBurst
6681,【C】Roland SC-8850 SOUND Canvas 音源モジュール ローランド 3094377
6682,動作保証品 Roland サウンドライブラリ サウンドエフェクトカード RS-PCM CARD SN-U110-11 SOUND LIBRARY SOUND EFFECTS 箱説付【10
6683,YAMAHA AG06mk2 中古 ライブストリーミングミキサー
6684,Avid Mini DigiLink cable M to M12ft.(約3.6m) x1
6685,希少　当時物　Roland/ローランド RhythmArranger TR-66 ヴィンテージ リズムボックス レア リズムアレンジャー
6686,iZotope RX11 v11.2.0 Advanced Windows
6687,edirol ua-101 アダプター、ケーブル付き
6688,ZOOM RT-123 リズムマシン 中古
6689,[良品] M-AUDIO m-track duo 手軽に始める高音質オーディオインターフェース [SL293]【神戸店在庫】
6690,【中古】 サンプラー AKAI MPC500 アダプター欠品 電池駆動確認済み 128MBメモリー増設 8GBコンパクトフラッシュ付き
6691,【１円オークション】Donner MIDIコントローラー 16パッド USB Type-C 音楽制作 バックライト付き STARRYPAD BAS1766
6692,KORG コルグ ELECTRIBE ES-1 Rhythm Synthesizer リズムマシン サンプラー ジャンク品 ●Y2648
6693,Roland EDIROL STUDIO Canvas SD-90
6694,美品【RME Fireface UFX オーディオ・インターフェイス 動作確認済み】箱付き アールエムイー
6695,1円〜　M-AUDIO M-TRACK DUO オーディオインターフェイス
6696,BOSS ボス DR-660 リズムマシン ◆ST7/46◆
6697,2025年2月購入【BEHRINGER ベリンガー/EURORACK GO ユーロラックケース】140HP×2/32キー電源コネクター モジュール互換 説明書 箱付き
6698,KORG Volca Sample
6699,B37★KAWAI カワイ 音源内蔵プレーヤー／SP-10 サウンドプレーヤー 電源ケーブル付
6700,Focusrite Scarlett 2i2 オーディオインターフェース オーディオインターフェイス scarlett USB 正常動作品
6701,【Yamaha MU80】ヤマハ 音源モジュール Motif ミューシリーズ エムユーシリーズ　ⅰ
6702,Roland SC-88ST Pro ローランド 音源モジュール 説明書付き
6703,◎ ZOOM UAC-2 オーディオインターフェイス USB3.0
6704,【C】Native Instruments KOMPLETE KONTROL S49 MIDIキーボード ネイティブインストゥルメンツ ケース付き 3109168
6705,SPL Diamond DAC
6706,YAMAHA ヤマハ AG06 ミキサー オーディオインターフェース 音響機材 中古 Y10256878
6707,Roland XV-5080 音源モジュール　SRX対応　ラックマウント型シンセ　現状品　ローランド
6708,サンプリングCD Jingle effects
6709,iZotope Ozone 11 Advanced Windows
6710,YAMAHA MU90B 取扱説明書　2冊セット
6711,■AKAI サンプラー S3000XL 電源スイッチ、インレット、基板 426687J L3019B504A
6712,★Roland EDIROL SD-20 音源モジュール★USB★OK!!★MADE in JAPAN★
6713,// M-Audio Midi - USB & 3mケーブル & 延長プラグ　//
6714,AKAI S950 Stratos 増設メモリーカード
6715,AKAI S2800 サンプラー ver.2.0 アップグレード・ロム・チップ　送料無料
6716,★AKAI MPC2000 JOG/SHUTTLE (BLACK 黒)★OK!!★
6717,YAMAHA A4000 PROFESSIONAL SAMPLER
6718,★AKAI MPC2000/MPC2000XL IB-208P 8 Channel Output (8PARA)★OK!!★MADE in JAPAN★
6719,BOSS DB-66 動作チェック済み
6720,★AKAI S5000/S6000 other SKYNET AKI-9085 Electric Unit★OK!!★
6721,AKAI S1000 MAIN CPU BOARD アカイサンプラー　CPUボード　完動品
6722,【未使用品】behringer ベリンガー オーディオインターフェイス U-PHORIA UM2
6723,YAMAHA KX49 動作チェック済み
6724,Five12 Jack Expander 付属品有
6725,YAMAHA　ヤマハ　MIDI音源　MIDI DATA FILER　MIDIデータファイラー　MDF2
6726,★Roland AR-2000 other SELECT ENCODER BOARD Assy 70563101★OK!!★MADE in JAPAN★
6727,∩ ProSamples 「 Vol.21 Drum & Bass 2 from Total Drum & Bass 」 ★ Pro Sample プロサンプル サンプラー サンプリング CD
6728,CME Xkey Air 25 Bluetooth MIDIキーボード
6729,SHURE MVI オーディオインターフェース 美品
6730,Focusrite フォーカスライト Scarlett Solo オーディオインターフェース 動作品 管理番号01182
6731,送料本文 RME ARC USB 2001以降の全TotalMix FX搭載RMEインターフェイス対応 リモート コントローラー 現状 CONTROLLER スイッチ 管2401
6732,AVID オーディオインターフェース Fast Track Duo 未チェック 現状品 管理番号01258
6733,steinberg オーディションインターフェース CI1
6734,Waldorf KB37（ユーロラック Eurorack Doepfer）
6735,YAMAHA Steinberg UR12 USBオーディオインターフェイス 配信機材 音響機材 実況
6736,YAMAHA MU80 整備済品
6737,【中古】 BEHRINGER Q1204USB XENYX USB オーディオインターフェース
6738,【カタログのみです】 Roland ローランド　SOUND Canvas サウンド キャンバス　SC-88Pro シリーズ　SK-88Pro　SC-88ST Pro　音源モジュール
6739,YAMAHA ヤマハ AG03 MK2 オーディオインターフェース #UD3599
6740,YAMAHA TX81Z 通電確認のみジャンク
6741,MOTU モツ 896 オーディオインターフェイス 通電画像あり★簡易検査品
6742,Roland A-800PRO 動作確認済み
6743,876/ 現状品 BOSS Jam Station ジャムステーション JS-5 ACアダプタ 取説付き 通電のみ確認済み
6744,ROLAND SC−55MKⅡ
6745,【ほぼ新品】KORG KR mini リズムボックス （コルグ) リズムマシン
6746,Elektron model:cycles　FM音源　ドラムマシン グルーヴボックス
6747,KORG コルグ ワイヤレス MIDI キーボード コントローラー Bluetooth DTM microKEY2 Air 37鍵盤
6748,【61鍵盤　MIDIキーボード】　M-AUDIO　OXYGEN61MKV
6749,Native Instruments KORE Controller
6750,Prism Sound Orpheus オーディオインターフェイス オルフェウス プリズムサウンド
6751,ZOOM ズーム RhythmTrak RT-223 リズムトラック
6752,Roland ビジュアルサンプラー P-10 ジャンク品
6753,Elektron Digitakt(本体) / カバー(PL-2s) / 木製スタンド
6754,KORG nano PAD USB MIDI Controller USBケーブル欠品　通電確認済み　動作未確認　ジャンク MIDIコントローラー
6755,ROLI Lightpad Block
6756,Evolution UC-33 Midiコントローラ ジャンク
6757,#33278【Behringer☆通電確認OK】Behringer ベリンガー UMX610 MIDIキーボード 61鍵フルキーボード ベロシティセンシティブ 中古品
6758,ZOOM RT-123 RhythmTrak リズムトラック MADE IN JAPAN 日本製 動作確認済み
6759,1円スタート★箱、取説他アリ★YAMAHA QY70 シーケンサー
6760,Roland SC-88ST Pro SOUND Canvas ローランド サウンドキャンバス 動作/状態説明あり◆現状品【福岡】
6761,hf250224-008B4 Steinberg QC QUICK CONTROLLER CMC-QC 動作未確認 ジャンク扱い 通電のみ確認 ケーブル付属 MIDI
6762,□現状品□ ROLAND SOUNDCanvas SC-8850 音源モジュール ローランド ※簡易音出し可 (2746670)
6763,★YAMAHA SY99/SY77/TG77/W5/W7/QS300/KORG 01/W other OPTREX DMF5005N S-EW1 DISPLAY★OK!!★MADE in JAPAN★
6764,【G】Steinberg UR824 オーディオインターフェース スタインバーグ 115183
6765,Sonicware LIVEN TeXture Lab
6766,S) KORG コルグ 03R/W 音源モジュール 音響機器 機材 ※現状渡し/通電OK！ @100 (2)
6767,◆YAMAHA ヤマハ CBX-K1XG MIDIサウンドキーボード◆
6768,動作品 VESTAX VAI-40 USBオーディオインターフェース ベスタックス★126v30
6769,KORG volca mixer コルグ
6770,【 G 】2564 AKAI EWI3020m/EWI3020 音源モジュール ウインドシンセサイザー アカイ
6771,★YAMAHA DX1/DX5/DX7/DX9/DX21/DX27/DX27S/DX100/KX88/DMP11 SLIDER KNOB スライド フェーダー★
6772,Roland ローランド コンパクトサンプラー SP-404SX +32B SDカード
6773,【最終値下】 M-AUDIO O2 MIDIキーボード 25鍵盤 ジャンク扱い 【C010】
6774,ジャンク MOTU 896mk3 hybrid usb オーディオインターフェース
6775,BOSS ボス DR-770 ドラムマシン リズムマシン ドラム リズム マシーン シーケンサー ドクターリズム Dr.Rhythm ACアダプター BRC-100
6776,iZotope Ozone 11 Advanced Windows
6777,ALESIS SR16
6778,【希少】BOSS ボス DR-55 Dr.Rhythm リズムマシン 動作未確認
6779,送料込み！ Roland R8M 本体のみ
6780,iZotope Ozone 11 Advanced Windows
6781,UA-4FX EDIROL Roland オーディオインターフェイス オーディオキャプチャー エフェクター Cakewalk
6782,【中古超名機.完動品サンプラー.シーケンサー】『AKAI professional MPC60Ⅱジャンク
6783,Novation ZeRO SL MkII MIDIコントローラー
6784,Roland M-256E メモリーカード 【動作未確認】 RAM 32K Bytes ローランド 1 JD-800 JD-990 JV-880 XP-60 XP-80 JV-80 JV-2080 JV-1080
6785,★BEHRINGER ベリンガー オーディオインターフェース U-PHORIA UM2 未チェック 現状品 管理番号03057
6786,AKAI　S2000
6787,YAMAHA ヤマハ 音源モジュール シンセサイザー TG77
6788,ヤマハ　qy700 アダプター付き
6789,★YAMAHA SY99/SY77/TG77/W5/W7/QS300/KORG 01/W other OPTREX DMF5005N S-EW1 DISPLAY★OK!!★MADE in JAPAN★
6790,★ KORG コルグ MICROKEY2-49AIR キーボード 中古 現状品 250201E6012
6791,iZotope RX11 Advanced Windows
6792,正規品 TONEX Metal Gems Collection by IK Multimedia アンプシミュレーター
6793,Roland A-880 MIDIパッチ
6794,【C】Antelope Audio Discrete 4 Synergy Core オーディオインターフェース アンテロープオーディオ 3018992
6795,リズムマシン　BOSS　Dr.Rhythm　DR-660　説明書付き
6796,TEENAGE ENGINEERING ( ティーンエイジ エンジニアリング ) / PO-12 rhythm と PO-20 arcade（セットで）
6797,KORG KR-55 Pro/VOX VFS5 セット　完動品　使用頻度少なめ
6798,【MOTU】モツ 4in 4out USB オーディオインターフェイス Ｍ4【いわき鹿島店】
6799,A746 KORG コルグ リズムマシン　DDD-5 ドラムマシン　DYNAMIC DIGITAL DRUMS 現状
6800,akai mpk mini 1円スタート
6801,正規品 iZotope Nectar 3 Elements AIによる簡単ボーカルミックス
6802,Focusrite フォーカスライト オーディオインターフェース Scarlett 6i6
6803,E-MU Orbit 9090★ダンスミュージック ラック　音源　ビンテージ
6804,Focusrite MOSC0003 Scarlet 2i2 インターフェイス 音響機器 オーディオ 中古 Y9783429
6805,arturia MICROBRUTE マイクロブルート　アナログシンセサイザー　フランス楽器メーカー　アートリア
6806,BOSS ボス/リズムマシン/Dr.Rhythm/DR-55/67
6807,希少!!　動作確認済!!　ZOOM　SampleTrak　サンプラー　ST-224　ACアダプター付き!!
6808,ARTURIA DrumBrute Creation ver.　　ドラムマシーン
6809,Steinberg Cubase Pro14 (国内正規品)
6810,Roland ローランド SoundCanvas SC-88VL 音源モジュール【通電確認のみ】現状渡し
6811,ALESIS Qmini MIDIキーボード
6812,◆YAMAHA ヤマハ YME8 MIDI EXPANDER◆
6813,【美品】 YAMAHA QY70 MUSIC SEQUENCER ヤマハ ミュージックシーケンサー リズムマシン 通電確認済
6814,【動作確認済】【送料無料】AKAI EB16 エフェクトボード MPC2000 S3000XL
6815,Roland ローランド A-33 MIDI Keyboard controller キーボード コントローラー 76鍵 DTM DAW LIVE レコーディング 全鍵 音出しOK 即有り
6816,MOTU M2 オーディオインターフェース
6817,emagic Unitor8 MkII ＆ amt8 2台セット MIDIインターフェイス
6818,behringer U-PHORIA UM2 中古　 オーディオインターフェース
6819,レア サンプリングCD Akai「 Modern Songwriter 」輸入盤
6820,【C】BOSS Dr.Rhythm DR-550MK2 リズムマシン ボス 3034603
6821,【z30843】Steinberg スタインバーグ UR22mkII オーディオインターフェース 箱付き 格安スタート
6822,☆★ ジャンク ★☆ YAMAHA QY70 シーケンサー リズムマシン ヤマハ
6823,【通電確認済】配信機器セット CHANTER BULLET ゲーミングマイク ELECOM ゲーミングヘッドセット TASCAM MiNiSTUDIO CREATER ゲーム配信
6824,綺麗 YAMAHA ヤマハ　WX7　MIDIコントローラー　シンセサイザー 電池ボックス/予備マウスピース付 使用少 送料630円～未チェック品3
6825,Roland ローランド UA-M10(Mobile UA) USB DAC/オーディオインターフェース 中古美品
6826,整備済み アルミ電解コンデンサ全数交換 Roland ローランド SoundCanvas サウンドキャンバス sc-88pro DTM MIDI音源 モジュール
6827,a360 現状品・ジャンク品■RME FIREFACE800 オーディオインターフェイス　送:120
6828,Behringer Spring REVERBERATION 646 ベリンガー　リバーブ　dtm daw モジュラーシンセ　ユーロラック
6829,Roland　UA-25Excw
6830,【 C 】 Y6694 Will Systems MAB-303 音源モジュール 【元箱付き】
6831,NATIVE INSTRUMENTS kontrol 1 オーディオインターフェース
6832,CASIO カシオ VZ-8M 音源モジュール デジタルシンセサイザー VZ SOUND ROM WONDER COLLECTION RC-150 ROM付 通電OK 現状 電源コード無し
6833,売り切り 動作未確認 RME Fireface 800
6834,YAMAHA TX802 ジャンク 送料無料
6835,★ Roland ローランド MPU-101 MIDI CV INTERFACE インターフェイス 通電のみ確認 ジャンク出品 0301OG
6836,[中古] Steinberg UR22mkII DAWやネット放送にも便利な高機能なオーディオインターフェース [NLG43]【神戸店在庫】
6837,iZotope Ozone 11 Advanced Windows
6838,mannequins just friends V2 購入一か月　Doepfer モジュラ　ユーロラック
6839,ZOOM TAC-2R
6840,steinberg スタインバーグ UR22 オーディオインターフェイス 音響機材 中古 S9833791
6841,TONO★ ローランド 音源モジュール SOUND SC-8850
6842,YAMAHA ヤマハ MG16XU アナログミキサー 16チャンネル ※ジャンク《A6142
6843,11◇IK Multimedia　iRig KEYS PRO　37　MIDIキーボード　元箱付き　写真追加あり☆A1
6844,Focusrite Scarlett Solo オーディオインターフェイス オーディオ 音響 機器 中古 F9841480
6845,Roland Duo Capture USB オーディオインターフェース 本体2つ・専用ソフト・取扱説明書のセット 通電確認済み 動作未確認 ジャンク
6846,AKAI EWI 3020 ブレスアウトケーブル
6847,新品同様 SONICWARE LIVEN Lofi-12 アダプター付 ローファイ サンプリング サンプラー
6848,100C463C◆STEINBERG UR24C オーディオインターフェース スタインバーグ 中古 動作OK
6849,Roland LINEAR WAVE SAMPLER SP-404 SX サンプラー ローランド　中古品
6850,ARTURIA KeyStep 37 アイディアジェネレーター機能搭載 キーボード・コントローラー（ブラック）
6851,中古 AKAI professional MIDI MIX (u82871)
6852,【G】YAMAHA Nio500-D16 オーディオインターフェース ヤマハ 3004104
6853,Roland ローランド CM-300 音源モジュール DM-300N 汎用ACアダプター付き
6854,KORG MIDIキーボード microKEY-25
6855,YAMAHA UW500・ヤマハ オーディオ　MIDIインターフェース　ジャンク
6856,KORG KR mini コルグ リズムマシン　美品　送料無料
6857,globe(小室哲哉) MIDI CD-ROM『globe2 from FACES PLACES』PALOALTO SMF DATA COLLECTION PSMFR-003 GS
6858,★ ROLAND ローランド Sound Canvas SC-88Pro 音源モジュール ★音出しok★
6859,ヤマハ リズムマシン 【中古】YAMAHA RX8 デジタルリズムプログラマー 楽器機材 ブラック/71562
6860,YAMAHA AG06 ヤマハ ウェブキャスティングミキサー オーディオインターフェース
6861,【期間限定正規Cubase Pro 14格安導入可】Cubase9Proライセンス入ドングル(eLicenser)最新版アップグレード可
6862,★Akai CD3000XL CD-ROM DRIVE Toshiba XM-5701B SCSI 50 pin★OK! !★Made in JAPAN★
6863,[良品] IK Multimedia iRig 2 アンプ接続用出力端子が追加/自宅でもライブでも使える人気モデル [NLG19]【神戸店在庫】
6864,☆ Roland ローランド R-70 リズムマシーン 現状品 中古 250307S2171
6865,〓AC/229●音楽CD☆WHITELOOP10 HIPHOP Programming☆KAERU CAFE
6866,【 C 】 Y6692 AKAI MPC One+ サンプラー アカイ 【元箱付き】
6867,AKAI MPC2000XL用 ZIP Disk 最終 Ver 1.20
6868,スタインバーグ Steinberg USB3.0 オーディオインターフェイス UR44C
6869,Studio Electronics　STE 16 Dual Digital LFO　 モジュラーシンセ　 ユーロラック　doepfer masf moog make noise
6870,E-MU e6400 サンプラー ※通電のみ ジャンク
6871,1円スタート！ YAMAHA MDF2 MIDIデータファイラー フロッピー
6872,Native Instruments Rig kontrol 3 本体のみ
6873,【ジャンク品】 AKAI EWI-USB USBウインドシンセサイザー ※通電確認済み (管理番号：060112）
6874,TASCAM MiNiSTUDIO CREATOR US-42★タスカム USBオーディオインターフェース★美品
6875,美品 AUDIENT オーディエント iD4mkII オーディオインターフェイス 高音質 定番 JFET入力 国内正規品
6876,【 G 】130 Focusrite Scarlett Solo オーディオインターフェース フォーカスライト
6877,美品 M-AUDIO M-TRACK SOLO オーディオインターフェース エムオーディオ 動作確認済
6878,e306★Roland MT-32 DM-32N-4 ローランド サウンドモジュール★
6879,ジャンク品 M-AUDIO Mオーディオ MIDIキーボード Key Station 88
6880,Solid State Logic SSL2 オーディオインターフェイス 音響機材 中古 W9894327
6881,big fish audio LONDON Orchestral Percussion CD-ROM 4枚セット AKAI S1000フォーマット E-mu E4X 読み込み可
6882,Clavia Nord Rack ノードラック音源モジュール
6883,《ジャンク品》 AKAI MPC4000 アカイ サンプラー
6884,★ROLAND ローランド MC-101 GROOVEBOX★
6885,[ZEROnet]ジャンク　オーディオ機器　MIDI機器　DTM　マルチプロセッサー　ソニー　HR-MP5　通電確認OK　ΣK704-18
6886,AKAI Professional ★ アカイ ★ MIDI パッドコントローラー ★ 16パッド 4フェーダー ★ MPD226
6887,ジャンク KOMPLETE AUDIO2 オーディオインターフェース 574
6888,AKAI ME35T AUDIO MIDI TRIGGER 通電チェックのみ　ジャンク品扱い
6889,1441 KAWAI カワイ Q-55 MIDIシーセンサー 未チェックジャンク
6890,◇KORG nanoKONTROL　BK コルグ MIDIコントローラー◇25-4-M170
6891,【 C 】 Y7043 Roland A-49 MIDIキーボード ローランド 【元箱付き】
6892,K1524/YAMAHAヤマハ PCM音源リズムマシン RX8　ヴィンテージ 通電確認のみ
6893,【 C 】 Y7101 ICON DIGITAL PLATFORM M+ MIDIコントローラー 【元箱付き】
6894,送料無料 モジュラーシンセ ユーロラック M3 ねじ BEFACO 50個入り
6895,【J】YAMAHA WX7 MIDIコントローラー ヤマハ 188721
6896,universal audio apollo x8 neve api ssl
6897,ALM Busy Circuits Quaid Megalslope 美品・完動品
6898,Roland ED / USB MIDI インターフェース / Super MPU64 / UM-4
6899,HAGIWO MOD1 ハード組立済 DIYモジュール　Eurorack モジュラーシンセ　②
6900,ABLETON Liveコントローラー Push 2 　元箱　付属品完備　　　C2668　　100サイズ発送
6901,美品中古 RME Babyface Pro FS
6902,【 G 】 Y7195 YAMAHA MU80 音源モジュール ヤマハ
6903,新品同様 KORG nanoKONTROL2 (コルグ/MIDIコントローラー/DTM/DAW/音楽制作/作曲/編曲/ミックス/USB接続)
6904,elektron Analog Rythm MK I
6905,Roland/ローランド SC-55 MIDI音源モジュール (305 取説付/SOUND Canvas/サウンドキャンバス
6906,M-AUDIO Fast Track Pro オーディオインターフェース
6907,Steinberg MIDEX8 MIDIインターフェース
6908,SC-8850 Roland ローランド MIDI音源 SOUND CANVAS　MIDIケーブル　USBケーブル　電源ケーブル付き
6909,04S65■YAMAHA　音源モジュール　MU50■
6910,49■80/　AKAI CPK25　0415261
6911,【ジャンク】DR-550MKII 　/　Dr.Rhythm ドクターリズム リズムマシン　　DR-550MK2
6912,♪▲【YAMAHA ヤマハ】ミュージックシーケンサー QY100 0415 4
6913,AVID HD-I/O
6914,ジャンク Roland ローランド TR-727 リズムマシン
6915,PRESONUS プレソナス STUDIO26C オーディオインターフェイス 通電確認済★簡易検査品【TB】
6916,25博/B102268-2/SY3000/M051-7/【名古屋】digidesign 192 DIGITAL I/O オーディオインターフェース
6917,Roland MT-32 ローランド サウンドモジュール
6918,【 G 】6531 KORG M1R EX 音源モジュール コルグ
6919,【 G 】 Y7230 Roland AE-7000 AES/EBU インターフェイス ローランド 【元箱付き】
6920,■□Avid HD MADI Pro Tools HDX用 オーディオインターフェース アビッド□■027389012J□■
6921,★ 希少 YAMAHA UW500 ヤマハ オーディオ MIDI インターフェイス ジャンク品 0.8kg
6922,MIDIキーボード　M-AUDIO KeyRig 49　日本語マニュアル(コピー)付き
6923,157-FS66 | M-AUDIO M-TRACK SOLO
6924,送料無料 エリカシンセ ブレード パッチケーブル BLACK 4種 20本セット モジュラーシンセ Erica Synths Braided patch cable
6925,YAMAHA RX8　PA-150
6926,Native Instruments KOMPLETE KONTROL S49 MK2 Black
6927,VOCE　electoric piano
6928,【スタジオ引き上げ品】　TASCAM タスカム MiNiSTUDIO PERSONAL US-32
6929,TASCAM　USー322　★未使用品★
6930,YAMAHA ヤマハ　MIDI DATA FILER　MDF2 データファイラー　通電OK　 現状品
6931,KORG drumlogue
6932,AKAI MPC500 MUSIC PRODUCTION CENTER サンプラー ジャンク T9946750
6933,【Sampling CD】 TIME+SPAE - Creative Essential Vil.20 UPFRONT LEAD GUITAR (Audio-CD + CD-ROM) / 送料無料
6934,TASCAM USB Audio/MIDI Interface US-122L 外箱・一部CD-ROM欠品　USBケーブル汚れあり　通電確認済み　動作未確認　ジャンク
6935,☆送料230円・1円〜☆ Roland ローランド SCP-55 Sonud Canvas GS MIDI PCMCIAカード 2.0 TYPE Ⅱ サウンドカード
6936,極希少　通電確認済　ローランド　Roland　音源モジュール　MT-32
6937,[c25040284]Evolution UC-33 MIDIコントローラー ジャンク
6938,PreSonus AudioBox iTwo Studio USB プレソナス オーディオインターフェース
6939,送料本文 MOTU 全MIDIポートIN/OUT確認 1U ラック マウント USB 8IN8OUT MIDI インターフェース RACK INTERFACE インターフェイス 管理2504
6940,オーディオインターフェース　PreSonus AudioBox iTwo
6941,現状品(通電のみ)■音源モジュール■トーンモジュール TONE GENERATOR■ヤマハ　YAMAHA■TG500■
6942,【Roland USB MIDI Interface UM-ONE MK2 本体 ローランド MIDIインターフェース】
6943,Celemony Melodyne Studio 5 Windows
6944,UNIVERSAL AUDIO APOLLO X8P オーディオインターフェース 音響機器 オーディオ ジャンク F9931660
6945,YAMAHA RX7 リズムマシン ドラムマシン
6946,▼ t.c.electronic M350 ラック型エフェクター 音出し確認済 中古 現状品 250405K2154
6947,04D65■BOSS　Groove DR-202 リズムマシン 取説付属■
6948,【セット】 AKAI APC40 & MASCHINE JAM
6949,1円【ジャンク】EDIROL/オーディオインターフェース/UA-101/62
6950,Tidbit switcher Dopefer モジュラ　ユーロラック
6951,Universal Audio Apollo twin DUO 元箱・純正アダプタ付属、オーディオインターフェース UAD
6952,【ほぼ新品】Chordcat alphatheta グルーヴボックス コードキャット　TORAIZ
6953,Roland 音源モジュール SC-88 SOUND Canvas サウンドキャンバス MIDI音源モジュール ローランド
6954,digidesign 888 I/O / オーディオインターフェース デジデザイン
6955,【 G 】5086 M-AUDIO KEYSTATION49 MK3 MIDIキーボード エムオーディオ 元箱付き
6956,BE0600195　★ ZOOM RT-223 ズーム リズムトラック リズムマシン オーディオ機器 音響機器 通電可 動作未確認 中古 ジャンク
6957,◎AKAI サンプラー S950 LCDディスプレイ視認性良好！ ＊AKAI S950 SAMPLER RAMテストOK メモリ拡張済み！！
6958,IK Multimedia iRig USB ギター/ベース用 モバイル オーディオ インターフェース
6959,TASCAM US-2x2HR オーディオインターフェース 美品 元箱・付属品あり
6960,TRITON-Rack シンセサイザー 音源モジュール KORG コルグ トーンジェネレーター　triton
6961,Steinberg UR12 ジャンク
6962,Doepfer A-185-2v Precision Adder モジュラーシンセ ユーロラック CVミキサー アダー
6963,M-AUDIO M-TRACK SOLO
6964,YAMAHA AG03MK2 ライブストリーミング ミキサー 2024年製 音響機材 中古 Y9980305
6965,【キー新品】Elektron Analog Rytm MKII / MK2
6966,Roland EDIROL SD-90 音源モジュール Studio Canvas 美品 動作確認済み
6967,TIPOP　Audio　の　ユーロラック　モジュラーシンセ　のラックマウントキット　送料込みです。
6968,サンプリングCD Pro Samples Vol.03 Drum & Bass 1 from Drum & Bass 2枚組 国内販売仕様 デジパック仕様 帯付 美品
6969,Roland ローランド A-49-BK MIDIキーボード USBケーブル付き★動作品【TB】
6970,Roland ローランド サンプラー SP-404 中古 (1-4
6971,h2640 □中古□ ROZZ Rhythmie Pocket ビンテージ リズムマシン 現状品
6972,【G】YAMAHA RY30 リズムマシン リズムプログラマー ヤマハ 3012222
6973,■□Avid HD MADI Pro Tools HDX用 オーディオインターフェース アビッド□■027389032J□■
6974,■steinberg■UR22C GN■オーディオインターフェース■美品■送料無料■
6975,ICON DIGITAL / PLATFORM M+ フィジカルコントローラー（1chボタン破損あり・付属品あり）
6976,【 G 】7404 ZOOM　 U-22　オーディオインターフェース　ズーム
6977,M-Audio Evolution UC-33e MIDIコントローラー
6978,AKAI MPC2000 PRODUCTION TOOLS 1 （サンプリングCD）
6979,1円 美品 送料無料 動作品 Steinberg スタインバーグ UR22 オーディオインターフェース 良品
6980,F☆Native Instruments MASCHINE controller MIDIコントローラー ☆現状品☆
6981,【B-2】 Roland SC-88 音源モジュール ローランド SOUND CANVAS 1581-98
6982,4976//digidesign デジデザイン 0751 SYNC インターフェイス 通電確認済み
6983,Roland/FANTOM-XR【通電確認】
6984,Neve モジュール トーンジェネレータ コンデンサ 音響機器 ※現状渡し
6985,YAMAHA UX16 ジャンク
6986,【G】Roland SC-88VL MIDI音源モジュール ローランド 229347
6987,Elektron Analog Rytm MK1 アナログリズム
6988,A420 ★ ESI イーエスアイ PLANET 22X オーディオインターフェース ジャンク品
6989,MOTU V4HD HD FireWire IO オーディオインターフェース ビデオインターフェース 動作未確認 通電確認済み
6990,IK MULTIMEDIA iＲig2 ギター ベース用 オーディオインターフェイス 動作未確認 現状品
6991,AKAI MPC2000XL サンプラー リズムマシン 音響機材 ジャンク T9953195
6992,【 C 】6452 MOTU M2 オーディオインターフェイス モツ
6993,ALESIS アレシス D4 ドラム リズム 音源 16bit 純正電源アダプター付きドラムモジュール モニター保護シート未外す
6994,YAMAHA FB-01 音源モジュール[ヤマハ][FM SOUND GENERATOR]10M
6995,APC KEY25 AKAI PROFESSIONAL 美品 動作確認済み 付属ソフトなし
6996,Roland ローランド リズムマシン TR-505 HJ-250428009
6997,【中古品】格安スタート！元箱付 MIDIコントローラー Ableton エイブルトン PUSH2 ※通電・反応しました。その他、未チェック！
6998,Roland 音源モジュール ローランド　SC-55MK2 本体のみサウンドキャンバス
6999,Roland UA-S10 superUA USB オーディオインターフェイス ローランド　ジャンク
7000,Solid State Logic (SSL) ソリッド・ステート・ロジック/SSL 2 オーディオインターフェース
7001,KORG コルグ micro KEY-37 MIDIキーボード 37鍵 電源ケーブル欠品 動作未確認 現状品
7002,【本体無し】ミュージくん DTM-55MW Roland SOUND Canvas SC-55ST 音源モジュール MIDI 用 CD-ROM 説明書 カタログ ケーブル
7003,新品 KURZWEIL MIDIBOARD（風）スライダーつまみ
7004,YAMAHA ヤマハ AG03 ミキシングコンソール ミキサー marantz マランツ MPM-1000 コンデンサーマイク セット 中古 B10000049
7005,u57342　中古　アカイ　MPC ELEMENT 未使用
7006,pro tools duet by APOGEE オーディオ インターフェイス 音響機材 中古 O9878594
7007,送料本文 AVID M BOX PRO MAC OS 入出力 確認 FIREWIRE オーディオ インターフェース インターフェイス AUDIO INTERFACE 電源付 管理1505
7008,MOTU 828mk2　オーディオインターフェイス
7009,Roland sound canvas sc-88 pro DTM-88PRW 音源モジュール ローランド通電確認済 sc88
7010,YAMAHA MU500 音源モジュール 本体のみ 通電確認済 ヤマハ
7011,Roland ローランド INTEGRA-7 SuperNATURAL Sound Module サウンド・モジュール 音源 シンセサイザー
7012,ローランド　VP-9000 バリフレーズ・プロセッサー　サンプラー
7013,【 J 】1589 Roland A-49 MIDIキーボード ローランド
7014,DrumBrute Impact【音出し確認済みですがジャンク扱い。箱や電源アダプタ―有り】
7015,RME ADI-2 pro オーディオインターフェイス AD DAコンバーター 音響機器 中古 Y10014483
7016,京王技研 Rhythm trainer リズムトレーナー RT-10リズムマシン 電子メトロノーム通電確認済み
7017,RME Babyface Pro FS オーディオインターフェース 箱付き 美品
7018,Roland　ローランド　音源モジュール　XV-5080　本体/拡張メモリ/元箱/取説/ケーブル　現状品　TJ5.042　/06
7019,◆ BOSS DR-880 Dr.Rhythm ◆ ボス ドクターリズム　取説、電源アダプター付属です♪中古品
7020,ROLAND JD-990 ローランド 音源モジュール●G050Y104
7021,♪ Roland ローランド EDIROL SD-90 音源モジュール
7022,MASCHINE MIKRO　Mk2 マシーン　白
7023,ジャンク iCON PLATFORM M コントローラー 通電のみ
7024,【★01-145】■中古■プレソナス PreSonus AudioBox iTwo オーディオインターフェース オーディオインターフェイス （1473）
7025,ROLAND ローランド TR-66 ビンテージ リズムボックス
7026,TASCAM/タスカム US-144MKII USB オーディオ/MIDI インターフェイス【通電確認済】 /060
7027,Roland UA-33 オーディオインターフェース
7028,After Later Audio nRings モジュラーシンセ　ユーロラック　doepfer make noise masf
7029,整備済み アルミ電解コンデンサ全数交換 Roland ローランド SoundCanvas サウンドキャンバス sc-88pro DTM MIDI音源 モジュール
7030,YAMAHA ヤマハ DTXPL DTXPLORER 電子ドラム 音源モジュール 通電・簡易動作確認済み 220525
7031,希少 ROLAND ローランド ヴィンテージ ドラム 音源 リズムマシン ドラム マシーン DRUMS SOUND MODULE R5 音出し 即決33000円 管理2305
7032,ヤマハ YAMAHA RX7 DIGITAL RHYTHM PROGRAMMER デジタルリズムプログラマー
7033,[良品] dbx Quantum Digital Multi-Band Processor フルコントロール＆ステレオ仕様のコンプレッサー [PLH61]【難波店在庫】
7034,【中古】Roland QUAD-CAPTURE UA-55
7035,Roland R8 用音源カードの サウンドチャート表 (カード本体ではありません)
7036,A/4 KAWAI デジタルドラムマシン R-50Ⅲ
7037,A/42 Roland ローランド R-5 リズムマシン
7038,現状品 動作未確認 Native Instruments グルーヴ制作システム MASCHINE MK3 ドラムマシン・サンプラー
7039,MOTU モツ M2 オーディオインターフェイス 音響機器 中古 K10056785
7040,即決 AMDEK PCK-100 日本製 パーカッションシンセ ピュンピュンマシーン (BOSS PC-2
7041,【通電確認済】Novation LAUNCH PAD Ableton MIDIコントローラー ランチパッド NOVLPD01/60サイズ
7042,【簡易動作確認済/美品】Steinberg/スタインバーグ IXO12 W ホワイト USB2.0対応 オーディオインターフェース/60サイズ
7043,RME pc Card (社外品あり)6枚一式
7044,★Roland D-110 MULTI TIMBRAL SOUND MODULE★OK!!★MADE in JAPAN★
7045,送料込み ジャンク YAMAHA ヤマハ シーケンサー リズムマシン RX7
7046,Digidesign ADAT Bridge I/O Pro Tools ADATインターフェース
7047,【簡易動作確認済/美品】Scarlett Solo G3/gen3/第3世代 3 FOCUSRITE フォーカスライトオーディオインターフェイス 配信/楽曲制作/60サイズ
7048,RME Hammerfall DSP Multiface
7049,Roland ローランド SOUND Canvas サウンドキャンパス SC-55 本体のみ 直接引取（東大阪）歓迎
7050,Platane Magic fader モーターフェーダー MIDIコントローラー
7051,動作品！貴重 KORG MINI POPS 35 リズムマシーン レトロ ビンテージ コルグ ミニポップス ビートボックス ys086
7052,Elektron エレクトロン/Digitakt DDS-8 デジタルドラムマシン Elektron サンプラー　名機　 シンセサイザー　MIDIコントローラー
7053,steinberg UR22 オーディオインターフェース ステインバーグ 音響機材 中古 S9989387
7054,自作楽器　サンプラー　光に反応します。　説明書あり。
7055,MOTU UltraLite mk3 USB オーディオインターフェイス
7056,Soundtheory Gullfoss Windows
7057,Roland PMA-5 ポータブルシーケンサー 通電未確認 ジャンク品
7058,iZotope Ozone 11 Advanced Windows
7059,KORG nanoKEY2 WH MIDIキーボード 中古
7060,【 J 】3303 novation mm10-X MIDIキーボード ノベーション
7061,説明書付＊ヤマハ＊YAMAHA TX81Z＊音響機材＊
7062,TASCAM USB2.0 オーディオインターフェース US-122MK2 Ⅱ
7063,プリンストンテクノロジー USB オーディオ キャプチャ ユニット デジ造 音楽版 PCA-ACU USB Audio Capture Cable
7064,Unknown Devices Raiju モジュラーシンセ ユーロラック
7065,095 Steinberg スタインバーグ CI1 USB オーディオインターフェース 本体のみ ※ジャンク
7066,【C】M-AUDIO KEYSTATION88 MK3 MIDIキーボード 3060784
7067,【中古】KORG Drumlogue ハイブリッドドラムマシン
7068,★Roland ローランド SP-404SX サンプラー 中古 現状品 250601A2401
7069,訳アリ ジャンク MOTU M2 オーディオインターフェース USB-DAC iPhone iPad対応
7070,【ト足】 美品 Focusrite Scarlett 2i2 StudioPack フォーカスライト スタジオパック USB オーディオインターフェース CO610CHH4E
7071,M-AUDIO KEYSTATION 88 ほぼ未使用　超美品　 MIDIキーボード　DTM スタインバーグ
7072,AKAI: EWI3030 m
7073,★Roland ローランド JV-2080 エクスパッションボード3枚搭載 通電確認済み 中古品 7/052106h★
7074,Antelope audio Orion Studio Synergy Core /Edge Note Stereo Set 2品セット
7075,PRESONUS プレソナス STUDIO 26c オーディオインターフェイス USBケーブル付き★動作未確認品【TB】
7076,AKAI EWI4000SW アカイ ウインドシンセサイザー 現状品
7077,【美品】Roland ローランド UA-1010 OCTA-CAPTURE オーディオインターフェース
7078,モジュラーシンセ　Doepfer A-190-3 MIDI to CV コンバータモジュール
7079,ALESIS SR-16＜動作確認済み＞ACアダプター欠品 アレシス リズムマシン ドラムマシン DTM SR16 □
7080,【１円スタート】MOTU 896mk3
7081,★AKAI S5000/S6000 AKAI IB-ID2SC SCSI TO IDE BRIDGE ADAPTER HDD 40GB★OK!!★
7082,ROLAND ED　MIDIキーボードコントローラー　PC-70　詳細不明
7083,★美品！Roland ローランド SP-404SX サンプラー ①★
7084,AKAI MPK mini play MIDIキーボード ミニキーボード アカイ
7085,YAMAHA AG03 ウェブキャスティングミキサー オーディオインターフェース
7086,ENSONIQ ASR-X 用　パラアウトカード
7087,【ほぼ未使用・超美品】Universal Audio Apollo twin X Quad Heritage Edition（国内正規品）
7088,[中古品] Roland Sound Canvas DIGITAL SC-D70 [音出し確認済み]
7089,Roland　UA-100　Audio Canvas
7090,CASIO GZ-5 (MIDIキーボード)【☆561478】
7091,Roland ローランド Fantom-XR 音源モジュール ラックシンセ シンセサイザー
7092,希少★Roland ローランド CompuRhythm リズムマシン CR-5000 ヴィンテージ 通電確認のみ
7093,綺麗 YAMAHA ヤマハ　WX7　MIDIコントローラー　シンセサイザー 使用少 送料630円～未チェック品4
7094,TASCAM オーディオインターフェース　US-2×2　ほぼ未使用動作品 美品 DTM DAW
7095,【送料込】中古動作品 YAMAHA 電子ドラム音源 DTX500 ドラムトリガーモジュール ヤマハ
7096,Roland JV-2080 MIDI音源
7097,MASTERBITS MONSTER PACK モンスターパック・サウンド・ライブラリー
7098,【格安スタート】Roland 音源モジュール SC-88 ローランド
7099,AKAIアカイ サンプラーMPC2000
7100,Roland ローランド　SC-88Pro【名機】【GS音源】
7101,【未使用に近い】Elektron Analog Rytm MKII
7102,PRESONUS プレソナス STUDIO 26c オーディオインターフェイス USBケ－ブル付き★動作未確認品【TB】
7103,★BOSS Dr.Rhythm Section DR-5 ドクター・リズム・セクション ボス・リズムマシン ジャンク
7104,【B-3】 E-mu PRO/CUSSION 音源モジュール 通電確認済み 動作未確認 1875-23
7105,ZOOM TAC-8 オーディオインターフェース 音響機器 中古 T10103689
7106,Roland ローランド SC-88 Pro 音源モジュール★簡易検査品【TB】
7107,ROLAND Rhythm TR-330 アナログリズムボックス ローランド
7108,KORG 01R/W 01r w 01
7109,TASCAM US-144MK Ⅱ インター フェイス TEAC 音楽機器 PA機器
7110,正規品 Addictive drums 2 Studio Rock DTM
7111,☆【1H0602-3】 YAMAHA ヤマハ デジタルリズムプログラマー RX7 リズムマシン ジャンク
7112,【必見】 Roland CR-1000 BOSS MA-15A リズムマシン デジタルドラマー マイクロモニター モニタースピーカー
7113,1円スタート YAMAHA ヤマハ EW20 ウィンドシンセサイザー 電子楽器 デジタル管楽器 デジタル楽器 ELECTRONIC WOODWIND 1円~
7114,PRESONUS プレソナス STUDIO 26c オーディオインターフェイス USBケ－ブル付き★動作未確認品【TB】
7115,Roland Sound Canvas SC-88 Pro サウンドキャンバス ローランド 通電のみ確認【20
7116,M-AUDIO ProFire 2626 オーディオインターフェイス 音響機材
7117,BEHRINGER RD-9 リズムマシン アナログドラムマシン　/ベリンガー/TR909
7118,KORG volca drum ドラムマシン コルグ 25F 北TO2
7119,PRESONUS プレソナス STUDIO 26c オーディオインターフェイス USBケ－ブル付き★動作未確認品【TB】
7120,FOCUSRITE ( フォーカスライト ) Scarlett Solo オーディオインターフェイス
7121,AKAI アカイ PROFESSIONAL MPD226 MIDI パッドコントローラー 付属品有り ◆ST6/36◆
7122,YAMAHA ヤマハ リズムマシン RX5 シーケンサー ドラムマシン
7123,HAMMOND ACE TONE RHYTHM PRODUCER (日本ハモンド) リズムマシン 現状品 #UD3911
7124,★美品★Steinberg UR22C USBオーディオインターフェース★スタインバーグ
7125,◇YAMAHA MU80 音源モジュール　ノーチェック　ジャンク◇
7126,☆動作未確認☆KORG ELECTRIBE ES-1 コルグ エレクトライブ サンプラー リズムマシン☆部品取り☆ジャンク品☆
7127,expert sleepers ES-9 + TMB モジュラーシンセ オーディオインターフェース 25F 北TO2
7128,ANIMEX SCRAMBLE3 アニメックススクランブル3 '93～'97アニメテーマ曲集 smf midi data ミディ データ
7129,BF0605561　▼ UNIZON ユニゾン リズムマシーン RHYTHM LEADER8 ビートボックス 木製 音楽機器 家庭用 オーディオ機器 現状品 中古品
7130,iZotope Ozone 11 Advanced Windows
7131,★steinberg スタインバーグ UR22 オーディオインターフェース　USB AUDIO INTERFACE 24bit 192kHz D-PRE
7132,YAMAHA UW500 オーディオインターフェース＋ TASCAM US-144MK Ⅱ 2点セット 動作未確認 現状品
7133,6-446♀Rhythm trainer/リズムトレーナー リズムマシン 電子メトロノーム RT-10♀
7134,RME FIREFACE 800 ジャンク品
7135,【レアFM音源モジュール】YAMAHA FS1R 【完動品】
7136,未開封 KORG リズムボックス KR mini RHYTHM DTM リズムマシン リズムマシーン 楽器 器材 コルグ
7137,△中古品 ALAESIS QX25 アレシス MIDIコントローラー 同梱不可 1円スタート
7138,1円～ 通電確認済★KORG コルグ ELECTRIBE EM-1 エレクトライブ シーケンサー リズムマシン
7139,モーツァルト・アレンジで聴く 小室哲哉 作品集 vol.1 MIDI DATA SMF MIDIデータ FD Mozart Played T.Komuro Vol.1
7140,Cubase ELEMENTS パッケージ版 ダウンロードコード付属 バージョン不明 mac＆windows DTM DAW steinberg【未開封】
7141,★AKAI アカイ Professional MPC Live II サンプラー★
7142,4点セット　iZotope Ozone11 Advanced RX11 Advanced Nectar 4 Advanced Neutron 5
7143,【B-2】 Kawai R-50e リズムマシン カワイ 通電確認済み 出音可 4043-122
7144,Roland JV-2080＜動作確認済み＞エクスパンションボード8枚搭載 ※電源コード欠品 ローランド 音源モジュール SR-JV80 ※引取り可 □
7145,★E-MU Proteus Orchestra/Virtuoso/XTREME LEAD/MO’Phatt/B-3/PLANET Earth/Orbit-3/XL-1 Turbo/TURBO PHATT/MP-7 KNOB 黒★
7146,BEHRINGER RD-6 リズムマシン　電源アダプタ付き
7147,Oeksound SPIFF Windows
7148,【送料無料】パッチケーブル 3種 12本セット FOUNDSOUND BEFACO moddict モジュラーシンセ ユーロラック patch cable ケーブル
7149,AKAI MPK mini MIDIキーボード ミニキーボード 動作確認済 ◇080047
7150,C0704-11Y/ Roland EDIROL(USB Audio/MIDI Interface) UA-25 オーディオインターフェース
7151,AkaiプロフェッショナルスタンドアロンMIDIキーボード　収納ケース
7152,ROLAND SP-404 MK II サンプラー　名機　ドラムマシン　シーケンサー　 ローランド　ビートクメイク　リズムマシン　エフェクター
7153,iZotope VocalSynth 2 Windows
7154,monome norns shield 2022年改良型　モジュラー　シンセ
7155,Yamaha MU2000 音源モジュール 【動作確認済み】
7156,⑲445◆RME◆オーディオインターフェイス Babyface ドイツ製 本体のみ 現状渡し
7157,出音・程度良好！ROLAND XV-5080音源モジュール
7158,proteus 2 XR 9013 e-mu systems 音源モジュール 通電確認済 proteus/2 通電のみ確認済
7159,NEUTRAL LABS ELMYRA2（ユーロラック Eurorack Doepfer）
7160,steinberg UR22 オーディオインターフェイス 音響機器 中古 Y10174501
7161,EVOLUTION U−CONTROL UC−33 USB対応 MIDIコントローラー 音楽機材 Y1760
7162,■□Avid HD MADI Pro Tools HDX用 オーディオインターフェース アビッド□■027389056□■
7163,【ジャンク品】Roland　音源モジュール　SC-88Pro　Sound Canvas　器材　ローランド（13325070511134RT）
7164,【 C 】129 M-AUDIO air 192/6 オーディオインターフェース エムオーディオ 3070166
7165,Artiphon INSTRUMENT 1
7166,新品 YAMAHA ヤマハ TG33 トーンジェネレーター 音源モジュール 検 TG300 TG77 TG55
7167,Synthesizer V ボイスバンク【花響琴】 正規ダウンロード版【中古】アクティベーション解除済み・使用可能確認済み
7168,【未使用】BEHRINGER/ベリンガー UCA202 U-CONTROL オーディオインターフェース /000
7169,YAMAHA ZG01 USB オーディオインターフェイス ミキサー ヤマハ 中古 O10215454
7170,YAMAHA USB MIDIインターフェース UX-16 ヤマハ
7171,【 B 】134 Roland Rubix22 USBオーディオインターフェース ローランド 3070876
7172,MOTU ( モツ ) MIDI Express 128 MIDIインターフェイス 中古美品
7173,送料無料 Steinberg/スタンバーグ UR22mk2 USBオーディオインターフェース 説明書＆Tool for UR22mkⅡソフト付属 / USB AUDIO INTERFACE
7174,【G】Roland SC-8850 音源モジュール ローランド 3093601
7175,TRITON taktile−25 25鍵の MIDIキーボードでTRITON音源を持つシンセサイザー　中古
7176,Roland ローランド MT-300S スピーカー内蔵ミュージック・プレーヤー 現状品 通電確認のみ 本体のみ
7177,KORG AG-10 コルグ MIDI音源モジュール 本体・ACアダプターのみ 中古 現状品
7178,レア！YAMAHA TX-7 バックライト付きLCD
7179,【ジャンク】 AKAI アカイ ウインドシンセサイザー EWI3020 EWI3020m 音源モジュール シンセサイザー コントローラー
7180,717-07 ZOOM Sample Trak ST-224 サンプラー ACアダプター 説明書
7181,正規品 ギター音源 UJAM Virtual Guitarist Sparkle2
7182,【G】AKAI MPC2500 サンプラー アカイ 3072548
7183,日本コンダクター? 詩吟　自動コンダクターミニ M705435
7184,Avid Technology(旧Digidesign)製 Digi002 Factory オーディオインターフェイス ProTools 中古 T10144121
7185,【美品】Modal Electronics Cobalt 8M / 音源モジュール / シンセサイザー
7186,★ MOTU モツ オーディオインターフェイス 896mk3 ★
7187,★ヤマハ　YAMAHA　TX81Z　音源モジュール 【動作確認済】
7188,YAMAHA MU2000 TONE GENERATOR★ヤマハ MIDI音源モジュール★希少な最上級モデル★動作確認済み
7189,HAGIWO MOD2 ハード組立済 DIYドラム音源モジュール　Eurorack モジュラーシンセ　③
7190,YAMAHA RY10 RHYTHM PROGRAMMER ヤマハ リズムプログラマー 電源のみOK ※動作未確認品 状態説明あり★ジャンク品【福岡】
7191,【C】KOMPLETE KONTROL S61 MK2 MIDIキーボード コントローラー 元箱付属 3092492
7192,SONY リニアPCMレコーダー PCM-D50　名機　稼働確認済 　未使用リモコン付き
7193,digidesign デジデザイン MH040 SYNC I/O シンクロナイザー オーディオインターフェース HD対応 スタジオ機材 PA機器★動作未確認品【TB】
7194,AN25-07 ジャンク扱い ファイル STANDARD MIDI FILES SMF Roland The Data Beatles Volume 2 データ ビートルズ RJS-4005JW 動作未確認
7195,【G】MOTU Ultra Lite mk3 オーディオインターフェイス モツ 190650
7196,64♪SOUND DEVICES　USB Pre　サウンドデバイス　オーディオインターフェース　動作未確認　写真追加有り
7197,YAMAHA PLG150-DR プラグインボード 現状品
7198,YAMAHA ヤマハ リズムマシン RX5 ドラムマシン シーケンサー
7199,Roland UA-55 Quad-Capture ローランド オーディオインターフェース
7200,【2025/2/5購入品】Roland ローランド AIRACOMPACTビートマシン T-8
7201,【良品】YAMAHA Steinberg UR28M オーディオインターフェース ACアダプター付 動作確認済
7202,PRESONUS プレソナス STUDIO 26c オーディオインタフェース USB-C接続 MIDI対応 USB録音機器 USB-Cコード付き★動作未確認品【TB】
7203,【オススメ】 ☆ EDIROL by Roland UA-4FX USBオーディオインターフェイス 本体のみ ☆ エディロール／ローランド
7204,管理番号Eb3474【中古】USB MIDI インターフェース10個セット JUNK ① YAMAHA UX-16 (×6個) ② EDIROL UM-1 EX (×4個) ジャンク 現状渡し
7205,KORG AG-10 ACアダプタ付属
7206,【 J 】 Y9793 AKAI MPK mini MK3 MIDIキーボード アカイ 3062453
7207,AIS-250723-38 Roland ローランド S-330 DIGITAL SAMPLER デジタルサンプラー 通電確認済み
7208,1円スタート 美品! Roland ローランド XV-5080 音源モジュール 1円~
7209,★★★1979年発売◆歴史的名器◆ROLAND BOSS DR-55 DR55 Drum Machine リズムマシン◆オーバーホール＆レストア済◆多数追加写真
7210,Apogee Rosetta 800 192K AD/DAコンバーター プロユース オーディオインターフェイス 音響機材 中古 S10251177
7211,【中古】DENON DA-300USB　2016年製造
7212,digidesign デジデザイン MH040 SYNC I/O シンクロナイザー オーディオインターフェース HD対応 スタジオ機材 PA機器★動作未確認品【TB】
7213,PRESONUS プレソナス STUDIO 26C オーディオインタフェース USB-C接続 MIDI対応 USB録音機器 USBコード★動作未確認品【TB】
7214,ROLAND S-750 DIGITAL SAMPLER デジタルサンプラー 中古
7215,YAMAHA　AG03
7216,【 C 】1734 novation LAUNCHPAD MINI MIDIコントローラー ノベーション 3085536
7217,1000円スタート 音源モジュール YAMAHA ヤマハ TONE GENERATOR トーンジェネレーター MODEL MU128 通電確認済み/動作未確認 FHZ0422
7218,◆◇2041 KORG microKEY MICROKEY2-37 通電〇◇◆
7219,Roland MIDIキーボード A-49
7220,Roland MIDIインターフェース Super MPU S-MPU-FMT ローランド【10
7221,YAMAHA TG77用 高輝度ブルー LEDバックライト液晶ディスプレイ
7222,【ST79272】１円～ AUDIENT オーディエント iD14 Audio Interface オーディオインターフェース 機材 趣味 ホビー ※通電確認済/動作未確認
7223,Steinberg UR22 本体・USBのみ オーディオインターフェイス
7224,MPC5000AKAI サンプラー
7225,KORG USB MIDIコントローラー　 NANOPAD2
7226,【Yamaha MU50】ヤマハ 音源モジュール Motif ミューシリーズ エムユーシリーズ　ⅰ
7227,【C】NOVATION Launchkey 49 MIDIキーボード ノベーション 3107275
7228,☆ジャンク品 【500円】 大特価品 ！ 外観良！ ☆ Native Instruments ネイティブ・インストゥルメンツ AUDIO 8 DJ ☆
7229,【 J 】1025 Roand MC-909 サンプラー ローランド 042790
7230,roland ua-25 ex ローランド Edirol UA-25EX Cakewalk USB オーディオキャプチャー インターフェイス 本体のみ 送料無料 ☆
7231,Roland SOUND CANVAS SC-55MK2 MIDI　音源　レトロ　ローランド　シンセサイザー　synthesizer　５ピン　SC55MKⅡ　ゲーム音楽
7232,Creative Sound BlasterX G6 ポータブル ハイレゾ対応 ゲーミング USB DAC PC PS4 Switch SBX-G6 ブラック
7233,【美品/通電確認済】Roland A-49-WH MIDI Keyboard Controller MIDIキーボード シンセサイザー A-49 元箱付き/140サイズ
7234,【 G 】1194 RANE SL4 オーディオインターフェイス レーン 3097221
7235,Apogee Symphony I/O Thunderbolt Chassis 32×32 オーディオインターフェース アポロジー 音響機材 中古 W10266615
7236,極上品の新古品 ZOOM Live Trak L-12 オーディオインターフェース
7237,★☆DASIO DG-20 徹底解析記事 D☆★
7238,Roland ローランド　EDIROL PCR-1 Keyboard MIDIキーボード
7239,YAMAHA RX17 動作チェック済み
7240,中古 ◆ E-MU PROTEUS ◆ イーミュー プロテウス 取扱説明書 ♪ 取説 取り扱い説明書
7241,★YAMAHA A4000 VALUE/DATA KNOB★
7242,Avid Pro Tools S3 / 9100-65452 / ACアダプタ欠品のため動作未確認、ジャンク
7243,YAMAHA MIDIキーボード CBX-K1　通電確認　ジャンク品
7244,PRIMARY GREEN / MARIMBA ENSEMBLE KACA0189 中古CD KAERU CAFE accordion marimba violin アコーディオン マリンバ ヴァイオリン
7245,Roland SC-88 整備済品
7246,digidesign 003 Rack
7247,珍★ レア・AKAI ME100・MIDI Delay・MIDIディレイ・MIDIノートにディレイをかけられる・ビンテージ・1986・ジャンク・即決！
7248,中古 Roland UA-22 DUO-CAPTURE EX オーディオインターフェイス USB インターフェイス
7249,YAMAHA ヤマハ EMR1用リモコン ディスククラビアコントロールユニット/アンサンブルミュージックレコーダー
7250,// AudioEase SpeakerPhone v2 ライセンス譲渡、iLokトランスファー無料 //
7251,ジャンク IK Multimedia インターフェイス iRig HD2
7252,Roland ローランド U-110 音源モジュール シンセサイザー サウンド ライブラリー PCM SOUND MODULE
7253,Roland ローランド USB MIDI インターフェース UM-4 未確認 現状品 ジャンク
7254,【2枚組CD】trf『Preset Sound』(Avex Trax/AVCD-11260~1/サンプリング/音ネタ/tetsuya komuro rave factory/小室哲哉)
7255,■E-MU 音源モジュール VINTAGE KEYS Model 9045 Ver.1.02 1990年代 CAMEO取扱
7256,Roland SR-JV80-11 Techno Collection 電解コンデンサー交換済 動作品
7257,美品　動作確認済み　Oberheim Matrix-1000 OS1.20アップグレード済 アナログシンセ　シンセサイザー　オーバーハイム
7258,Roland A-500S MIDIキーボード 49鍵盤 A500S ローランド
7259,M-AUDIO KEYSTATION MINI32 MK3 32鍵 キーボード MIDIキーボード MIDI コントローラー 通電OK 札幌市手稲区
7260,YAMAHA ヤマハ EMR1 XG GM音源内蔵 アンサンブルミュージックレコーダー フロッピーディスク
7261,SONICWARE LIVEN 8bit warps #UD3542
7262,DigiDesign 002 デジデザイン オーディオインターフェース ※通電のみ確認
7263,Duo Mic Preamp M AUDIO マイクプリアンプ
7264,Xaoc Devices Zagrzeb 美品　ほぼ未使用 ユーロラック
7265,ジャンク KOMPLETE KONTROL M32 Native Instruments
7266,【J】 behringer ADA8200 オーディオインターフェース ベリンガー 094991
7267,★ROLAND SC-8850 ED SOUND CANVAS★OK!!★MADE in JAPAN★
7268,ARTURIA Keylab 49 mk2 MIDIキーボード
7269,behringer 【ベリンガー】
7270,"デジタルRGB からVGAモニタに接続する変換ケーブル！8p DIN to D-Sub15ピン(メス3列) / Roland S50,S330,S550,S750,S760 & S770 / 15khz用"
7271,02S35■Solid State Logic2　オーディオインターフェース　SSL2　元箱付き■
7272,AVID HD/IO 16x16 Analog オーディオインターフェイス 送料無料 動作良好
7273,BOSS ボス DR-770 リズムマシン　ジャンク
7274,YAMAHA　G10C　MIDI　音源モジュール
7275,ベリンガー 2入力2出力 USBオーディオインターフェース ブラック 1-Channel UM2 U-PHORIA
7276,【 C 】1912 YAMAHA QY700 シーケンサー ヤマハ
7277,YAMAHA ヤマハ QY10 ミュージックシーケンサー Sequencer
7278,YAMAHA ヤマハ ミュージックシーケンサー QY20 ジャンク
7279,TASCAM US-16×08 タスカム　オーディオインターフェース
7280,Zoom RT-223 リズムマシン ドラムマシン ズーム 現状品 ジャンク品 元箱　ACアダプターつき
7281,【格安スタート】MOTU オーディオインターフェース 896MK3 モツ
7282,【中古】 オーディオインターフェース MOTU UltraLitemk3 Hybrid FireWire/USBオーディオインターフェース
7283,KAWAI Q80 MIDI SEQUENCER 2台　 (ALESIS MMT8) ガイド　クリック　メトロノーム
7284,Roland ローランド オーディオインターフェース UA-55 QUAD-CAPTURE 音響機材 オーディオ機器 オーディオインターフェイス USB ジャンク
7285,正規品 W.A.Production Vocal Limiter ボーカル専用のリミッター・プラグイン
7286,【G】Blackstar POLAR 2 オーディオインターフェース ブラックスター
7287,MIDIキーボード カシオ GZ-5
7288,RME FIREFACE UFX コントローラー付き
7289,ローランド　jv-2080
7290,MOTU モツ M2 オーディオインターフェイス 音響機材 オーディオ 中古 H9641032
7291,ROLI Seaboard Block 【難有り・現状品】
7292,Roland ローランド SonicCell ソニックセル 音源モジュール 音響機器 中古現状品(ゆ)
7293,心揺さぶるロックなギター音源 正規品 UJAM Virtual Guitarist Iron 2 DTM
7294,Steinberg UR22 オーディオインターフェース スタインバーグ 24bit USB ASIO マイク入力 配信 MIDI WINDOWS11対応 ファントム電源 DI DTM
7295,AKAI EIE pro Professional USB オーディオインターフェース
7296,程度良好！AKAI Professional MPK mini Play MK3 /スピーカー内蔵 ミニキーボードと単3アルカリ電池（中古品、通電ok） MIDI アカイ
7297,Keystation 49 MK3 MIDIキーボード
7298,Computer Music サンプリングCD 12枚セット　レア物
7299,Roland ローランド ゲーミングミキサー BRIDGE CAST 元箱付き ★ 71522-1
7300,Roland ローランド オーディオインターフェイス DUO-CAPTURE EX UA-22 動作未確認
7301,XAOC Devices Belgrad 美品　ほぼ未使用
7302,220 digidesign XMON オーディオインターフェース
7303,【美品/完動品】Apollo Twin X Duo オーディオ インターフェース
7304,EDIROL エディロール オーディオインターフェース FA-66 FireWire Roland ローランド
7305,■□ROLAND Rhythm TR-330 リズムボックス ローランド□■027884006□■
7306,AKAI アカイ Professional MPC STUDIO 美品 動作確認済 管理番号9634
7307,redsound soundbite xl
7308,Pip Slope mk II - ALM Busy モジュラーシンセ ユーロラック
7309,【通電確認済み】YAMAHA TG77 音源モジュール FM音源+PCM ビンテージ 80年代　ジャンク
7310,Roland ED SC-D70 音源モジュール SOUND Canvas サウンドキャンバス ローランド オーディオ機器
7311,Roland SOUND CANVAS SC-55mkⅡ ローランド サウンドキャンバス 音源モジュール★簡易検査品
7312,★AKAI MPC2000XL/S5000/S6000/CD3000XL other Floppy Disk TEAC FD-235HF 8549 U5★OK!!★MADE in JAPAN★
7313,【ヤフオク】TASCAM US-2x2HR #1【No.1478】
7314,【簡易動作確認済】Roland/EDIROL USBオーディオ インターフェース UA-25EX 24bit/96kHz対応 配信/ストリーミング/宅録/60サイズ
7315,【1円スタート！現状お渡し品】Steinberg UR44 オーディオインターフェース
7316,Celemony Melodyne Studio 5 v5.4.2 Windows
7317,☆G334■M-AUDIO M-TRACK DUO USBオーディオインターフェース エムオーディオ　アダプター欠
7318,KOMPLETE KONTROL S61 MK2 MIDIキーボード
7319,ジャンク AKAI Z8 サンプラー
7320,ENSONIQ SQ Rplus ジャンク扱い　説明書、電源ケーブル付き
7321,Roland ローランド SOUND Canvas サウンドキャンバス MIDI SOUND GENERATOR SC-55 MIDI音源モジュール
7322,IK Multimedia iRig PRO I/O
7323,E-MU SYSTEMS ESI Sampler SCSI Board
7324,IK Multimedia iRig BlueBoard
7325,★AKAI S3000XL other NI05-05-5 NICHIA (L6036C5030)★INVERTER★OK!!★MADE in JAPAN★
7326,正規品Waves IDX Intelligent Dynamics DTM
7327,Make Noise MATHS 2013 (Silver)(Analog Computer)/ユーロラック・モジュラーシンセ
7328,★ローランド　USB オーディオインターフェース?　UA-M10　通電可　ジャンク
7329,[良品] MOTU 4Pre パーソナルスタジオインターフェイス [NL864]【神戸店在庫】
7330,京王技研 KORG コルグ MINI POPS 7 ミニポップス リズムマシン 通電確認のみ 楽器 音楽 現状品
7331,ジャンク KAWAI カワイ MIDIシーケンサー Q-80 2台！
7332,通電OK ジャンク YAMAHA ヤマハ シーケンサー リズムマシン QR10!
7333,正規品 メロトロン音源 GForce M-Tron Select DTM
7334,通電OK ジャンク YAMAHA ヤマハ MIDIキーボード CBX-K1!
7335,YAMAHA ヤマハ QY-300 シーケンサー MUSIC SEQUENCER FDD完動品　　　　外観に難あり
7336,ジャンク品【AKAI 】アカイ Professional MIDIコントローラ MPK225 動作未確認【いわき鹿島店】
7337,a901）ALESIS アレシス DM5 ドラム リズム 電源アダプター付き 音源モジュール 現状品
7338,正規品 定番ピアノ音源 XLN Audio Addictive Keys Studio Grand DTM ボカロ tiktok
7339,Roland ローランド SC-88VL 音源サウンドモジュール 音響機材 中古 S9793311
7340,Nektar PACER MIDIフットコントローラー 中古
7341,★極上美品★ Steinberg スタインバーグ UR22C オーディオインターフェース USB3.0
7342,K052-X6-623 YAMAHA ヤマハ VL70-M トーンジェネレーター音源モジュール 音響機材 現状品①
7343,Focusrite フォーカスライト Scarlett Solo Studio オーディオインターフェース 現状品 中古
7344,steinberg USBオーディオインターフェース UR22mkⅡ 通電確認 済み
7345,【中古・生産終了品】Mutable Instruments / Warps　2つの信号を様々な機能でモジュレーションする高品質サウンド・メタ・モジュレーター
7346,正規品 Native Instruments Ignition Keys Pops EDM HipHop向けキーボード音源
7347,108 AKAI professional アカイ MIDIキーボード LPK25 キーボード 25鍵 ミニ鍵盤 MIDIコントローラー 音響機器 通電未確認 現状品
7348,Roland SRX-04 Wave Expansion Boards Symphonique Strings
7349,BEHRINGER Pro〜1
7350,Teenage engineering PO-12 ポケットオペレーター ドラムマシン
7351,YAMAHA ヤマハ TX802 音源モジュール★簡易検査品
7352,【USED】1円スタート ≪ EDIROL UM-880 ≫ 動作未確認 通電未確認 電源ケーブルなし 箱なし MIDI 取扱説明書付 CD-ROM付 JUNK ジャンク
7353,送料無料 Scarlett 16i16 4gen Focusrite オーディオインターフェイス
7354,ENDORPHIN.ES AUTOPILOT 1U 2個セット　Intellijel 1U専用　ほぼ未使用
7355,ZOOM RhythmTrak RT-323・リズムマシーン・音出し確認済・本体のみ
7356,Qu-bit Electronix Data Bender ユーロラック モジュラーシンセ
7357,激レア 廃盤 サンプリング CD 3枚組「 LOST IN LOOPS 」輸入盤 サンプリング素材 ダンスフロア・ネタ テクノ ドラムンベース
7358,YAMAHA SEQTRAK 中古美品！
7359,Roland ローランド MIDI 音源モジュール SOUNDCanvas SC-88VL 直接お渡し歓迎 ANK658577小
7360,【送料無料】Roland E-4【美品】
7361,★Roland/ローランド MIDIキーボード コントローラー A-49-BK/49鍵/ブラック/シンセ鍵盤搭載/動作品&1943800061
7362,【簡易動作確認済/美品】Roland QUAD-CAPTURE UA-55 オーディオインターフェース 配信/ストリーミング/楽曲制作/宅録/60サイズ
7363,AKAI professional S6000 MIDI STEREO DIGITAL SAMPLER アカイ デジタルサンプラー ステレオ 通電 希少 音響機器 オーディオ 当時物 1円〜
7364,【１円オークション】USB オーディオ インターフェイス ミニ 2チャンネル レコーディング ストリーミング XLR/48V ファンタム電源 BAS1036
7365,Avid digidesign COMMAND8 DAWコントローラー フィジカルコントローラ フィジコン★動作未確認品
7366,【美品】ALESIS QX61 [MIDIキーボード]
7367,3/22★引取限定 大阪市 YAMAHA CBX-K3★ヤマハ MIDIキーボード 10台まとめ売り 49鍵盤【中古/現状品/動作未確認ジャンク】
7368,『未使用品』KORG コルグ MIDIキーボード microKEY2-61Air
7369,オーディオインターフェース 980円スタート均一 Steinberg スタインバーグ UR22C レッド&ブラック 限定カラー 動作確認済 配信 楽曲制作に
7370,u56753　中古　MOTU ( モツ ) 　M2 オーディオインターフェース
7371,YAMAHA ヤマハ PCMCIA TypeII カード XG音源 PCC10XG 動作未確認 返品可 MU10同等 MU128 MU1000
7372,【新品】AlphaTheta Chordcat グルーブボックス TORAIZ
7373,◆◆◆ EDIROL Roland UM-2 MIDI インターフェイス ◆◆◆
7374,YAMAHA TX81Z
7375,【z30857】Focusrite フォーカスライト scarlett 2i2 オーディオインターフェイス 通電確認済み 格安スタート
7376,【 G 】6085 AKAI MPD218 MIDIコントローラー　パッドコントローラー　アカイ　元箱付き
7377,ジャンク「E-MU PROTEUS 2000」
7378,RME アールエムイー Babyface Snow Edition オーディオインターフェイス 音響機材 中古 M9840411
7379,LINE6 SONIC PORT VX
7380,【 G 】2836 QU-BIT Electronix Data Bender モジュラーシンセ 元箱付き
7381,【美品】KORG ( コルグ )nanoKONTROL Studio MIDIコントローラー　MIDI周辺機器　DTM DAW
7382,[f25030147]ローランド 49鍵盤 本体のみ Roland PC-200 MKⅡ MIDI KEYBOARD CONTROLLER 電源コードなし イタリア製 【中古美品】
7383,E-mu Emax SE ステッカー シール　残１セット
7384,YAMAHA QY700 ミュージックシーケンサー リズムマシン ヤマハ オーディオ機器 音楽 DTM 120サイズ発送 p-3555684-346-mrrz
7385,Blackstar POLAR 2 ブラックスター USB オーディオインターフェイス
7386,【中古】【禁煙保管】Roland ローランド コンパクトサンプラー SP-404SX 【送料無料】
7387,正規品 定番ピアノ音源 XLN Audio Addictive Keys Studio Grand DTM ボカロ tiktok
7388,【中古・未メンテ品】Novation Launchkey Mini MK3 MIDIキーボード コントローラー 【通電のみ確認済】.
7389,★Roland EXPANSION BOARD SR-JV80-99 POP MADE IN JAPAN★
7390,Alesis NanoPiano 動作チェック済み
7391,steinberg UR12 USB オーディオ インターフェイス 中古 T9868785
7392,yw250401-005A7 MOTU AudioExpress 通電確認のみ オーディオインターフェース 楽器 器材 音楽
7393,STUDIO ELECTRONICS MIDI MINI 簡易チェック済み　中古品
7394,SD-90 Roland ローランド　サウンドキャンバス
7395,☆【1K0321-67】 KAWAI カワイ 音源モジュール K1r 12V ジャンク
7396,中古 ★ 　Focusrite Scarlett オーディオインターフェース 2i2 3rd Gen マイク付きフォーカスライト
7397,★AKAI MPC2000/MPC2000XL/S5000/S6000/CD3000XL other TEAC FD-235HF A549 U5 FLOPPY DRIVE★OK!!★MADE in JAPAN★
7398,Roland SN-R8-01 Contemporary Percussion
7399,【 G 】2988 DigiGrid DLS オーディオインターフェース デジグリッド 本体のみ
7400,YAMAHA ヤマハ MIDI音源 MIDI DATA FILER MIDI データファイラー MDF2 アダブター PA-1 通電確認済　やや汚れあり60サイズ
7401,YAMAHA ヤマハ MIDI 音源モジュール MU80 ジャンク
7402,[ZEROnet]ジャンク扱い　DTM　音源モジュール　AKAI/赤井　GM音源　SG01k　通電確認のみ　ΣK704-12
7403,★ジャンク品★リズムマシン DR-5 BOSS
7404,Universal Audio UAD-2 Satellite Thunderbolt QUAD CORE (UA201907) 、ネイティブ版バンドルをお持ちの方もDSPにてCPU負荷なく動作※一部
7405,digidesign モニターインターフェース XMON 通電のみ確認
7406,訳あり品 360Systems MIDI BASS MIDI音源 ベース音源
7407,♪▲【Novation】MIDIコントローラー ReMOTE ZeRO SL 0404 4
7408,MOTU　828FW　オーディオインターフェイス　音響機材　モツ　ジャンク　38
7409,■【極美品】Rhythm Ace リズムエース リズムボックス FR-8L
7410,irig 2 動作確認済
7411,AMDEK アムデック リズムマシン　RMK-100 本体のみ　現状品
7412,T.C.Electronic　　Konnekt Live
7413,TASCAM　US-322
7414,【ジャンク】[中古] YAMAHA RY9 多彩なパターンとサウンドが満載のバッキングマシン [OL401]【神戸店在庫】
7415,MOTU 896HD モツ オーディオインターフェース ※通電のみ
7416,⑨ BOOMERANG phrase sampler サンプラー 現状品 動作未確認
7417,AVID 9100-65337-XX HD Native Thunderbolt オーディオインターフェース★ジャンク品【TB】
7418,Steinberg UR22【 オーディオインターフェース】動作確認済
7419,KORG MIDIキーボード microKEY-25
7420,送料込み 中古 Roland PCM 、SOUND CARD他 ジャンク品
7421,【 G 】221 MOTU ULTRALITE オーディオインターフェイス モツ 本体のみ
7422,★Roland VS8F-2 Effect Expansion Board★OK!!★MADE in JAPAN★
7423,Steinberg UR12 USB2.0 24bit/192kHz 通電のみ確認 ジャンク品
7424,UAD-2 Satellite Thunderbolt 2 QUAD CORE / 送料無料 TB2 to TB3 への変換アダプター＆ケーブル付き 完動美品です UNIVERSAL AUDIO
7425,steinberg UR12 USB オーディオ インターフェイス 250403SK250543
7426,【 G 】293 YAMAHA MOTIF-RACK PA-300 音源モジュール ヤマハ 本体のみ
7427,【 G 】296 YAMAHA SU700 サンプラー ヤマハ
7428,送料無料 モジュラーシンセ ユーロラック M2.5 ねじ BEFACO 100個入り
7429,【USED品】Roland ローランド SN-R8-06 Ethnic Percussion SOUND LIBRARY ROM PCM RAM サウンドライブラリー メモリーカード DATA
7430,AKAI MPC1000 サンプラー オーディオ 音響機材 中古 W9910068
7431,Excite Audio Bloom Vocal Aether Lite: ボーカルを自在に
7432,ローランド　ROLAND　RHYTHM COMPOSER　 リズムコンポーザー　TR-626
7433,【 J 】6674 BOSS　DR-550MKII　リズムマシン　ボス
7434,Roland ローランド SOUND LIBRARY SN-U110-07 [動作未確認・ジャンク品]
7435,AKAI MPC2000 MIDI PRODUCTION CENTER アカイ プロダクションセンター ※通電OK 状態説明あり 〆1限◆ジャンク品【福岡】
7436,【スタジオ引き上げ品】　MOTU 2408mkⅡ　通電確認・ボタン作動確認　アナログ、ADAT動作確認
7437,Roland / リズムコンポーサー（RHYTHM COM POSER TR-707）/ ジャンク品 通電のみ確認 現状渡し
7438,★ AKAI アカイ 赤井 CD3000 デジタルサンプラー 中古 現状品 250401N3245
7439,RME Digiface USB 中古美品 本体のみ
7440,LINE6 GearBox Gold Plug-In Bundle TonePort DI プラグイン オーディオインターフェース アンプシミュレータ【送料込み】
7441,★Roland MC-505 シーケンサー リズムマシン ローランド 通電確認のみ 現状品 管理番号04117
7442,【開封未使用品】 KORG SQ-64 POLY SEQUENCER コルグ ポリフォニック・ステップシーケンサー ★ 71793-26
7443,Antelope Audio Orion Studio rev.2017 オーディオインターフェース
7444,■Native Instruments KOMPLETE AUDIO6
7445,正規品 Addictive drums 2 Studio Rock
7446,【J】Steinberg UR242 オーディオインターフェース スタインバーグ 228287
7447,(中古)PACE iLok2 PACE Anti-Piracy 未開封品
7448,f146*80 【現状品】 【１円～】ZOOM ズーム GCE-3 ギターベース用USBオーディオインターフェイス Q58932 A93TK113308
7449,KAWAI ドラムマシン R-100 音出し簡易確認済み
7450,YAMAHA MOTIF-RACK ES アダプター付属
7451,NOVATION MIDIコントローラー Launchpad
7452,ZOOM ARQ Aero Rhythm Trak AR-96 ズーム ドラムマシン リズムマシン シーケンサー シンセサイザー ルーパー 動作品 元箱付 ★ 71793-55
7453,Steinberg/スタインバーグ UR22 mk II オーディオインターフェース 本体のみ 動作未確認
7454,★Roland ED　ローランド　サウンドキャンバス　SC-8820 ★
7455,【ジャンク】YAMAHA ヤマハ シーケンサー リズムマシン QX1
7456,AIR MULTI-CHORUS: 厚く複雑なコーラスを
7457,Universal Audio Verve Analog Machines Essentials
7458,送料込 ベリンガー RD-6-BU リズムマシン BEHRINGER Behringer
7459,北海道発　MU2000 YAMAHA HELLO MUSIC　100サイズ
7460,Antares Auto-Tune Unlimited Windows
7461,【1円オークション】BOMGE BMG11S USB オーディオ インターフェイス (24 ビット/192 kHz)、XLR、48 V ファンタム電源付き ANK0769
7462,KORG　音源モジュール　シンセサイザー　TRITON-Rack　ジャンク品　本体のみ
7463,ARTURIA KeyLab 61 mk3 WH 61鍵 MIDIキーボード
7464,【Sampling CD】 best service - Production Effect Vol.1 / 送料無料
7465,【Sampling CD】 ProSamples Vol.14 - World Grooves (2CD-ROM) / 送料無料
7466,Make Noise Rene v2 美品 モジュラーシンセ
7467,F37 通電確認のみ ジャンク品 NATIVE INSTRUMENTS ネイティブインストゥルメンツ　MIDI M-シリーズキーボード KOMPLETE KONTROL M32
7468,S) KORG コルグ 03R/W MIDI音源モジュール サウンドモジュール 音響機器 機材 ※ジャンク @100 (4)
7469,【G】Roland DTM-88PW 音源モジュール ローランド 3053751
7470,送料無料! Allen-Synthesis EuroPi ユーロラック モジュラーシンセ 中古 intellijel makenoise
7471,★Akai CD3000/CD3000i EXPANSION BOARD★OK!!★MADE in JAPAN★
7472,Antares Auto-Tune Unlimited Windows
7473,RME ADI-2 pro FS R Black Edition AD DA中古
7474,04D33■RME　Advanced Remote Control インターフェース コントローラ 元箱付属■
7475,【 即決 】M-AUDIO MIDISPORT 2x2 ANNIVERSARY EDEITION USB MIDI 送料込 匿名配送
7476,Celemony Melodyne Studio 5 Windows
7477,【A7247】YAMAHA ヤマハ RX11 リズムマシン 生産終了 希少品 レア 通電OK♪ PCM音源28音色　音楽制作
7478,ZOOM ズーム RhythmTrak リズムトラック RT-234 リズムマシン アダプター欠品
7479,YAMAHA UW10 USB-AUDIO INTERFASEオーディオインターフェース ヤマハ
7480,【J】M-AUDIO Axiom Pro 61 MIDIキーボード 3011258
7481,ACCESS MATRIX PROGRAMMER
7482,◇Roland　オーディオインターフェース　Rubix24　ノーチェック◇25-4-N42
7483,Apogee オーディオインターフェース Duet 3 Mac & Windows対応 USB Type-C／Type-Aに対応
7484,【１円オークション】BOMGE U204 USB オーディオインターフェイス PC コンピュータ音楽録音用 2x2 ギターオーディオインター　AMT1175
7485,クリプトン 初音ミク V4X (incl. ENGLISH) 日本語＆英語ライブラリー同梱版 パッケージ版 ボーカロイド VOCALOID4 Cubase LEバンドル
7486,49■100/　Roland SP-404 MK II　0426708
7487,【よろづ屋】Roland ローランド サウンドキャンバス SC-55mkII SoundCanvas MIDI 音源モジュール ジャンク(M0426-60)
7488,GW値下げ！ Cubase Pro 12 と WavaLab Pro 9.5 USB ライセンス
7489,サンプリングCD「Voice of Native American ボイス・オブ・ネイティブ・アメリカン Loops for ACID」輸入盤・美品・ループサンド素材
7490,AKAI MPKmini MIDIコントローラー　本体のみ　動作未確認
7491,★E-MU E64/E5000Ultra/E6400Ultra/E4XT/E4XTUltra/E IV/E-SYNTH other FLOPPY DRIVE SONY MPF920-1★
7492,iZotope Ozone 11 Advanced Windows
7493,[KM0118] 中古現状品 Roland DTM-55MW ミュージくん SC-55STのみ ローランド MIDI音源 音出しOK
7494,(#6825)Steinberg スタインバーグ 2x2 USB2.0 24bit/192kHz オーディオインターフェース UR22mkII
7495,【 G 】981 MOTU 828mkII オーディオインターフェース モツ 本体のみ
7496,iZotope RX11 Advanced Windows
7497,中古品・現状 オーディオインターフェイス Focusrite フォーカスライト Scarlett 4i4 3rd Gen MOSC0026 オーディオ機器
7498,XOR Electronics NERDSEQ
7499,●DiGiGrid IOS デジグリッド オーディオインターフェース DAW
7500,steinberg UR12 USB オーディオ インターフェイス 本体のみ
7501,動作品　BOSS DR-880 リズムマシン ACアダプター付き
7502,Presonus AudioBox iTwo オーディオインターフェース　中古完動品
7503,Roland ローランド 音源モジュール SOUND Canvas SC-88VL 箱付き　通電確認済
7504,送料680円～ ジャンク 通電のみ確認済み ZOOM MRT-3B Micro Rhythm Trak ズーム リズムマシン SN.014030 管理F
7505,DIGIDESIGN(AVID) 888/24
7506,RME Hammerfall DSP digiface Interface オーディオインターフェイス A060
7507,Roland ローランド CM-64 音源モジュール MIDI音源 LA音源
7508,1円 ボス Dr.Sample SP-303 サンプラー オーディオ機器 現状品 BOSS
7509,YAMAHA　ヤマハ　RHYTHM　PRPGRAMMER　RY30　 リズムプログラマー 　リズムマシン　本体のみ　ジャンクで
7510,05S42■BOSS　リズムマシン　DR-110■
7511,★動作OK★ Sound Blaster SBX オーディオインターフェース
7512,ROLAND KNOB ローランド　ノブ　つまみ　パーツ　部品
7513,【自宅保管品】BOSS DR-220A/Dr.Rhythm（ドクターリズム）シーケンサー/ドラムマシン/リズムマシン/プリセットリズムパターン32種類搭載/
7514,【未開封品】 Behringer RD-6-AM ベリンガー 16ステップシーケンサー搭載 アナログ ドラムマシン リズムマシン ★ 71793-22
7515,YAMAHA ヤマハ 音源モジュール MU50 トーンジェネレーター　本体のみ　現状品
7516,【C】M-AUDIO KEYSTATION49 MK3 MIDIキーボード エムオーディオ 3044891
7517,17793-01★Roland/ローランド A-49 USB MIDI Keyboard Controller MIDIキーボード シンセ鍵盤搭載★
7518,5332　AKAI アカイ MPK mini MK3 25鍵 USB MIDI キーボードコントローラー 音楽制作
7519,【G】BOSS DR-550MKII リズムマシン ボス 3054289
7520,☆1円スタート☆ AKAI MPC LIVE2 ☆SSD 1TB増設済み☆おまけ20万円超相当 サンプラー ビートメイク
7521,◆【動作品】 京王技研 KORG MINI POPS 7 ミニポップス アナログ リズムマシン コルグ オーディオ機器 Automatic Rhythm Instrument◆/T
7522,YAMAHA REFACE用 MIDIケーブル 正規品
7523,中古　depusheng USB audio interface　オーディオインターフェース
7524,【 J 】1349 AUDIENT iD4 オーディオインターフェース オーディエント 本体のみ
7525,【美品】【送料無料】リズムマシン リズムパートナー BOSS ボス/DR-01S Rhythm Partner
7526,YAMAHA シーケンサー QY300
7527,S11474△ZOOM リズムトラック RT223 RhythmTrak リズムマシン リズムトラック【訳あり】250512
7528,05S82■Roland　音源モジュール　SC-7■
7529,■PreSonus AudioBox iTwo オーディオインターフェイス プレソナス USB/iPadレコーディングシステム 取扱説明書 元箱付き USED 17725■！！
7530,◆◇1595 MOTU Midi Timepiece MTP AV USB MIDI インターフェイス 通電〇◇◆
7531,ROLAND UA-25EX
7532,☆【2K0501-28】 Roland ローランド RHYTHM COMPOSER リズムマシン TR-707 12V ジャンク
7533,動作未チェックの為ジャンク品★TASCAM オーディオインターフェイス US-366 ★1円スタート
7534,STEINBERG UR12 USB オーディオ インターフェース スタインバーグ 音響 オーディオ 中古 S9919630
7535,AKAI MIDIキーボード MPK mini play コントローラー 音出しOK
7536,Roland S-550 デジタルサンプラー
7537,E-mu SP1200 ドラムマシン ヴィンテージサンプラー 通電確認済み 現状品 本体
7538,Roland EDIROL UA-3FX USBオーディオキャプチャー　ジャンク扱い
7539,KORG リズムマシン リズムボックス KR mini RHYTHM DTM
7540,AVID ARTIST CONTROL
7541,TASCAM オーディオインターフェイス SERIES208i 動作確認済
7542,【B-4】 Arturia KEYSTEP キーボード 動作確認済み 2031-94
7543,ROLAND FANTOM XR 交換用 互換品LCD
7544,[帯付美品] DTM用サウンド素材ライブラリー 8ビット・ファミリー Ⅰ&Ⅱ 2本セット (テクノ効果音) サンプリング
7545,電子楽器 AKAI professional MIDI STEREO DIGITAL SAMPLER S3200XL CD3000 ジャンク
7546,【送料無料】Yamaha AG08 オーディオインターフェース
7547,Roland EDIROL UA-5 USBオーディオインターフェース
7548,MOTU M2 モツ オーディオインターフェース 箱付き 美品
7549,IK Multimedia iRig Pads MIDIグルーブコントローラー 本体のみ ◆ MIDIコントローラー パッドコントローラー IP-IRIG-PADS-AS
7550,【1円】Sound BlasterX サウンドブラスター G1 SBX-G1 小型USBオーディオ 動作確認済 箱軽い傷み E07-074rm/F3
7551,Roland ローランド　DUO CAPTURE EX UA-22
7552,ROLAND S-330 ローランド 音源モジュール●G050Y115
7553,★AKAI MPC2000 SYSTEM DISK Ver.1.72★OK!!★
7554,【行董】Roland BOSS ローランド ボス Dr.Sample SP-303 コンパクトサンプラー 通電のみ確認OK XG006ABH03
7555,KORG KR-55 Pro＜音出し確認＞コルグ リズムマシン ドラムマシン レコーダー □
7556,Roland RA-50＜音出し確認＞※ACアダプター欠品 ローランド リアルタイムアレンジャー MADE IN JAPAN □
7557,iZotope Ozone 11 Advanced Windows
7558,SSL(Solid State Logic) UF1(国内正規品)
7559,Fabfilter Total Bundle Windows
7560,AKAI Professional MIDI MIX コンパクト ミキサー MIDIコントローラー 音響機材 未使用 W10040308
7561,YAMAHA AWM SOUND EXPANDER EMT-10
7562,初音ミク V4X (incl. ENGLISH)
7563,AKAI アカイ APC40 MKII Ableton Live専用コントローラー ※ジャンク品 ☆6534
7564,★通電確認済み★Roland ローランド a-37 MIDI鍵盤 キーボード★
7565,ヤマハ　音源モジュール VL70m
7566,【 現状品】ROLAND TR-S8 RYTHM PERFOMER ローランド リズムパフォーマー st5-12
7567,【未使用】 STEINBERG ( スタインバーグ ) / UR22mkII オーディオインターフェイス 24bit/192kHz　インターネット配信やDAWなどに
7568,Roland sp-404mk2 / ローランド　sp404 mkⅡ / セミハードケース　付
7569,■ Roland/ローランド DTM-88PA SOUNDCanvas SC-88 Pro MIDI音源モジュール 音響機器 音楽 楽器 (57230NY3)
7570,★AKAI EB4JS PC EFFECT FX PCB BOARD Z4/Z8/MPC4000★OK!!★MADE in JAPAN★
7571,HAGIWO MOD1 ハード組立済 DIYモジュール　Eurorack モジュラーシンセ　①
7572,HAGIWO MOD1 ハード組立済 DIYモジュール　Eurorack モジュラーシンセ　③
7573,KORG コルグ microKEY2-37 AIR
7574,ローランド Roland リズムマシン Drumatix ドラムマシン TR-606 ビンテージドラムマシーン ジャンク DRUM MACHINE
7575,【貴重】NATIVE INSTRUMENTS / MASCHINE Jam ネイティブインストゥルメンツ【生産完了品】1円〜
7576,MOTU 828MK II モツ オーディオインターフェース
7577,n86293-ty ジャンク◎M-AUDIO CODE49 MIDIキーボード [091-250526]
7578,【 J 】 Y7102 M-AUDIO Oxygen 49 MIDIキーボード
7579,Elektron Octatrack DPS-1 MK II (Black) サンプラー リズムマシン エレクトロン オクタトラック
7580,YAMAHA ヤマハ MU80 MUシリーズ 音源モジュール★簡易検査品
7581,2BE0601668　▲ BOSS ボス DR-770 Dr.Rhythm リズムマシン 音楽 楽器 機材 ドラム リズム 説明書付き 中古 通電可能 現状品
7582,BOSS ボス Dr.Rhythm DR-550 リズムマシン★動作品【TB】【委託】
7583,Roland ローランド A-49-BK MIDIキーボード 49鍵 USBケーブル付き★動作品【TB】
7584,【1円スタート】 ヤマハ YAMAHA MIDIキーボード シルバー KX5
7585,4948 Steinberg UR22mk2 （mkII ）　ジャンク
7586,ZOOM RT-323 リズムマシン●G050Y124
7587,iRig Keys I/O 49 ＆ iRig I/O Mic セット キーボード Pro
7588,O998　Roland　クアッドキャプチャー　オーディオインターフェイス　マイク１本　付属　UA-55
7589,送料無料！ Roland M-256E　＜未チェック＞　ローランド 32Kバイト RAM メモリーカード MADE IN JAPAN
7590,【 C 】 Y8734 AKAI APC KEY25 MIDIキーボード アカイ 【ケース付き】
7591,MOTU モツ midi express XT MIDI インターフェース 音響機材 中古 T10079057
7592,管理番号=Eb5801【中古】コントローラーセット KORG FRONTIER PreSonus JUNK コルグ フロンティア プレソナス ジャンク 現状渡し
7593,きっと知らない人がたくさんいると思う。レアな一品。KAWAI MEDIA CONVERTER カワイ メディア コンバーター MC-1 河合楽器製作所/テスコ
7594,steinberg UR12 USB オーディオインターフェース 音響機材 オーディオ機器 中古 Y10029515
7595,★ DONNER D1 ★
7596,Steinberg UR22 スタインバーグ オーディオインターフェース 音響機材 中古 N10001675
7597,Solid State Logic ソリッドステートロジック オーディオインターフェース SSL2 □ 72548-3
7598,TASCAM US-1x2 オーディオインターフェース 音響機器 タスカム 中古 B10067512
7599,【ジャンク品】CME Xkey 37 MIDIキーボード ※USBでの通電確認のみ (管理番号：059112) a80
7600,E-mu E6400 ultra MEM128GB HDD80GB EOS4.70 SDカードリーダー
7601,YAMAHA AG03MK2 ウェブキャスティングミキサー ブラック ほぼ新品
7602,Roland sound canvas SC−88音源モジュール ローランド通電確認済
7603,【動作未確認】 Roland/ローランド USB オーディオ インターフェイス 音響機器 本体 Rubix 24
7604,Roland SC-88Pro
7605,【 G 】2297 Native Instruments KOMPLETE KONTROL S61 MIDIキーボード ネイティブインストゥルメンツ
7606,BOSS DR-5 Dr Rhythm Section 取扱説明書
7607,MPC3000 AKAI サンプラー　美品
7608,C0603-4H/ コンパクトオーディオインターフェース Steinberg UR22mk2
7609,【2025年3月購入】MOTU M2 オーディオインターフェイス 動作品　おまけ付き
7610,BOSS ドクターリズム　DR-55を出品します。
7611,YAMAHA RX7 現状品　ジャンク
7612,HAGIWO MOD1 ハード組立済 DIYモジュール　Eurorack モジュラーシンセ　③
7613,【動作確認済】【送料無料】AKAI 12bit サンプラー S900 FDDエミュレーター/LCD交換 メンテナンス済
7614,Celemony Melodyne Studio 5 Windows
7615,k0603-02★Roland SC-55mkII SOUNDCanvas / MAC MIDI Interface / 音源モジュール 通電確認済 器材
7616,Lexicon レキシコン LFI-10 デジタルオーディオフォーマットインタフェース★動作未確認品【TB】
7617,Roland SP-404SX 取説　8GSD アダプタ コンパクトサンプラー
7618,MOTU M2 モツ オーディオインターフェース 元箱付き ∩ 7243F-2
7619,送料無料【 polyend poly 】モジュラーシンセ ユーロラック シンセサイザー Eurorack modular MID to CV コンバーター
7620,Twisted Electrons hapiNES チップチューン・シーケンサー
7621,YAMAHA シーケンサー　QY70 【ジャンク品】
7622,ZOOM リズムトラック RT-323 ズーム（本体＋取扱説明書）
7623,☆★ROLAND「T-8 BEAT MACHINE」リズム＆ベースマシン！完動美品！★☆
7624,数量限定値下げ AIによる簡単ミックス iZotope Neutron 5 Elements
7625,Native Instruments KOMPLETE KONTROL M32 MIDIキーボード 箱無し
7626,Studio Electronics ATC-1　送料無料
7627,送料無料【 DIRTYWAVE M8 tracker model 01 】GROOVEBOX グルーヴボックス シーケンサー シンセサイザー ドラムシンセ
7628,ww2333 BOSS DR-220A リズムマシン シーケンサー
7629,美品　元箱　Erica Synths Pico Input モジュラーシンセ　ユーロラック
7630,YAMAHA RX11 リズムマシーン ヤマハ 通電確認のみ 現状品 管理番号06129
7631,希少 Eurorack版 Maneco Labs Grone ドローンシンセ 箱・電源付
7632,Steinberg UR22mkII USBオーディオインターフェイス
7633,UA-M10 ローランド ROLAND [Mobile UA USB オーディオインターフェース]
7634,カワイ Gメガ シンセサイザーモジュール KAWAI GMega SYNTHESIZER MODULE GM音源モジュール テスコ【20
7635,ZOOM RhythmTrak RT-223 ズーム リズムトラック 元箱書類付
7636,正規品 Native Instruments Komplete 15 Select DTM 未使用
7637,"Abstract Data ADE-51 envelop generator セット( モジュラーシンセ, ユーロラック)"
7638,♪ AKAI アカイ 赤井 EWI5000 ウインドシンセサイザー 中古 現状品 250511Y7988
7639,Steinberg UR12 USB オーディオ インターフェイス 音響機材 オーディオ スタインバーグ ジャンク
7640,★ジャンク★ Roland TR-505 リズムマシン
7641,E-mu Systems E5000 Ultra サンプラー Sampler ②
7642,YAMAHA FGDP-50 フィンガードラムパッド 24年製 ヤマハ 中古 美品 O10144547
7643,ヤマハ YAMAHA AG03 オーディオインターフェース 本体のみ　ジャンク品　現状販売
7644,Roland ローランド XV-5080 音源モジュール
7645,Ableton HWPU02 Push 2 LIVE用コントローラー ジャンク Y10117636
7646,6/22★Roland ローランド★SC-55mkII 音源モジュール 本体のみ【中古/現状品/動作未確認ジャンク】
7647,Focusrite オーディオインターフェイス Scarlett2I4 Audio interfaces Usb ※通電確認済 ジャンク品扱い 領収OK t0622-9
7648,e14000　Focusrite Scarlett 18i20 オーディオインターフェース 第2世代 通電確認済 電源コード付
7649,【G】 E-MU ESI-32 デジタルサンプラー 096999
7650,自動コンダクターミニ
7651,RME Babyface Pro FS 【国内正規品】オーディオインターフェース
7652,Roland SR-JV80-10 Bass&Drums
7653,Focusrite MOSCOOO6 Nemko Scarlett 2i2 USB インターフェイス
7654,KORG MS-20 iC コルグ アナログ シンセサイザー MIDI コントローラー【ジャンク】
7655,ZOOM ST-224 SampleTrak サンプラー 名機 ローファイ SP1200 Lofi
7656,IK Multimedia iRig KEYS 25 MIDIキーボード 25鍵 DTM Mac PC USB コンパクト ジャンクS10126177
7657,Antelope audio Orion Studio Synergy Core
7658,MOTU モツ midi express XT MIDI インターフェース 通電確認のみ 現状品 管理番号 06242
7659,ARTURIA ( アートリア ) / KEYLAB 61鍵 白 MIDIコントローラー ジャンク
7660,モジュラーシンセ　make noise Mult dtm daw ユーロラック
7661,通電OK◆ヤマハ/YAMAHA MUSIC SEQUENCER QY100◆ミュージックシーケンサー リズムマシン
7662,ジャンク AVID HD OMNI オーディオインターフェース
7663,Roland M「CN-20 」MUSIC ENTRY PAD 通電確認のみ
7664,Apollo Twin X Duo (ジャンク品) UAD
7665,■ROLAND SP-404MKII ローランド サンプラー 音楽機材
7666,"★ジャンク★BOSS Dr,Rhythm DR-660　ドラムリズムマシン"
7667,ローランド　Dynamic MIDIペダルPK-5
7668,スタインバーグ steinberg オーディオインターフェイス UR12
7669,★１円スタート♪★ Oberheim Matrix-1000 シンセサイザー オーバーハイム ジャンク 現状品
7670,John Williams Super Classics ジョン・ウィリアムズ スーパー・クラシックス MIDI DATA SMF MIDIデータ FD
7671,The Beatles Piano&Ensemble Part2 ビートルズ ピアノ＆アンサンブル パート2 MIDI DATA SMF MIDIデータ FD
7672,♪名機♪BOSS DR-770 リズムマシン
7673,美品 ヤマハ AG03MK2 ライブストリーミングミキサー YAMAHA 領収書可
7674,モーツァルト・アレンジで聴く 小室哲哉 作品集 vol.2 MIDI DATA SMF MIDIデータ FD Mozart Played T.Komuro Vol.2
7675,Lexicon MPX Native Reverb Windows
7676,Roland SONAR V-STUDIO 100 通電動作確認済
7677,美品★通電確認済み★BEHRINGER ベリンガー B-CONTROL FADER BCF2000 フェーダーコントローラー
7678,【G】behringer Rhythm Designer RD-8 リズムマシン ベリンガー 3050288
7679,iConnectivity PlayAUDIO12 アイコネクティビティ オーディオインターフェイス
7680,★美品★ Tascam US-2x2 オーディオインターフェース Ultra-HDDAマイクプリアンプ
7681,Roland ローランド D-110 音源モジュール サウンドモジュール
7682,引取のみ　DTMデスク　Key ProStyle KWD-200　諸々改造済み　現状渡し　改造に伴う付属品付
7683,novation Launchkey 37 MK4 MIDIキーボード
7684,KORG EXB-MOSS DSP Synthesizer Board 音色拡張ボード
7685,【 G 】k518 Roland INTEGRA-7 音源モジュール ローランド 3106893
7686,Oeksound soothe2 Windows
7687,Roland SOUND EXPANSION M-BD1 音源モジュール ローランド SR-JV80-10 Bass&Drumm
7688,【美品】E-MU イーミュー シンセサイザー プロテウスオーケストラ 9098 音源モジュール
7689,Roland TR-707 ローランド リズムマシン 通電OK ※接触不良あり 動作/状態説明あり★現状品【福岡】
7690,Roland ローランド P-55 SOUND Canvas 音源モジュール ピアノモジュール 2点セット　ジンク
7691,ZOOM RT-123 リズムマシン ドラムマシン シーケンサー 通電確認済み Z018
7692,★M-AUDIO/エムオーディオ Keystation 88 MIDIキーボード/フットペダル付き/鍵盤楽器/通電OK/ジャンク扱い&1029005715
7693,proteus 1 9010 e-mu systems 音源モジュール 通電確認済 proteus/1 通電のみ確認済
7694,YAMAHA ヤマハ QY20 ポータブル・ミュージック・シーケンサー/故障だが通電OK、液晶LOW BATTERY表示/ジャンク、純正アダプタ取説付 送料込
7695,ALESIS D4 難あり品（送料込み）
7696,♪▲【YAMAHA ヤマハ】トーンジェネレーター 2点セット TX81Z/MU100R まとめ売り 0702 23
7697,AKAI MPK mini play MIDIキーボード スタンドアローン アカイ キーボード Y1759
7698,AKAI EWI3030m EWI3020 Set 音源モジュール ウインドシンセコントローラー セット アカイ 元箱付き
7699,■KORG コルグ microKEY マイクロキー 通電/PC認識確認 MICROKEY-25 中古美品 0.99kg
7700,AKAI MPC2000XL CFカードリーダー搭載 LCDパネル交換
7701,★Roland SD-90/SC-8850/JV-1080/JV-2080/JD-990/XV-3080/XV-5080/AR-2000/AR-3000/FM-40/GP-100 other VOLUME KNOB★
7702,【1円売切】Steinberg UR22C
7703,Steinberg UR28M オーディオインターフェース スタインバーグ　ジャンク
7704,novation ノベーション Launchkey 49 MIDIキーボード★動作未確認品
7705,PreSonus オーディオインターフェイス Studio 24c 中古
7706,【Novation LaunchPad Mini MK2】 MIDIコントローラー ノーベーション
7707,Roland音源モジュール サウンドキャンバス SC-55MKII
7708,★美品★ROLAND ローランド SoundCanvas SC-88VL MIDI音源 送料無料
7709,Artiphon INSTRUMENT 1 MIDIコントローラー
7710,KORG microKEY2-37 Air
7711,【G】ROLAND SP-555 サンプラー ローランド 3072545
7712,【G】YAMAHA QY22 ミュージックシーケンサー ヤマハ 3071164
7713,◆ YAMAHA FGDP-50 ヤマハ フィンガードラムパッド 新品 即納 未使用
7714,1010MUSIC nanomox tangerine
7715,♪▲【APOGEE】オーディオインターフェース 箱付き duet 0717 4
7716,TASCAM タスカム US-1641 オーディオ/MIDIインターフェース★動作未確認品【TB】
7717,【 G 】1194 Roland CM-500 サウンドモジュール ローランド 3107647
7718,A642★ YAMAHA MU2000 音源モジュール
7719,YAMAHA SHS-10 FM DIGITAL KEYBOARD WITH MIDI MIDIキーボード ヤマハ　音だし確認　現状品　レッド
7720,YAMAHA ヤマハ AG03MK2 オーディオインターフェース ライブストリーミングミキサー 配信 音響機器 中古 S10140005
7721,M-AUDIO KEYSTATION MINI 32 キーボード コンパクト オーディオ 音響機器 未使用 未開封 T10215895
7722,【送料無料】Roland ローランド　USBオーディオインターフェース　UA-22
7723,M442-I75-464 Roland ローランド PR-100 デジタルシーケンサー オーディオインターフェース 通電確認済み IE
7724,【動作未確認】Behringer U-PHORIA UM2 オーディオインターフェース
7725,【 G 】8419 AKAI MPKmini ミニキーボード アカイ 3070237
7726,1307【ジャンク】 KORG コルグ ER-1 リズムマシン ドラムマシン シンセサイザー エレクトライブ ELECTRIBE RHYTHM SYNTHESIZER ①
7727,YAMAHA QY-100
7728,Roland サンプリンググルーブボックス MC-909 ローランド サンプラー 元箱/説明書付き ∩ 72705-1
7729,f146*80 【現状品】 【1円～】DJ TechTools MIDI FIGHTER 3D コントローラー Q59736 A97MG383502
7730,☆YAMAHA ヤマハ QY100 シーケンサー 中古 現状品 250712H2855
7731,Steinberg UR12
7732,☆C173 BOSS Dr. Rhythm DR-660 リズムマシン 256種類のサウンドバリエーション(中古品/現状品)☆
7733,Behringer FILTAMP MODULE 1006 Arp2500 modularユーロラック
7734,●Steinberg USB インターフェイス UR12
7735,ZOOM SampleTrak ST-224 サンプラー　ジャンク品
7736,095 PreSonus プレソナス STUDIO 24c オーディオインターフェース USBタイプ ※中古
7737,ジャンク扱い 簡易音出し確認のみ BOSS ボス Dr.Rhythm ドクターリズム DR-880 リズムマシン [TK25-0726-1]
7738,Focusrite Scarlett 4i4 gen 4 4th オーディオインターフェース 音響機器 フォーカスライト《U8318
7739,STEINBERG（ステインバーグ）UR22C オーディオインターフェース
7740,Intellijel Designs Mixup 元箱　付属品あり　モジュラーシンセ　ユーロラック
7741,90s YAMAHA QY700 ミュージック・シーケンサー 動作正常 使用頻度低 取説・アダプター・ケース付属
7742,【C】Native Instruments MASCHINE+ LIMITED 25周年モデル スタンドアローンサンプラー 3069113
7743,Roland SK-88 Pro シンセサイザー MIDI音源モジュール SoundCanvas キーボード DTM ローランド SC-88 Pro ミュージ郎 現状販売
7744,Roland SD-90 EDIROL 音源モジュール 音響機材 ジャンク Y10254041
7745,口19【現状品】 Roland オーディオインターフェース QUAD-CAPTURE UA-22 動作未確認　1円〜
7746,【送料無料！】KORG KR-55 PRO リズムマシン ドラムマシン
7747,【Roland SC-8820】ローランド 音源モジュール SoundCanvas SC-88pro エスシーシリーズ ⅰ
7748,【G】NATIVE INSTRUMENTS MASCHINE MK3 グルーヴプロダクションスタジオ ネイティブインストゥルメンツ 139536
7749,【美品・動作品】UAD Apollo Twin MKII / Quad / オーディオインターフェース（thunderbolt2ケーブル2Mと3への変換ケーブル付）
7750,SOUND SCAN Vol.55 CD-ROM 2枚組 drun loops ドラムループス クリプトン・フューチャー・メディア
7751,【C】YAMAHA AG06 オーディオインターフェース ヤマハ 141908
7752,SWAM All In Bundle Windows
7753,Waves Ultimate 2024 Windows
7754,Roland PK 5 ローランド MIDIペダル 足鍵盤
7755,ジャンク MOTU ultralite mk3 hybrid オーディオインターフェース
7756,Roland　音源モジュール　SOUND EXPANSION ORCHESTRA M-OC1　音出し確認済み
7757,KA7928/オーディオインターフェース/Steinberg UR12
7758,【YAMAHA RX17 本体 デジタルリズムプログラマー ヤマハ アダプタ】
7759,BOSSボス リズムマシン Dr. Rhythm DR-550
7760,☆G1410■Steinberg UR22 mk2 mkⅡ オーディオインターフェース スタインバーグ 動作未確認
7761,YAMAHA ヤマハ VL-70m バーチャルアコースティック トーンジェネレーター 音源モジュール 通電確認済み
7762,novation ノベーション　LAUNCHKEY37 MIDIキーボード 【追加写真あり】
7763,【ジャンク】Roland EDIROL UM-550 USB MIDI インターフェース MIDI INTERFACE/MIDI PATCHER ローランド
7764,Roland ローランド USBオーディオインターフェース Rubix22 250609SK750037
7765,Roland cakewalk UA-25EX
7766,1円 KORG NS5R 音源モジュール コルグ オーディオ機器 通電出音確認済み 現状品
7767,kaerucafe AKAI professional Sound Tips Vol2 Orchestra The Air sessions
7768,IK Multimedia AmpliTube 5 MAX Windows
7769,M-AUDIO オーディオインターフェース M-TRACK 2X2M 未使用品！ USB-C接続タイプ
7770,送料950円～ ジャンク 通電のみ確認済み YAMAHA QX5FD ヤマハ デジタルシーケンスレコーダー SN.0N01886
7771,送料無料 Steinberg/スタインバーグ UR22mk2 USBオーディオインターフェース 説明書＆Tool for UR22mkⅡCD付属 /USB AUDIO INTERFACE
7772,フォーカスライト オーディオインターフェイス Scarlett Solo Studio Focusrite
7773,【TF250730S23z1】AKAI MPC2000XL アカイ サンプラー 1円スタート ジャンク
7774,ジャンク MIDIキーボード Roland PCR-300
7775,中古　Oberheim Matrix-1000 白パネル　基本動作確認済み
7776,送料無料 Steinberg/スタインバーグ UR22mk2 USBオーディオインターフェース 説明書＆Tool for UR22mkⅡCD付属 /AUDIO INTERFACE
7777,iZotope RX11 v11.2.0 Advanced Windows
7778,★☆KORG WAVESTATION A/D コルグ 解析記事 W☆★
7779,AKAI　S1100 アカイサンプラー インターフェイスボード SMPTE interface board 部品　パーツ
7780,★Akai CD-ROM SOUND LIBRARY CD3000★OK! !★Made in JAPAN★
7781,Roland A-880 取扱説明書
7782,売り切り！[美品] TASCAM US-366 192kHz対応/録音時や配信される音にリバーブをかけることも可能！ [VJ831]
7783,★AKAI S3000XL other NI05-05-5 NICHIA (L6036C5030)★INVERTER★OK!!★MADE in JAPAN★
7784,★Roland SD-90/SC-8850/JV-1080/JV-2080/JD-990/XV-3080/XV-5080/AR-2000/AR-3000/FM-40/GP-100 other VOLUME KNOB★
7785,全国送料無料！ポストに投函・AKAI Professional EWIマウスピースマウンター ホワイト / EWI Solo EWI5000 EWI4000s EWI USB用
7786,CLAVIA nord rack シンセサイザー 【ノードラック アナログシンセ 】Nord Rack 音源モジュール
7787,【美品】ESI U22 XT cosMik Set / cosMik 10 / eXtra 10 / U22 XT/ Bitwig Studio / DTM 初心者 バンドル セット
7788,★ROLAND FANTOM-XR/FANTOM-X6 PC CARD BOARD★OK!!★MADE in JAPAN★
7789,Nektar Technology IMPACT GX61【61鍵MIDIコントローラー・キーボード】　通電確認ジャンク品
7790,Roland D-110 オーナーズマニュアル / 取扱説明書
7791,Roland JV-1080　現状品　通電確認　EXPANSION BOARD SR-JV80-04 VINTAGE SYNTH ローランド
7792,★現状お渡し★動作未確認★ ZOOM ズーム オーディオインターフェース TAC-2R / Thunderbolt Audio Converter #OM-169
7793,★MOTUモツ midi express XT MIDIインターフェース
7794,Audio Ease Altiverb 7 プラグイン　ライセンス譲渡◎
7795,【9403】 Focusrite scarlett 2i4 インターフェース
7796,AKAI MPC2000
7797,INTEGRA-7 ローランド SUPER NATURAL サウンドモジュール　シンセサイザー　ハード音源
7798,audio-technicaオーディオテクニカ ヘッドホンアンプ AT-HA20
7799,★Akai MPC2000/MPC2000XL/MPC3000/S01/S2800/S3000/CD3000/CD3000XL other REC KNOB RED★
7800,7.52 BOSS◆DR-550MKII Dr.Rhythm ドクターリズム リズムマシン◆
7801,Roland ローランド TR-606 Drumatix リズムマシン　中古
7802,Elektron AnalogRythm MKII
7803,Roland AIRA COMPACT P-6 サンプラー ローランド
7804,送料込　貴重品　SMF MIDIフロッピーディスク TMネットワーク　Get Wind 小室哲哉 Confession 木根尚登
7805,Roland ローランド MIDIペダル PK-5
7806,YAMAHA ヤマハ DTX2 version2.0 電子ドラム 音源モジュール
7807,【通電確認済み】Roland ローランド A-49-WH 白 49鍵シンセ鍵盤 MIDIキーボード コントローラー ケーブル付き 楽曲制作/140サイズ
7808,Roland CF-10 DIGITAL FADER
7809,"YAMAHA SONG DATA LIBRARY British Rock Classics Vol.2 ブリティッシュ・ロック・クラシックス Vol.2 SMF MIDI DATA Queen,Rod Stewart等"
7810,YAMAHA SONG DATA LIBRARY JUST THE WAY YOU ARE 素顔のままで（ビリー・ジョエル作品集）SMF MIDI DATA Billy Joel ミディ・データ
7811,digidesign デジデザイン MH040 SYNC インターフェイス★簡易検査品【TB】
7812,PreSonus オーディオインターフェース Studio 24c 250203SK750249
7813,YAMAHA リズム マシーン RY30 シーケンサー リズムマシン 初期化済み●R701043
7814,DF-SAMPLING CD NEO BREAK BEATS / TECHNO TRANCE 2枚セット
7815,★Native Instruments グルーヴ制作システム MASCHINE MK3 Black 通電確認のみ 現状品 管理番号02109
7816,【G】YAMAHA fb-01 サウンドジェネレーター ヤマハ 115229
7817,★Roland MT-32 MULTI TIMBRE SOUND MODULE Ver.1★OK!!★MADE in JAPAN★
7818,KORG 01R/W 音源モジュール 2Uラックマウント 電源ケーブル欠品 ジャンク Y9681415
7819,Roland ローランド 音源モジュール Sound Canvas SC-8850 □ 7149C-7
7820,EDIROL USB Audio Capture UA-25 エディロール オーディオインターフェース/オーディオ 音楽機材/NL
7821,MOTU 828 ES オーディオインターフェイス 美品 その1
7822,ヤマハ ハローミュージック CBX-101 DEMONSTRATION DISK 現状品 YAMAHA
7823,E-mu proteus/1 XR　1Uラックケース付
7824,iRig keys 37鍵盤 midi キーボード
7825,Roland SC-88ST 音源モジュール サウンドキャンバス 通電確認 ローランド
7826,Roland ローランド Rubix 24 オーディオインターフェース 中古 K9700108
7827,YAMAHA QX3 シーケンサー リズムマシン ヤマハ オーディオ 音響機材 ジャンクW9713573
7828,1円スタート！Roland SP-404 サンプラー
7829,E-MU Proteus2 整備済品
7830,● Focusrite iTrack Solo●
7831,Roland SC-55 音源モジュール サウンドキャンバス
7832,ジャンク品 Avid(Pro tools) digidesign 003 Factory
7833,【sk】 Steinberg UR22mkⅡ オーディオインターフェース
7834,REXER DRS-10 クイックモーメントサンプラー ジャンク品 ●Y2157
7835,YAMAHA AG03 オーディオインターフェース ミキサー 現状【EB2014】
7836,【ヤフオク】TASCAM SERIES 102i 【No.1464】
7837,ZOOM リズムマシン RT-123
7838,Xaoc Devices Sarajewo 美品
7839,M-Audio Audiophile USB接続 USBオーディオインターフェース
7840,BOSS ボス Dr. Rhythm GRAPHIC DR-110 アナログ・リズムマシン
7841,222 MOTU 8pre オーディオインターフェース
7842,【美品】SHURE MVX2U XLR-USB オーディオインターフェース
7843,TASCAM US-366 オーディオインターフェース　dspミキサー　タスカム　箱付き
7844,CONTROL ユーロラックモジュラー パッチケーブル オレンジ 14本組 (シンセ モジュール DOEPFER MOOG INTELLIJEL MAKENOISE 4MS TIPTOP ALM)
7845,Roland製 MIDIケーブル 1m x2本 (シンセサイザー ドラムマシン エフェクター シーケンサー KORG YAMAHA CASIO AKAI ALESIS MOOG ELEKTRON)
7846,【中古動作品】DOEPFER / A-116 WP Voltage Controlled Waveform Processor
7847,【A-1】 Roland T-8 BEAT MACHINE ドラムマシン リズムマシン ローランド 未開封品 3060-80
7848,【中古】 USB MIDIキーボード KORG taktile-25
7849,●(y) Roland MIDI キーボード コントローラー /A-49
7850,★Roland VS8F-2 Effect Expansion Board★OK!!★MADE in JAPAN★
7851,正規品 Arturia Analog Lab Intro アナログシンセ音源
7852,【D-3】 Roland SC-8850 音源モジュール 動作確認済み ローランド 3097-53
7853,◆Roland ローランド MKS-7 SUPER QUARTET 音源モジュール◆
7854,Roland SC-8850 音源モジュール ローランド 通電確認のみ
7855,YAMAHA ヤマハ QY70 シーケンサー ジャンク品
7856,良品EDIROL UA1000オーディオインターフェース
7857,送料無料 Disaster Area MIDI BABY3 プログラマブルMIDIコントローラー
7858,■introspectiv 9090■TR-909 クローン ☆アナログドラムマシン
7859,02S188■Roland　groovebox MC-505 リズムマシン■
7860,NOVATION A-STATION アナログモデリングシンセサイザー
7861,【送料無料】AKAI MPC LIVE / サンプラー・シーケンサー / 電源コード付属 【難あり・ジャンク品】
7862,KAWAI カワイ CARD ROM GB-2 METAL メモリーカード 【動作未確認】 SESSION TRAINER K4 K4r K1 XD5
7863,KAWAI カワイ CARD ROM GB-2 YNGWIE MALMSTEEN SELECTION メモリーカード 【動作未確認】 SESSION TRAINER K4 K4r K1 XD5
7864,Roland JV-1080 サウンドモジュール 音源モジュール 音響機材 PA機器 ローランド ジャンク C9700291
7865,Steinberg UR22mk2 オーディオインターフェース 作動未確認　ジャンク
7866,Avid digidesign192.I/O ジャンク扱い ②③④⑤
7867,■RME■128chモバイルデジタルオーディオインターフェイス■USB MADIインターフェイス■MADIface　USB ⑦
7868,★Akai S01/S2800/S3000XL/S3200XL/CD3000/CD3000XL/MPC3000/EWI3030m other KNOB★
7869,◆YAMAHA TQ5　FM TONE GENERATOR　FM（EOS）音源モジュール　ヤマハ
7870,比較的美品 YAMAHA ヤマハ TX81Z FM音源 module 音源モジュール keyboard キーボード MIDI 音出しOK 1U DAW DTM 取扱説明書付 即有り
7871,KORG MICROKEY-25 動作未確認 ジャンク品
7872,Roland Cloud Ultimate Membership 最上位プラン 3ヶ月無料クーポン 約7500円
7873,PRESONUS ( プレソナス ) / Revelator io24　オーディオインターフェイス
7874,▲【売り切り】TASCAM/ティアック オーディオインターフェイス DSPミキサー搭載 96kHz対応 USB2.0 US-322
7875,ROSENDAHL ローゼンダール nanosyncs クロックジェネレーター　業務用/音響機器★動作未確認品【TB】
7876,Apogee ad 8000
7877,KORG/USB MIDIキーボード・コントローラー microKEY-25
7878,301 audient ID14 オーディオインターフェース
7879,通電OK AUDIO 8 DJ オーディオインターフェース Native Instruments★132v14
7880,◇Native Instruments KOMPLETE AUDIO 6 オーディオインターフェース 　ノーチェック◇25-3-M1
7881,【中古・未メンテナンス品】LINE6 GEARBOX ラインシックス オーディオインターフェース 【通電確認済み】：
7882,【G】E-mu PROTEUS/2 音源モジュール イーミュー 3002390
7883,Roland ローランド SN-U110-03 Ethnic ロムカード 【動作未確認】 PCM DATA ROM FOR U-110 サウンドライブラリー ROMCARD
7884,Roland ローランド SN-U110-06 Orchestral Winds ロムカード 【動作未確認】 PCM DATA ROM FOR U-110 サウンドライブラリー ROMCARD
7885,behringer PODCASTUDIO USB オーディオインターフェース　中古品/状態良し
7886,YAMAHA ヤマハ MU128 音源モジュール 音響機材 中古 S9793312
7887,【オススメ品】MOTU オーディオインターフェース 1296 モツ
7888,【Time+Space Creative Essentials】 vol.2 Percussion Grooves 【サンプリングCD】
7889,presonus io station 24c オーディオ　インターフェース　コントローラー
7890,ローランド ROLAND GO:LIVECAST Live Streaming Studio for Smartphones GOLIVECAST スマートフォン配信用ミキサー
7891,★AKAI Professional EWI5000J White ウインド・シンセサイザー★新品送料込
7892,【HR-7822】KORG コルグ MIDI キーボード microKEY2-49AIR USB 49鍵盤 他 セット 鍵盤楽器 東京引取可【千円市場】
7893,KAWAI　音源モジュール K1r　VM音源　純正アダプター付属　カワイ 管理番号3440
7894,Roland ローランド JV-1080 シンセサイザーモジュール 音源モジュール 現状品
7895,☆【1H0304-13】 AKAI アカイ サンプラー MPC2000XL 100V ジャンク
7896,ヤマハ QX5 シーケンサー リズムマシン YAMAHA
7897,【新品】 BOMGE U204 USB オーディオインターフェイス PC コンピュータ音楽録音用 2x2 ギターオーディオインターフェイス
7898,STEINBERG UR22C オーディオインターフェイス この機会にぜひいかがでしょうか!! J611533 P ◆関西発送
7899,【中古】Roland（ローランド） GO:MIXER スマートフォン用オーディオインターフェイス
7900,ENDORPHIN.ES AUTOPILOT 1U 2個セット　その2
7901,Roland Fantom XR * ローランドMIDI音源モジュール 液晶NG 即決
7902,Roland EDIROL　UA-25EX　24-bit USB Audio Capture　中古品
7903,AlphaTheta Pioneer DJ DJS-1000 22年製 中古
7904,STEINBERG UR22C オーディオインターフェース 音響機材 中古 良好 W9824516
7905,Roland SC-8850 SOUND Canvas
7906,【未使用に近い】Vermona DRM1 Sidewood 木製サイドウッド ヴァーモナ
7907,☆ジャンク KAWAI カワイ POP SYNTH MODULE 音源モジュール PHm！
7908,2E2-4 (1円～ Roland ローランド 音源モジュール MT-32) 楽器 器材 音響機器 動作未確認 ジャンク 現状品
7909,【C】BOSS SP-505 サンプラー ボス 3035688
7910,【 G 】Roland DTM-88PW 音源モジュール ローランド 3033672
7911,25名/C001658-5/MR12000/R041-213/【名古屋】BOSS ボス Dr Sample ドクターサンプル SP-202
7912,TASCAM iXZ MIC&GUITAR INTERFACE インターフェース タスカム
7913,steinberg UR22 mk II オーディオインターフェース 中古 Y9789169
7914,DI3#digidesign デジデザイン 003 オーディオインターフェース★簡易検査品
7915,Focusrite Scarlett Solo オーディオインターフェイス オーディオ 音響機器 中古 N9817148
7916,Native Instruments KOMPLETE KONTROL S49 Mk2 Limited Edition
7917,動作確認済み　Roland SP-404SX
7918,【TASCAM/US-4×4/USBオーディオインターフェース/通電確認済み/浦R】
7919,Novation/ノベーション A STATION polyphonic synthesiser ポリフォニックシンセサイザー 音源モジュール 動作未確認 /080
7920,AKAI MPC500 サンプラー
7921,1303 【ジャンク】Roland A-49 MIDI キーボード 49鍵 ローランド
7922,iZotope RX11 Advanced Windows
7923,IK Multimedia iRig Keys USB MIDIキーボードコントローラー MIDIキーボード キーボード iRig Keys MIDI ローランド Roland ジャンク
7924,スタイロフォンDS-2 Stylophone CPM DS-2 Drone Synth シンセサイザー ポータブルシンセサイザー STYLODS2 dtm daw モジュラーシンセ
7925,YAMAHA CBX-K1 MIDIキーボード
7926,PreSonus プレソナス Revelator io24 USBオーディオ インターフェース
7927,AKAI Professional MPK mini MK2 中古
7928,送料本文 全MIDIポート確認 MOTU USB 8IN/8OUT 1U ラック マウント MIDI インター フェース フェイス INTERFACE 電源コード付 管理番号2103
7929,YAMAHA Super Session Player DD-7
7930,Roland ローランド GI-20 GK-MIDI INTERFACE インターフェース
7931,Steinberg UR242 USBオーディオインターフェース　ジャンク
7932,Celemony Melodyne Studio 5 Windows
7933,3/23 ①■YAMAHA G10■ヤマハ MIDI ギターコントローラー 【中古/現状品/動作未確認ジャンク】
7934,E-MU PROTEUS 2000 Ver 1.11 音源モジュール サウンドモジュール 音響機材 プロテウス 中古 C9700290
7935,steinberg UR22C オーディオインターフェース スタインバーグ 音響 機器 中古 F9814586
7936,SONICWARE LIVEN Lofi-12 新品同様品 サンプラー
7937,03S134■Roland　ドラム音源モジュール　TD-11　動作品■
7938,Roland SP404 MK2 WAVE SAMPULER ローランド サンプラー 音響機材 中古 美品 W9831522
7939,Y619★YAMAHA/A3000/プロフェッショナルサンプラー/ヤマハ/Professional Sampler/電源確認のみ/送料960円〜
7940,M-AUDIO/エムオーディオ MIDIキーボード Keystation 61 MK3 中古現状保管品　入電確認のみ
7941,Steinberg UR22 mk2 mkⅡ オーディオインターフェース スタインバーグ 250318SK410011
7942,Roland ローランド MT-300S スピーカー内蔵ミュージック・プレーヤー [現状品・ジャンク品・通電確認のみ] 札幌市 白石店
7943,通電のみ確認 Roland ローランド サンプラー SP-404MKII【現状品】 [52-0326-2O7]
7944,M3271 M-Audio KeyRig 25 midiキーボード　コンパクト ジャンク
7945,【USED!KORG MIDIキーボード MICROKEY2-25Air★コルグ/マイクロキー/箱付き/通電確認OK ※現状品＠80（3）】
7946,u56950　中古　STEINBERG　UR22C オーディオインターフェース
7947,送料込み 中古 Roland MC-500用 ディスク ジャンク品
7948,☆ AKAI Professional MIDIキーボードコントローラー 25鍵 内蔵スピーカー＆サウンド搭載 アカイプロ MPK Mini Play MK3
7949,ZOOM AMS-24 オーディオインターフェース 中古 動作品 美品
7950,Y08/109 M-AUDIO M-TRACK QUAD オーディオインターフェース 通電確認済み 現状品
7951,"QFREQ Media-Controller 新品 Qlab, ableton Live等"
7952,E826 ジャンク 通電確認OK DENON デノン PCDJコントローラー DN-HC1000S MIDI コントローラー
7953,【D】M-AUDIO PROKEYS88 MIDIキーボード エムオーディオ 3033708
7954,Solid State Logic ソリッド・ステート・ロジック 8インチFDD★動作未確認品【TB】
7955,AKAI アカイ APC20 USB MIDIコントローラー ACアダプタ/取説/CD-ROM付き★動作未確認品【TB】
7956,AKAI professional MPC STUDIO MKII パッドコントローラー
7957,YAMAHA TX802 Voice ROM SUSTAIN group 箱、取説あり
7958,Native Instruments ネイティブインストゥルメンツ オーディオインターフェース KOMPLETE AUDIO 6 ブラック 音響機材 【中古】 12503K400
7959,A1685# 通電確認のみ novation ReMote 25 MIDIコントローラー
7960,YAMAHA ヤマハ シーケンサー　QY300 　本体のみ　現状品
7961,MOTU 896mk3 Hybrid オーディオインターフェース 音響機材 レコーディング 現状品 ジャンク S9858288
7962,iZotope Neutron 5 Windows
7963,YAMAHA FB-01 動作チェック済み FM音源モジュール
7964,XAOC Devices Sopot 美品
7965,AKAI Professional MPK mini MIDI キーボード コントローラー 25鍵 中古 W9633288
7966,Universal Audio Verve Analog Machines Essentials
7967,BOSS DR-3 リズムマシン ボス 本体のみ リズムマシーン Rhythm
7968,Solid State Logic (SSL) ソリッド・ステート・ロジック/SSL 2 オーディオインターフェース
7969,T9229 オーディオインターフェース Solid State Logic SSL2
7970,★Akai MPC2000/MPC2000XL IB-208P 8 Channel Output (8PARA)★OK!!★MADE in JAPAN★鉄板代替品付属★
7971,Roland SRX-09 World Collection Expansion Board 動作品
7972,Roland ローランド MIDIパッチベイ MIDIPATCHER A-880 通電確認済　100サイズ　やや汚れあり
7973,【K-83】PreSonus CENTRALSTATION REMOTE
7974,f146*80 【現状品】 【１円～】ZOOM ズーム Handy Audio interface U44
7975,【G】YAMAHA MU1000 シンセサイザー ヤマハ 116286
7976,★RANE SL3 serato SCRATCH LIVE オーディオインターフェース★
7977,Digidesign USD SYNC
7978,★★ライブストリーミングミキサー　YAMAHA AG03 MK2
7979,7226 美品☆ Focusrite Scarlett 2i2 StudioPack 3rd gen gen3 フォーカスライト スタジオパック USB オーディオインターフェース
7980,YAMAHA ヤマハ MU5 DTM音源 GM対応音源モジュール 本体のみ
7981,MOTU M2 ジャンク品
7982,AVID Mbox Pro オーディオ・インターフェース 中古
7983,【 C 】 Y6978 Steinberg UR22 mkⅡ オーディオインターフェース スタインバーグ 【元箱付き】
7984,【美品】Roland TR-6S Rhythm Performer コンパクトリズムマシン
7985,f146*80 【現状品】 【１円～】YAMAHA ヤマハ モバイルシーケンサーQY100
7986,Roland　SBX-10　シンクボックス sync box/converter ローランド
7987,Edirol PCR-1 USB Audio Interface MIDI Keyboard Controller ローランド DTM -d305
7988,ZOOM RhythmTrak RT-223 ズーム リズムトラック 箱 説明書 付き 動作未確認 リズムマシン 0
7989,中古 ベリンガー オーディオインターフェース XENYX302USB
7990,midiplus X2 mini USB MIDIコントローラー 25鍵
7991,◆ STEINBERG スタインバーグ UR22C オーディオインターフェース 中古 現状品 250409G3607
7992,★動作美品! ARTURIA BEATSTEP PRO シーケンサー MIDIコントローラー アートリア
7993,ALESIS SR-16 リズムマシン ドラムマシン アレシス
7994,KORG ELECTRIBE SX ESX-1SD コルグ エレクトライブ 真空管搭載 サンプラー 箱 電源コード 付き 通電確認済み シーケンサー 1
7995,[美品] KORG KR mini 簡単・シンプル・コンパクト設計のリズムパートナー [PLQ65]【梅田店在庫】
7996,MOTU 896 Fire wire オーディオインターフェース オーディオ機器　592
7997,Behringer UCA-202 オーディオインターフェース ベーリンガー 250211SK280829
7998,【 G 】 Y7041 ARTURIA KEYLAB MK2 61 MIDIキーボード アートリア
7999,【美品・動作OK】UNIVERSAL AUDIO Apollo Twin X DUO Heritage Edition【送料無料】
8000,YAMAHA ヤマハ FB-01 音源モジュール★簡易検査品【TB】
8001,【G】MOTU 24Ao オーディオインターフェース モツ 3005065
8002,【USED品】Roland ローランド メモリーカード MEMORY CARD M-256E RAM 32K Bytes ROM JD-800 JD-990
8003,【USED品】Roland ローランド メモリーカード RAM M-256D 32K Bytes JD-800 JD-990 JV-880
8004,SC-88Pro SoundCanvas ROLAND ローランド / MIDI音源モジュール
8005,YAMAHA ヤマハ QY100 ミュージックシーケンサー リズムマシン 音楽機器 ジャンク
8006,UNIVERSAL AUDIO VOLT1/オーディオインターフェイス 通電のみ確認済 ACB 中古品
8007,★Roland MT-32 MULTI TIMBRE SOUND MODULE Ver.1★OK!!★MADE in JAPAN★
8008,KORG KR-33 RHYTHM33 ヴィンテージ リズムマシン[コルグ][リズム33][k1]10M
8009,【送料無料】Digidesign Digi002
8010,Roland TD-5 PERCUSSION SOUND MODULE 音源モジュール 器材 ローランド
8011,Roland SC-D70 動作チェック済み
8012,【送料無料】PreSonus CENTRAL STATION
8013,sm pro audio v-machine
8014,正規品 Addictive drums 2 Studio Rock
8015,M-Audio ProFire 2626 オーディオインターフェース
8016,Roland SC-88 PRO Sound Canvas ローランド MIDIサウンドジェネレーター 音源モジュール 動作品 説明書付 ★ 71793-54
8017,整備済み品 アルミ電解コンデンサ全数交換 Roland ローランド SoundCanvas サウンドキャンバス sc-88pro DTM MIDI音源 モジュール
8018,"【美品】oz design OZ-2200 マイクプリアンプ　宮地楽器モデル【DTM, DAW, Mix, Recording, 歌ってみた, Mix師】"
8019,管理1147 cakewalk Roland UA-1G オーディオインターフェース 通電のみ 汚れあり
8020,Focusrite MOSC0024 Scarlett Solo 3rd Gen オーディオインターフェイス 中古 良好 T9697739
8021,YAMAHA TX-81Z 音源モジュール シンセサイザー ヤマハ 1円~　Y8244
8022,NOVATION LAUNCHPAD X MIDIコントローラー 音響 機材 Novlpd01中古品
8023,MOTU 24 I/O
8024,Roland 音源モジュール SC-88 SOUND Canvas サウンドキャンバス MIDI音源モジュール ローランド
8025,AKAI EWI USB フル装備 ※新品マウスピース2個・予備基盤付※
8026,【G】KORG X5DR 音源モジュール コルグ 228302
8027,【1円スタート！】Neve モジュール 2台まとめて トーンジェネレータ コンデンサ 音響機器 ※現状渡し その22
8028,AKAI S950　MIDI DIGITAL サンプラー 説明書　名機　赤井
8029,【J】YAMAHA WX5 MIDIコントローラー ヤマハ 095954
8030,DONNER STARRYPAD MIDIパッドコントローラー
8031,Roland ローランド UA-1010 OCTA-CAPTURE オーディオインターフェース
8032,Roland ローランド SP-404mk2 LINEAR WAVE SAMPLER 16GB内部ストレージ USB-C給電対応 16PAD サンプラー 管理YK25001460
8033,Typhoon (After Later Audio) ユーロラックモジュール Cloudsクローン
8034,YAMAHA ヤマハ QY10 ミュージックシーケンサー イヤホンを差し込み 音出し確認済み 電池BOXに液漏れ跡あり
8035,【美品】audient 「iD14mkII」 10in/6out USB3.0対応オーディオインターフェース [国内正規品]
8036,M-AUDIO Axiom air 49 MIDIキーボード コントローラー DTM 49鍵 音響機材 中古 S9925345
8037,Ableton Move 美品　＋　Live Lite
8038,★Roland ローランド オーディオインターフェイス UM-2 未チェック 現状品 管理番号04152
8039,YAMAHA ヤマハ MU128 TONE GENERATOR 音源モジュール★ジャンク品
8040,MIDIキーボード 4点まとめ売り AKAI professional LPK25/KORG nanoKEY2/M-AUDIO KEYSTATION MINI32/midiman oxygen8 250328SK260088
8041,Behringer EURORACK UB1202 ベリンガー ユーロラック ジャンク品【1円スタート！】
8042,美品 通電確認済 Roland BOSS Dr.Groove DR-202 リズムマシーン ローランド ボス
8043,◆YAMAHA ヤマハ RX21 デジタルリズムプログラマー / QX21 デジタルシーケンスレコーダー 通電確認のみ 現状品◆E30366
8044,AVID オーディオインターフェース MBOX PRO
8045,B44320 O-01083 RME Fireface UFX オーディオインターフェース ジャンク
8046,AKAI RHYTHM WOLF アナログドラムマシン
8047,津村 TUMURA JD21 MIDIパッドコントローラー●G040Y048
8048,Roland ローランド SONIC CELL 音源モジュール★ジャンク品
8049,♪レア♪Roland SR-JV80-08 Keyboards of the'60s & 70s' Expansion Board XP-30 XP-60 XV-5080 XV-3080 fantomなどに
8050,☆【1R0422-8】 Roland ローランド リズムマシン HUMAN RHYTHM COMPOSER R-8 SN-R8-O4 SOUND LIBRARY付 ジャンク
8051,S11146△steinberg UR12 USB オーディオ インターフェイス YEYY01329【通電のみ】250424
8052,042403z MASCHINE CONTROLLER MIDIコントローラー サンプラー パッド
8053,AKAI MPC2000XL専用 SD化完全キット ファームウェアアップグレードDISK付き 期間限定特価!!
8054,ジャンク品/Roland(ローランド)/Drumatix/TR-606/Computer Controlled/リズムマシン
8055,ARTURIA SPARK リズムマシン アートリア （完動品）
8056,ValhallaDSP Bundle Windows
8057,【B-3】 Akai MPK mini キーボード 動作確認済み アカイ 1235-87
8058,KORG nanoKONTROL Studio
8059,Fabfilter Total Bundle Windows
8060,送料無料A028 YAMAHA ヤマハ MU5 MIDI音源モジュール TONE GENERATOR トーンジェネレータ
8061,ZOOM RhythmTrak RT-223 リズムマシン
8062,【美品】AKAI Professional アカイプロフェッショナル ADVANCE 25 USBキーボード コントローラ MIDI
8063,KOMPLETE KONTROL M32 中古
8064,roland UA M10　高音質　オーディオインターフェース
8065,042212. RT-123.ZOOM.RhythmTrak.リズムマシン. ズーム.通電確認のみ.ジャンク
8066,◇Roland | ローランド　オーディオインターフェイス　DUO-CAPTURE　UA-11　MK2
8067,ローランド Roland ED UA-30 USB AUDIO INTERFACE オーディオインターフェース
8068,YAMAHA MU80 整備済品
8069,【A-3】 Behringer UMC22 U-PHORIA オーディオインターフェース 動作確認済み ベリンガー 1034-22
8070,SY-301 通電品 ARTURIA BEATSTEP PRO コントローラー&シーケンサー
8071,AKAI アカイ サンプラー S950 本体のみ MIDI DIGITAL サンプラー S-950 音響 オーディオ デジタル sampler 通電動作未確認
8072,【 C 】1093 Roland Rubix24 オーディオインターフェース ローランド
8073,【 G 】4964 Roland EDIROL UM-880 MIDIインターフェース ローランド 元箱付き
8074,■□Roland TR-909 Rhythm Composer リズムマシン TR909 ローランド□■029321003□■
8075,nektar Impact GX61 MIDIキーボード 61鍵盤 通電確認 動作未確認 ジャンク扱い 185a1900
8076,Ｒoland SC-8850 (2） （ローランド） 音源モジュール SC-8850 ※ジャンク品
8077,Roli seaboard block セット販売/翌日迄の決済 受け取り迅速 厳守
8078,Verbos Electronics Scan & Pan モジュラーシンセ ユーロラック ミキサー モジュール
8079,Cyberstep KDJ-ONE 音源モジュール シーケンサー
8080,正規品 Celemony Melodyne 5 Essential 歌ってみた
8081,【音出OK】Akai MPK Mini Play MK3 Midi キーボード アカイ
8082,402 YAMAHA QY700 シーケンサー
8083,EUPHONICS MC MIX
8084,1010MUSIC black box コンパクト デジタルサンプラー
8085,AKAI CD3000 DRUMS+PERCUSSION SpecialEdition EASTWEST
8086,[KM0148] 中古現状品 RME Hammerfall DSP Digiface 通電OK
8087,YAMAHA AG03 ウェブキャスティングミキサー オーディオインターフェース ヤマハ ミキシングコンソール オーディオインターフェイス
8088,zero g vintage sampling cd Datafile one two three サンプリング uk jungle 2step garage ukf
8089,04S284■MOTU　オーディオインターフェース　828MK３■
8090,iZotope Ozone 11 Advanced Windows
8091,出音良好です【名機】Roland CR-1000 デジタルドラマー 動作確認済み
8092,4979//digidesign デジデザイン SYNC インターフェイス 通電確認済み
8093,Native Instruments MASCHINE MK3 Black MIDIコントローラー グルーヴ制作システム サンプラー 音響機材 現状品 ジャンク C9993529
8094,【行董】Avid アビッド Mbox Pro Tools オーディオインターフェース USBバスパワー レコーディング機器 MIDI DAW DTM AS004ABZ03
8095,YAMAHA CBX-K1＜動作確認済み＞ヤマハ MIDIコントローラー 37鍵キーボード スケルトンブルー MADE IN JAPAN □
8096,Roland ローランド TR-505 リズムマシン リズム コンポーザー RHYTHM COMPOSER
8097,MU-266◆Roland Rubix44 USB Audio Interface オーディオインターフェース 中古品
8098,★Roland ローランド SD-90 音源モジュール★
8099,ＹＡＭＡＨＡ　ヤマハ　ＴＧ３００　　ＴＯＮＥ　ＧＥＮＥＲＡＴＯＲ　音源ユニット
8100,◇【売り切り】AKAI professional(アカイプロフェッショナル) キーボードコントローラー SYNTHSTATION25
8101,UNIVERSAL AUDIO Apollo Twin DUO Thunderbolt ユニバーサルオーディオ UAD
8102,Antelope Audio ZEN TOUR Synergy Core RMEやAPOGEE、UAD級オーディオインターフェースをお探しの方に
8103,SC88pro　　《要修理》ジャンク　ワンオーナー物
8104,YAMAHA TG300
8105,TASCAM iXZ iPhone用　タスカム　オーディオインターフェース　DTM レコーディング
8106,SOMA laboratory Pulsar-23 オレンジ モジュラーシンセ
8107,Roland ローランド A-49-BK MIDIキーボードコントローラー 49鍵　USBケーブル付き★動作品【TB】
8108,(#7011)Steinberg 2x2 USB 2.0 オーディオインターフェース UR22
8109,BOSS DR-55 ドラムマシン　Drum Machine
8110,動作未確認 ★ ジャンク DR-880 BOSS ボス ドクターリズム Dr Rhythm リズムマシン 51800y
8111,【G】YAMAHA HELLO MUSIC 500 MU500/UW500 オーディオインターフェース ヤマハ 3045796
8112,Native Instruments Audio Kontrol 1
8113,"美品 AKAI CD3000XL STEREO CD-ROM SAMPLER サンプラー 通電・CD読込OK・現状品 (Roland, Ensoniq, Emu, Korg, Yamaha)"
8114,【美品・動作確認済み・専用カバー付き】TEENAGE ENGINEERING EP-133 K.O.II ＋ DECKSAVER 付き
8115,【 C 】1582 Antelope Audio ZEN GO オーディオインターフェイス アンテロープオーディオ
8116,AKAI S1000HD サンプラー DIGITAL SAMPLER [80~90's]
8117,YAMAHA　ブレスコントローラー　BC3　未使用品
8118,Roland SC-8850 Sound Canvas MIDI 音源モジュール 説明書付き
8119,YAMAHA QY20 ジャンク品2台まとめて
8120,【和の美】 AUDIO INTERFACE CST-80 40Z オーディオインターフェース MC昇圧トランス MCカートリッジ用セットアップトランス ケーブル付
8121,【中古品】Roland ローランド TRI-CAPTURE UA-33 オーディオインターフェース 24Bit/96KHz ※動作未確認 配信 楽曲制作 ストリーミング
8122,Steinberg UR-RT2 オーディオインターフェイス《U7357
8123,Roland ローランド コンパクトサンプラー SP-404SX
8124,ジャンク扱い品 中古★Roland / ローランド Drumatix TR-606 リズムマシン【TR-606】EVIE
8125,★ Roland ローランド SP-404MKII サンプラー 音出し確認済 中古 現状品 250501A2247
8126,【ト石】 BOSS ボス リズムマシン Dr.Rhythm シーケンサー DR-770 通電確認済 TB085EWH05
8127,【 C 】1673 Novation LaunchPad Pro MIDIコントローラー ノベーション
8128,ZOOM RhythmTrak RT-234 リズムトラック リズムマシン ズーム ドラムマシン
8129,EDIROL UM-1EX USB MIDIインターフェース
8130,ジャンク現状品★通電確認のみ digidesign デジデザイン MH068 オーディオインターフェース ★Y1402
8131,S) PreSonus プレソナス AudioBox iTwo Studio オーディオインターフェイス / HD7 ヘッドホン・M7 マイク 音響機器 機材 @100 (5)
8132,Roland SC-88Pro 難あり ヘッドフォン出力故障
8133,iZotope Ozone 11 Advanced Windows
8134,【希少・欧州で人気再燃】E-mu MP-7 コマンドステーションROMプラー
8135,BOSS DR-55 Dr.Rhythm ビンテージ リズムマシン 本体のみ 動作未確認品
8136,【 G 】1753 Roland R-8 リズムマシン ローランド
8137,Steinberg IXO22 B/ブラック オーディオインターフェース スタインバーグ 250515SK030440
8138,Roland R-8M (ジャンク品)
8139,(A2345) AKAI アカイ Professional APC40 ablton コントローラー DJ機材 楽器 音響 音楽 趣味
8140,YAMAHA ヤマハ モバイル シーケンサー リズムマシン QY100
8141,送料本文 M-AUDIO コンパクト 小型 MIDI KEYBOARD 25 鍵盤 KEY キーボード バスパワー対応 サイズ本文 即決有り 管理番号2205
8142,★652 KORG コルグ microKEY2-37 キーボード マイクロキーボード 本体 電源コード USB MIDI 37鍵 箱付
8143,【簡易動作確認済/美品】Steinberg UR12 USBオーディオインターフェイス スタインバーグ 配信 USBコード付き/60サイズ
8144,SONY ECM-PCV80U コンデンサーマイク
8145,中古 動作品 Nektar ネクター Technology IMPACT GX61 MIDI キーボードコントローラー ソフトケース付き
8146,steinberg 　UR12　オーディオインターフェース　動作品　中古
8147,nano Control studio nanoKONTROL KORG MIDIコントローラー コルグ Studio 現状品 2
8148,Roland ローランド SOUND Canvas SC-88ST ◆中古品/通電確認済 ◆ 本体のみ（1）
8149,YAMAHA MU100 MU100R 取扱説明書
8150,MOTU ultra lite mk5 動作品　美品　付属品有り オーディオインターフェース
8151,A187★BEHRINGER ベリンガー オーディオインターフェース U-PHORIA UM2 未チェック ★動作未確認ジャンク品★
8152,E05k3 ローランド　fa-66 オーディオインターフェイス
8153,YAMAHA ヤマハ リズムマシン RX8 アダプター欠品のため動作未確認
8154,Roland SP-404 12パッド コンパクト・サンプラー
8155,[8A-75-013-1] FIFINE AMPLIGAME GAMING MIXER SC3 ゲーミングオーディオミキサー 通電のみ確認済み 中古
8156,【G】BOSS JS-5 リズムマシン ボス 3046904
8157,ヤマハ　YAMAHA B1D MIDI Bass Pickup　ベースの演奏をMIDIデータに変換　ベース　ピックアップ　MIDIコントローラー
8158,【J】 YAMAHA QY700 リズムマシン ヤマハ 3046991
8159,Erica Synths BLACK VCA
8160,【簡易動作確認済】Behringer/ベリンガー U-PHORIA UM2 USB オーディオインターフェース 配信/ポッドキャスト/ストリーミング/宅録/60
8161,★ Roland ローランド MKS-20 音源モジュール 中古 現状品 250601E6601
8162,ズーム ZOOM オーディオインターフェイス TAC-2
8163,ROLI Touch Block コントローラー
8164,3P-250529-2-G KORG コルグ nanoPAD2 電子楽器 MIDIコントローラー 説明書付き 箱付き
8165,【 G 】2145 AKAI S2000 デジタルサンプラー アカイ
8166,【 C 】 Y8361 Roland SC-8850 音源モジュール ローランド　 【元箱付き】
8167,【即決】フロッピーディスクエミュレーター AKAI S3000XL GOTEK 検）HxC
8168,Solid State Logic SSL2+MKII(SSL2+MK2) 美品
8169,AKAI EWI 3020m+EWI3020
8170,KOMPLETE KONTROL S49 MIDI キーボード
8171,【動作確認済】Roland MIDI パッチベイ A-880 バックアップ電池交換済
8172,買マス234-100 【通電確認済み】 BOSS DR-880 Dr. Rhythm 多用途リズム・マシン ボス DR-880 Dr.リズム ACアダプター・保護ケース付き
8173,新品■ モジュラーシンセ用 パッチングケーブル 黒 15cm 20cm 45cm 各5本 計15本 ■ユーロラック
8174,★人気★ NOVATION LAUNCH CONTROL XL MIDIコントローラー　STHK0601-7
8175,cY10090377
8176,Roland USBオーディオインターフェース EDIROL UA-1EX　未チェック 現状品
8177,AKAI professional RIFF-O-MATIC U400 アカイ サンプラー ルーパー フレーズレコーダー ribution ケーブル付き ジャンク
8178,1円～★動作品★AKAI Professional MPC ONE スタンドアローン サンプラー
8179,Roland Fantom-XR 音源モジュール/SRX-01 Dynamic Drum Kits 楽器 音楽器材 DTM DAW ファントム ダイナミックドラムキット ローランド
8180,「2FW513」Roland ローランド MIDI キーボードコントローラー A-500S 動作未確認　本体のみ　電源アダプタ無し（250603）
8181,サンプラー Roland MV-8000
8182,Roland FC-300 MIDIフットコントローラー
8183,Metric Halo MH Edge Card 1xSPDIF 2xADAT
8184,アカイ AKAI Professional MPX16 ステレオサンプラー
8185,【 C 】 Y8470 Ace Tone FR-6 リズムマシン エース・トーン
8186,mio　iConnectivity　1イン1アウト　MIDI　インターフェイス
8187,5A　AUDIENT iD4　オーディオインターフェイス
8188,【動作品】KORG K61P 音源内蔵 61鍵盤 USB-MIDI キーボード コントローラー ミディ― 美品 通電OK 全鍵盤音出しOK タッチレスポンス 高音質
8189,Arturia マニュアルセット
8190,【完動品】Roland A-49 (A-49-BK) シンセサイザーと同じ鍵盤を採用したMIDIキーボードです
8191,YAMAHA（ヤマハ）　UX16　USB-MIDI　INTERFACE
8192,BEHRINGER UMX250 MIDIキーボード　※動作確認済
8193,TASCAM タスカム SERIES 102i 10 IN/2 OUT USB Audio/MIDI Interface
8194,サンプリングCD『f.a.s.t.animation』 未来世界のソリッドな雰囲気の漂う三次元立体効果音集
8195,Steinberg UR22mkII USB オーディオインターフェイス
8196,Roland SC-88Pro 動作確認済
8197,MOTU M4 オーディオインターフェース
8198,★良品★ KORG コルグ EMX-1SD ELECTRIBE MX エレクトライブ シーケンサー 音源モジュール リズムマシン サンプラー I250609
8199,▼ M-AUDIO KEYSTATION61 MK3 キーボード 中古 現状品 250505K2801
8200,L936-O35-3488 YAMAHA ヤマハ QY300 ミュージック シーケンサー リズムマシン 楽器 器材 説明書/ケース付き 通電OK OA
8201,052925. SC-88Pro. ROLAND SOUND CANVAS.ローランド.音源モジュール.通電確認のみ.ジャンク
8202,▼通電のみ確認☆BEHRINGER ベリンガー/FCB1010/MIDIフットコントローラー/本体のみ/ライブ スタジオ バンド▼E80509
8203,KORG DDD-1
8204,SMF Standard Midi File Original Selection 荒井由実 クリスマス系
8205,[KM0162] 中古現状品 Roland EDIROL UA-3FX USBオーディオインターフェース 通電OK ローランド 1000円スタート！
8206,高音質　APOGEE アポジー OSX/Mac用オーディオインターフェイス APOGEE ONE　送料410円　中古品
8207,Roland 音源モジュール SC-55MKⅡ ローランド 電源あり
8208,YAMAHA ヤマハ AG03 ミキサー ライブ ストリーミング 3チャンネル 本体のみ オーディオ 音響 PA 通電確認済 中古 現状品 画像の通り
8209,K1787/ Roland ローランド R-8M ドラム音源モジュール 動作未確認
8210,通電OK BEHRINGER BCN44 MIDI コントローラ B-CONTROL NANO ベリンガー 検）　音響機器 オーディオインターフェース　楽器　DTM DAW
8211,★1円スタート★AKAI Professional EWI3020/3020m ウインドシンセサイザー サウンドモジュール アカイ 説明書付き
8212,AKAI アカイ MPD218 MIDIパッドコントローラー USB
8213,behringe ベリンガー U-PHORIA UM2 オーディオインターフェース 動作未確認 HJ-250608033
8214,YAMAHA ヤマハ MU90 TONE GENERATOR MIDI音源モジュールθK
8215,鏡音リン・レン VOCALOID ボーカロイド キャラクターボーカルシリーズ02 PCソフト 250426GP010524
8216,【訳あり】[中古] Steinberg CMC-TP 詳細な動作確認ができていないため特価 [OLR95]【箕面店在庫】
8217,KORG nano Control studio nanoKONTROL コルグ MIDIコントローラー ジャンク
8218,♪【BOSS/ボス】Dr.Rhythm DR-3 リズム マシン 通電〇/動作未確認品 ★
8219,TASCAM タスカム/SERIES 208i USBオーディオ/MIDIインターフェース 保証期間中です
8220,YAMAHA/ヤマハ FB-01 音源モジュール (610
8221,AVID MBOX3 オーディオインターフェース
8222,KORG DS-DAC-10R 美品
8223,HG Roland ローランド EDIROL UA-101 オーディオインターフェース 本体のみ 未チェック現状品
8224,M-AUDIO KEYSTATION 61 MK3 簡易動作確認済み MIDIキーボード セミウェイト
8225,e-mu E4XT ULTRA サンプラー
8226,ヤマハ YAMAHA USB-MIDIインターフェース UX-16 純正品 動作確認済み 音楽制作・DTMに最適
8227,M-AUDIO オーディオインターフェース FireWire 410 MFW410M 中古通電OK動作未確！
8228,M614-K18-6246 Roland ローランド ダイナミックMIDIペダル PK-5 MIDIペダル 音響 音楽 足鍵盤 OA
8229,【極美品】Native Instruments KOMPLETE KONTROL M32 MIDIキーボード　ネイティブインストゥルメンツ
8230,Moog Minitaur
8231,◇ TASCAM US-16X08 USBオーディオインターフェース　ツーユール ラックケース付き
8232,YAMAHA AG03 ウェブキャスティングミキサー オーディオインターフェース ヤマハ ライブ配信 ゲーム実況 中古 S10137769
8233,TK SOUND SUPERSIMULATIONS TKサウンドスーパーシミュレーションズ MIDIデータ SMF MIDI DATA
8234,CREATIVE Sound Blaster SB1240
8235,Vestax VFX-1 FX MIDI CONTROLLER★動作未確認★
8236,Roland ローランド MPU-PC98Ⅱ MIDIインターフェース インターフェイス ボード★動作未確認品【TB】【委託】
8237,【 G 】2913 YAMAHA TX802 音源モジュール ヤマハ 2482845
8238,【A-2】 Roland QUAD-CAPTURE オーディオインターフェース ローランド 通電確認済み 動作未確認 元箱付き 3621-13
8239,1円 動作品 Roland ローランド MC-50 MKII マイクロコンポーザー MICRO COMPOSER
8240,K steinberg オーディオインターフェース UR22C ブラック 音響機器 32bit/192kHz USB3.0 スタインバーグ モノトク
8241,YAMAHA FXS00B 音源モジュール
8242,MACKIE CONTROL C4 PRO コントローラー 中古 T10112034
8243,Roland/ローランド JV-1080 音源モジュール 64VOICE バックアップ電池交換済み 2505
8244,【 G 】144 YAMAHA MU50 音源モジュール ヤマハ
8245,YAMAHA　DTXPRESS ドラム音源モジュール MIDI音源モジュール
8246,UNIVERSAL AUDIO ユニバーサルオーディオ Apollo Solo USB Heritage Edition オーディオインターフェース 美品 付属品有り ◆ST6/40◆
8247,【 G 】9326 Roland D-110 音源モジュール ローランド 195797
8248,iZotope Nectar 4 Advanced Windows
8249,B7763S Cakewalk by Roland オーディオインターフェース UA-25EX
8250,【名機】AKAI EWI3000M 音源モジュール V1.2チップ搭載・整備済
8251,ジャンク Roland QUAD-CAPTURE UA-55
8252,【G】UAD apollo twin X オーディオインターフェース 3049653
8253,RME HDSPe RayDAT
8254,リズムマシン ALESIS SR-16
8255,【ジャンク】ROLAND R-8 リズムマシン ローランド 1円~　S5720
8256,H233●Roland ローランド DIGITAL SAMPLER MS-1 デジタル サンプラー 日本製
8257,【 C 】 Y8966 KORG nanoKEY Studio MIDIキーボード コルグ 【元箱付き】 3055378
8258,Roland A-500pro キーボード コントローラー
8259,【希少・海外人気再燃中！】Ensoniq ASR-XサンプラーTURBO仕様
8260,★動作保証★ YAMAHA ヤマハ TG33 音源モジュール TONE GENERATOR トーンジェネレータ シンセサイザー I250626
8261,ジャンク MOTU M6 オーディオインターフェース
8262,【G】ROLAND MC-500 MKⅡ マイクロコンポーザー ローランド 3049899
8263,デジタルサンプラー DIGITAL SAMPLER S-330 Roland ローランド 通電確認のみ 現状品【40
8264,w★送料無料/短期保証付★TASCAM USBオーディオインターフェース SERIES 102i 最大24bit/192kHz 商品ID：2S392818
8265,Polyend Tracker (専用Analog Cases付) 美品　ゲーム付き 1円スタート
8266,中古 LEXICON(レキシコン) オーディオインターフェース
8267,NOVATION Launchpad Mini MK3 MIDIコントローラー
8268,Z6554★ZOOM U-24 オーディオインターフェース ハンディオーディオインターフェイス 箱説明書あり ケーブルあり 保証期間不明 中古品
8269,YAMAHA AG03 ミキシングコンソール ミキサー 音響機材 オーディオ ヤマハ 中古 良好 O10176686
8270,Intellijel Designs uVCA II ユーロラック モジュラーシンセ
8271,M-AUDIO M-Track Solo　USBオーディオインターフェース 【動作確認済み】
8272,KOMPLETE KONTROL A61 61鍵 MIDIキーボード
8273,Celemony Melodyne Studio 5 v5.4.2 Windows 動作安定版
8274,iZotope Neutron 5 Windows 動作安定版
8275,【ジャンク】 AKAI ABLETON Push MIDIキーボード
8276,Roland ローランド SOUND Canvas サウンドキャンバス SC-55 ジャンク品
8277,06S90■YAMAHA　音源モジュール　MU500■
8278,YAMAHA USB-MIDIインターフェース UX96 ヤマハ
8279,【1円スタート/ジャンク品】KORG Super Percussion DDM-220 リズムマシンコルグ スーパーパーカッション 本体
8280,【 G 】8749 Focusrite　scarlett 2i2　オーディオインターフェース　フォーカスライト　元箱付き　210623
8281,YAMAHA TG77 音出し確認済み
8282,【日本製】YAMAHA USBオーディオMIDIパーソナルスタジオ UW500 オーディオインターフェース 宅録 DTM アダプター付属/M216
8283,1回短時間使用 M-AUDIO OXYGEN PRO MINI MIDI キーボード コントローラー
8284,Focusrite フォーカスライト オーディオインターフェイス Scarlett Solo (2nd Gen)/HP60 MKII /マイクスタンド付 ∽ 72C1D-1
8285,Steinberg DORICO ELEMENTS 2 ダウンロードコード mac＆windows アクティベート不可 楽譜作成ソフト【未開封】
8286,PreSonus Quantum ES 2 オーディオインターフェイス USB-C
8287,【動作品】AVID Pro Tools HDX core card & sonnet technologies echo express iii thunderbolt 3 ver. 有用なオマケ多数。
8288,AKAI MPC2000XL専用 SD化完全キット ファームウェアアップグレードDISK付き ラスト1セットのみ
8289,Monome Arc 4 clone Elettrorama モジュラーシンセ
8290,1010MUSIC モジュラー Bitbox Micro Compact Sampling Module サンプラー
8291,ジャンク　steinberg　cl1　USBオーディオインターフェイス　動作未確認
8292,【 G 】7839 Roland A-88 MIDIキーボード ローランド 3085078
8293,NEUTRIK NA2-IO-DPRO オーディオインターフェース
8294,steinberg UR22C オーディオインターフェース スタインバーグ
8295,ヤマハ/YAMAHA TX81Z FM TONE GENERATOR/音源モジュール 音出し確認 現状販売
8296,Roland ローランド SC-55 音源モジュール★ジャンク品【TB】
8297,★AKAI Professional MPC Key 37 スタンドアローン MPCプロダクション キーボード★新品送料込
8298,HAGIWO MOD2 ハード組立済 DIYドラム音源モジュール　Eurorack モジュラーシンセ　③
8299,RME FIREFACE400 オーディオインターフェース ACアダプタ付き　DTM/DAW★動作未確認品【TB】
8300,【希少API500用シャーシ】Lindell Audio 510POWER MK2【10スロット対応・生産完了品】
8301,中古 MOTU M4 (u83886)
8302,Roland ローランド　JV-1010 jv 1010 アダプタおまけ　通電確認　動作未確認　ジャンク
8303,Roland ローランド JS-30 サンプラー サンプリング ワークステーション SAMPLING WORKSTATION SAMPLER
8304,0716Q6 MELOAUDIO トーンシフター MA MELO AUDIO TONE SHIFTER MEGA MIDIコントローラー オーディオ・インターフェ
8305,【 J 】8159 Focusrite Scarlett18i8 オーディオインターフェース フォーカスライト 3039988
8306,正規品 定番ピアノ音源 XLN Audio Addictive Keys Studio Grand DTM ボカロ tiktok
8307,送料無料 Steinberg/スタンバーグ UR22mk2 USBオーディオインターフェース 説明書＆Tool for UR22mkⅡソフト付属 / USB AUDIO INTERFACE
8308,【CD-ROM 2枚組】12点(帯付き9点+無し3点)+デモ版1点 pro sample VOL.3・4・5・6・8・10・11・12・13・14・16・38 プロサンプル
8309,55♪Roland EDIROL FA-66/VMC-1 ローランド オーディオインターフェース メディアコンバーター 2台まとめ 動作未確認 写真追加有り
8310,【 EVOLUTION USB Pro Controller MK-361C エボリューション 】
8311,TEISUCO　テスコ　RHYTHMER　リズムマシーン　　R-8
8312,YAMAHA:RY 10 リズムマシン
8313,072109. MIDIキーボード.AMAI MPK mini.動作未確認.ジャンク
8314,【 G 】 Y9772 Roland XV-5080 音源モジュール ローランド 3054974
8315,YAMAHA ヤマハ TX802 音源モジュール シンセサイザー オーディオ 音響機器 中古 N10228669
8316,【 G 】1438 Roland QUAD-CAPTURE UA-55 オーディオインターフェイス ローランド 3093602
8317,【AG03】YAMAHA オーディオインターフェース
8318,Y06/088 SeeKers UMC1688 MIDI コントローラー 通電確認済み 現状品
8319,【中古】 リズムマシン ZOOM MRT-3B
8320,【28330】KORG コルグ volca drum リズムマシン
8321,●KORG デジタル メトロノーム BEATLAB /BTL-1
8322,【G】OBERHEIM DMX ドラムマシン オーバーハイム 3010024
8323,サンプリングCD madjef Black Butta
8324,【 C 】1556 novation LAUNCHKEY49 MIDIキーボード ノベーション 075509
8325,M-Audio Fast Track Ultra オーディオインターフェース
8326,送料無料■Roland■ローランド■USBオーディオインターフェース■EDIROL■UA-1EX■中古
8327,【ACアダプター付き】YAMAHA ヤマハ QY700 シーケンサー リズムマシン ミュージックシーケンサー フロッピーディスク
8328,AKAI MPK mini plus USB MIDI キーボード・コントローラー
8329,【禁煙　ペット無し環境】フィジカルコントローラー MACKIE CONTROL UNIVERSAL マッキー　コントロール
8330,【禁煙　ペット無し　自宅のみ使用】Roland ローランド UA-1010 OCTA-CAPTURE オクトキャプチャー
8331,Receive 2 - Joranalogue モジュラーシンセ ユーロラック
8332,AKAI MPK mini plus中古
8333,【G】YAMAHA VL70-m 音源モジュール ヤマハ 3072731
8334,EDIROL UM-880
8335,【ジャンク品】YAMAHA（ヤマハ） ライブストリーミングミキサー AG03MK2 オーディオインターフェース
8336,Toontrack EZkeys 2 Windows
8337,Softube Tube-Tech Complete Collection Windows
8338,Artiphon アーティフォン INSTRUMENT1 MIDIコントローラー 付属品有り ◆ST7/63◆
8339,◆ヤマハ YAMAHA DTXP3 電子ドラム音源モジュール
8340,Arturia V Collection Windows
8341,Roland EDIROL UM-880
8342,ALM Busy S.B.G　モジュラーシンセ
8343,"QFREQ Media-Controller 新品 Qlab, ableton Live等"
8344,【ジャンク品】TR-606 中古
8345,［MIDITECH PIANOBOX PRO］美品　送料無料　音源モジュール　ドラムマシン　リズムマシン　ピアノ　シンセサイザー　キーボード　DTM DAW
8346,[良品] BBE 882i 最新の技術を駆使して開発されたソニックマキシマイザー [TL015]【神戸店在庫】
8347,【 G 】2165 Native Instruments KOMPLETE KONTROL A61 MIDIキーボード ネイティブ イントゥルメンツ 3070000
8348,YAMAHA ヤマハ MU128 トーンジェネレーター ※ジャンク 》A8364
8349,【送料込み】Roland　ローランド　D-50のラックモジュール版　D-550　完全動作　外観良好品
8350,Arturia MiniFuse2 アートリア オーディオインターフェイス ホワイト 250603GP010005
8351,【 G 】9724 YAMAHA　AG03　オーディオインターフェース　ヤマハ　211086
8352,★YAMAHA A3000/A4000/A5000 RACK MOUNTED 2U★
8353,Funky Rex Guitars ★サンプリングDVD-R
8354,★YAMAHA MU500 KNOB ノブ★
8355,サンプリングCD│ZERO-G ●MC4●ETHNIC
8356,Old Mac用 Serial MIDI interface 1in-3out　Macintosh MIDIFACE LX　ALTECH SYSTEMS シリアルMIDIインターフェイス
8357,KORG MIDIキーボード TRTK-49 49鍵盤 TRITON 本体のみ コルグ トリトン タクタイル 電子キーボード キーボード 現状品 u3983
8358,ネコポス無料！旧規格 角2P → 3P IEC320 (C14/C16) 変換 電源プラグ アダプター ビンテージシン機材 @アカイAKAI/KORG/ROLAND/BOSS
8359,★AKAI IB-48P 8 Individual Outputs Board AKAI MPC4000★OK!!★MADE in JAPAN★
8360,送料無料 希少 YAMAHA【G10 VOICE DATA BANK for TX802】ROM カートリッジ 現状品
8361,【未使用・ストック品】VESTAX (ベスタックス) / NORMAL_KNOB [交換フェーダー クロスフェーダー]
8362,AKAI S1100 MAIN CPU BOARD アカイサンプラー メインCPUボード　部品　パーツ　動作確認済み
8363,Erica Synths LXR-02 Drum Module
8364,E-MU VintageKeys OPERATION MANUAL
8365,★AKAI MPC2000/MPC2000XL/MPC3000/S01/S2800/S3000/CD3000/CD3000XL/S5000 other VOLUME KNOB WHITE★
8366,AKAI アカイ S6000 サンプラー [リモコン/ケーブル]付き★ジャンク品【TB】
8367,★AVerMedia LIVE STREAMER NEXUS AX310 オーディオミキサー★
8368,★YAMAHA W5504 W5504-01 SY/TG BRASS SECTION Waveform/VOICE DATA CARD★OK!!!★MADE in JAPAN★
8369,KORG Nanopad2
8370,★AKAI MPC2000 SYSTEM DISK Ver.1.72★OK!!★
8371,irig 箱潰れているが未使用 本物
8372,Roland ローランド EDIROL UA-1000 オーディオインターフェース【現状渡し品】
8373,YAMAHA AG06MK2 ホワイト ヤマハ 6チャンネルライブストリーミングミキサー オーディオインターフェイス
8374,Roland ローランド SN-U110-02 Latin & F.X.Percussions PCM DATA ROM サウンドライブラリー
8375,Roland SN-U110-02 Latin & F.X. Percussions Sound Library PCM Data Rom for U-110 動作未確認ジャンク
8376,YAMAHA ヤマハ トーン ジェネレーター TX802 音源モジュール サウンドモジュール シンセサイザー 音響機材 音響機器
8377,【製品登録解除済】本州のみ送料無料！MOTU M2 新品同様　傷なし！
8378,MFB modular DR-06 Tom Tom ドラム モジュール ユーロラック アナログ レア 音源 Eurorack Module
8379,AKAI professional XR10 16BIT PCM DRUM MACHINE ドラムマシン 195521001
8380,【M-AUDIO】MIDIキーボード / Axiom 25 / 動作未確認 / 25鍵盤 / ジャンク/中古
8381,☆送料無料 極美品 Native Instruments MASCHINE MK3 Black ブラック グルーヴ制作システム
8382,MOTU オーディオインターフェース UltraLite mk4 USB 18 in/22 Out S/PDIF Optical 元箱付 完動品 1円〜
8383,YAMAHA ヤマハシーケンサーQY-300 一応ジャンク
8384,★ジャンク品★MIDIキーボード AXIOM AIR49 M-AUDIO
8385,送料本文 ZOOM リズムマシン ドラム ベース 音 マシーン 音源 モジュール シーケンサー 音出し rhythm machine 即決有り 管理番号0402
8386,Roland ローランド D-550 音源モジュール 電源コード付き★ジャンク品【TB】
8387,【動作確認済】【送料無料】AKAI サンプラー用メモリ EXM3008 8MBメモリ S2800/S3000/S3000i/S3200/CD3000/MPC3000
8388,【G】BEHRINGER ADA8200 オーディオインターフェース ベリンガー
8389,Native Instruments MASCHINE MK3
8390,TASCAM タスカム US-122MKII USB オーディオインターフェース 音響機材 中古 Y9701698
8391,Roland (ローランド) / FC-200 MIDIフットコントローラー [MIDIケーブル2本＆Roland EV-5付き]
8392,【H】Mark of the Unicorn MOTU MIDI MIXER 7s ミキサー ジャンク
8393,n83212-ty ジャンク○EDIROL MIDI KEYBOARD CONTROLLER PC-50 [091-250211]
8394,☆G225■PreSonus プレソナス FADERPORT DAWコントローラー　動作未確認　中古
8395,【カタログのみです】 Roland ローランド　SOUND Canvas サウンド キャンバス シリーズ　SC-8850　SK-88Pro　SC-88ST Pro　音源モジュール
8396,M AUDIO Key Station 61MIDIキーボード 61鍵
8397,Make noise Math モジュラーシンセ ユーロラック
8398,●BOMGE BMG-11S オーディオインターフェース　USBケーブル付き　中古品
8399,BLACKSTAR USB LIVE LOGIC MIDIコントローラー #UD3601
8400,マルチトラック録音 オーディオインターフェース TASCAM US-1800
8401,Roland SC-55mkII 音源モジュール 中古 T9711304
8402,ZOOM RT-234 RhythmTrak 整備済品 アダプター付属
8403,ARTURIA (アートリア) Minilab mk2
8404,Steinberg スタインバーグ UR22C オーディオインターフェース 音響機器 現状品
8405,ARTURIA BEATSTEP MIDI コントローラー
8406,6mm軸 Dシャフトノブ ツマミ 14.5mmx19.7mm 0度 90度 180度 270度 の悩み無用！ 色は10色から選んで新品4個セット
8407,★CASIO GZ-5 カシオ MIDI入力用キーボード/DTM用キーボード【動作品】
8408,Polyend Tracker
8409,RME Babyface Pro（オーディオインターフェイス）美品！1円から！
8410,MIDI de J-Pop : MIDI smf スピッツ ミスター ミスター チルドレン 80 90 ZARD 飛鳥 米米ＣＬＵＢ 安室奈美恵 X japan 森高千里 ドリ カム
8411,【美品】TASCAM iXZ スマホ向けオーディオインターフェース
8412,YAMAHA QY10＜動作確認済み＞ACアダプター付き ヤマハ シーケンサー PA-3 □
8413,☆ YAMAHA RX5 digital rhythm programmer rx5usb rom ヤマハ リズムマシン 中古 現状品 電源なし (1-4
8414,TASCAM US-16×8 オーディオMIDIインターフェース
8415,BOSS Dr.Sample SP-202（USED）
8416,ジャンク Roland Edirol SD-90 音源モジュール
8417,BOSSボス-★DR-5★リズムマシン ドラムマシン★取扱説明書付き・少し難あり
8418,【未使用】Creative BT-W2 Bluetooth USB オーディオ専用アダプター 低遅延 aptX Low Latency (aptX LL) 対応 (PC/Mac/PS4とUSB接続可能)
8419,Steinberg UR44C
8420,名機！ YAMAHA DTXPRESS 動作チェック済 純正アダプター付属 ヤマハ 電子ドラム 音源モジュール
8421,behringer abacus make noise mathsのクローン
8422,「　ほぼ新品　」　SINGLAR SOUND BEAT BUDDY Mini2　 ビート　バディー　ドラム　マシン
8423,3232 カタログ Roland ローランド リズムマシン リズムコンポーザー TR-707/909/606 DR-110 ドラムマシン CR-8000/5000 1984年 昭和
8424,MIDIケーブル4本セット 3m3本、5m一本 動作確認済み
8425,★未使用 KAWAI シンセサイザー 音源モジュール K5m DIGITAL MULTI-DIMENSIONAL SYNTHESIZER MODULE 箱説付 カワイ 河合楽器【40
8426,○○AKAI/アカイ デジタルサンプラー professional S3000 通電OK 【ジャンク品扱い・現状渡し】
8427,☆送料無料 良品 動作品 YAMAHA ヤマハ MU100 音源モジュール 電源ケーブル付き
8428,☆ digidesign デジデザイン digi002 オーディオインターフェース 中古 現状品 250307B9301
8429,1円 IK Multimedia iRig 2 mobile guitar interface ギター用 モバイル オーディオ インターフェイス 未使用 S9659782
8430,【G】Universal Audio Arrow オーディオインターフェイス
8431,Roland ローランド オーディオインターフェース DUO-CAPTURE EX UA-22☆良品☆[51-0302-O3]
8432,BEHRINGER TD-3-MO-SR / Roland TB-303 クローン ベリンガー
8433,S10056◎FIREBOX PreSonus　24BIT / 96K　オーディオインターフェイス　プレソナス 音出しOK【訳アリ】250304
8434,【C】E-MU E4XT ULTRA ハードウエアサンプラー 音源モジュール 3033604
8435,YAMAHA MU90R 動作チェック済み
8436,ARTURIA Minilab 3 MIDIコントローラー
8437,yamaha qy700 アダプター付き
8438,正規品 Arturia Tape MELLO-FI Lo-Fi Vintage テープエミュレーション
8439,【 G 】2870 Steinberg UR22 オーディオインターフェース スタインバーグ
8440,【 G 】2135 YAMAHA QY100 シーケンサー ヤマハ
8441,【未使用に近い】SSL (Solid State Logic) SSL12 USBオーディオインターフェイス ソリッドステートロジック
8442,AKAI Professional MPK mini mk3 MIDIキーボードコントローラー ミニ25鍵USB ベロシティ対応8ドラムパッド
8443,CLASSIK PRO AM03
8444,【 J 】2183 MOTU 828FW オーディオインターフェース モツ
8445,【 G 】2863 UNIVERSAL AUDIO UAD-2 Satellite オーディオインターフェース ユニバーサルオーディオ 元箱付き
8446,a900）MOTU 828MK2 FW オーディオインターフェイス 通電確認済み
8447,Roland ローランド TM-2 音源モジュール 電子ドラム 中古 S9760465
8448,IK Multinedia iRig2 モバイルギターインターフェース
8449,【D】Singular Sound BEATBUDDY ペダル型ドラムマシン シングラーサウンド 165245
8450,KORG ( コルグ ) / volca drum
8451,Roland　オーディオインターフェース　DUO-CAPTURE　UA-55　ジャンクRT-5096
8452,Roland TR-66 Rhythm Arranger 1981年日本製ビンテージ
8453,NATIVE INSTRUMENTS MASCHINE MIKRO mk3
8454,Roland ローランド QUAD-CAPTURE UA-55 オーディオインターフェース 音響機器
8455,【中古】Pittsburgh Modular / Cell[48]　手軽に使えるモジュラーシンセラック！これからユーロラックを始められる方にも
8456,Roland TR-505 リズムマシン
8457,XAOC Devices Sofia 美品　アナログオシレータ ユーロラック モジュラーシンセ
8458,正規品 定番ピアノ音源 XLN Audio Addictive Keys Studio Grand DTM ボカロ tiktok
8459,【A-1】 Zoom RT-223 リズムマシン ズーム 通電確認済み 出音不可 現状品 3157-55
8460,BOSS DR-550 MKII Dr.Rhythm 希少箱付き 液晶状態良好
8461,YAMAHA MIDI音源　MU-100
8462,美品◎ヤマハ YAMAHA☆QY22 ミュージックシーケンサー/リズムマシン☆9V電池仕様☆
8463,KA6987/音源モジュールなど 3個/Roland SC-55mkⅡなど
8464,STEINBERG ( スタインバーグ ) / UR-RT4 USBオーディオインターフェイス【送料無料】
8465,KORG micro KEY-37 中古　送料無料　ノークレームノーリターン
8466,Intellijel Designs XFADE 1U ほぼ未使用　美品
8467,サンプリングCD「Creative Essentials Sampling CD Series Vol.18　ROCK ＆ POP VOCALS ロック＆ポップス・ボーカルズ」輸入盤・状態良好
8468,●(y) AXE I/O インターフェイス IK000101
8469,AUDIENT evo4 オーディエント オーディオインターフェース 音響関連機器 通電確認済み
8470,●Fousrite(フォーカスライト) /Scarlett 8i/6
8471,送料無料 VOLT 476 使用数時間　universal audio
8472,Focusriteのsaffire Pro 24 です
8473,YAMAHA TG77用 高輝度イエローグリーン LEDバックライト液晶ディスプレイ
8474,Roland ローランド SB-55 MIDIファイルプレーヤー★動作未確認品
8475,S10564◎YAMAHA　MU80　ヤマハ TONE GENERATOR　音源モジュール　アダプタ SYS1308-2412-W2 付属 電源OK【ジャンク】250318
8476,KORG コルグ エレクトライブ ER1 ER-1 LECTRIBE リズムマシン ドラムマシン 現状品
8477,Humble Audio Algo Expander 専用エキスパンダー　4HPサイズ
8478,USB-Aケーブルのみ IK MULTIMEDIA iRig Pro Duo I/O iRig PSU 9175 iPhone/iPad用オーディオインターフェイス 専用の電源アダプター セット
8479,Roland XV-5080 ローランド 音源モジュール ※ジャンク品
8480,ROLAND FANTOM XR 交換用 互換品LCD
8481,YAMAHA MU100R　MIDI音源　プラグインボード内蔵済み
8482,ローランド オーディオインターフェイス UA-3 DAW DTM 音楽 作曲 送料無料
8483,iZotope Nectar 4 Advanced Windows
8484,【ジャンク品】KORG EX-8000 音源モジュール
8485,【 G 】2651 YAMAHA TX-81Z 音源モジュール ヤマハ
8486,Roland/ローランド 24bit/192kHz対応 USBオーディオ・インターフェース Rubix24 説明書・元箱付 ∩ 719A4-1
8487,YAMAHA PLG150-VL 音源モジュール
8488,YAMAHA CBX-K1XG ヤマハ MIDIキーボード シンセサイザー
8489,◆ オーディオインターフェース steinberg UR22C ■ YFAD00005196
8490,レア！AKAI純正　MPC2000 MPC2000XL用フロントパネル：限定カラー仕様　メタリック・ブラック＆ホワイトロゴ、プラスその他セット（新品）
8491,TASCAM/タスカム iXZ オーディオインターフェイス
8492,【新品】ローランド USBオーディオインターフェイスRoland RUBIX-22
8493,送料込【美品】Focusrite Scarlett 2i2 オーディオインターフェイス 検索：AIF、fireface、RED、solo
8494,★Roland SN-U110-02／SN-U110-12★ローランド/サウンドラブラリー/PATCH PROGRAM DATA/ジャンク品/消費税0円
8495,[良品] MOTU M2 オーディオインターフェイス 初めての一台におすすめのオーディオインターフェース/DAW/DTM [NLG03]【神戸店在庫】
8496,■ヤマハ YAMAHA WX7 ウインドシンセ MIDIコントローラー 現状渡し
8497,[NZ][C5140412] RME Hammerfall DSP Multiface/Hammerfall DSP Digiface オーディオインターフェース 2台セット
8498,AKAI MPC2000 サンプラー　通電チェックOK フロッピー読み込みOK ジャンク品扱い
8499,コルグ KORG nanoKONTROL 2　MIDIコントローラー ジャンク品２台
8500,TASCAM USBオーディオインターフェース US-1x2-CU 4台セット　通電確認済み
8501,ZARD 坂井泉水　SAKAI IZUMI 　SMF GENERAL MIDI FILE （3.5FD） KORG
8502,●Tascam USB2.0オーディオ/NIDI インターフェイス US-122MK2
8503,YAMAHA FB-01 動作チェック済み FM音源モジュール
8504,MOTU モツ 828mk3 Hybrid オーディオインターフェース
8505,STEINBERG　UR242　USB AUDIO INTERFACE
8506,6026N02*03B▲Roland/ローランド MIDIインターフェイスボード MPU-PC98Ⅱ PCパーツ部品 インターフェース 基盤
8507,アレシス　ALESIS DM-5 ドラム音源モジュール
8508,オーディオインターフェース Steinberg UR22mkⅡ
8509,【G】YAMAHA TONE GENERATOR MU500 音源モジュール ヤマハ 3040856
8510,【G】YAMAHA Nio500-A8D8 オーディオインターフェース ヤマハ 3004057
8511,ヤマハ YAMAHA シーケンサー/リズムマシン DJX-IIB
8512,★中古★ YAMAHA PLG 100 SG Modulars Synthesis Plug-in System プラグインボード 1/2 ★美品★
8513,【美品】RME Fireface400 オーディオインターフェイス おまけ
8514,Roland USB MIDIインターフェース UM-1S
8515,♪▲【Roland ED】SOUND Canvas 音源モジュール SC-8850 0331 4
8516,[ZEROnet]ジャンク オーディオ機器　YAMAHA/ヤマハ　MIDI音源　トーンジェネレータ　VL70-m　音出しOK　ΣK704-02
8517,Focusrite Scarlett Solo 3rd Gen
8518,TASCAM オーディオインターフェース US-366 USB 2.0 Audio Interface
8519,動作良好　PreSonus STUDIO 26c / 24-Bit 192 kHz USB-C オーディオインターフェース　2入力/4出力 (C3C)
8520,TASCAM MiNiSTUDIO PERSONAL US-32 タスカム オーディオインターフェイス オーディオインターフェース 元箱
8521,iConnectivity アイコネクティビティ icmidi-04 MIDIインターフェース★ジャンク品
8522,S10674◎YAMAHA　ヤマハ　BIG JAM　RY9　シーケンサーリズムマシン　 リズムプログラマー　アダプタ WA-18G12U 通電OK【ジャンク】250401
8523,Steinberg スタインバーグ UR22 mkII オーディオインターフェース 音響機材 中古 W9877900
8524,【J】AKAI APC mini MIDIコントローラー アカイ
8525,canopus DA-Port USB オーディオインターフェイス【動作未確認】
8526,YAMAHA ヤマハ MUSIC SEQUENCER QY100 ミュージックシーケンサー 本体のみ 取説あり 通電OK ※現状品
8527,【1円スタート！】Neve モジュール 2台まとめて トーンジェネレータ コンデンサー 音響機器 その1
8528,YAMAHA AG03MK2 Black 動作確認〇
8529,【JG】E-MU 9040 PROTEUS/3 WORLD MIDI音源モジュール イーミュー 116283
8530,TX802 音源モジュール 液晶交換　基本動作確認済
8531,【ほぼ未使用】KORG 手のひらサイズシンセサイザー kaossilator(カオシレーター) 2S (シルバー)
8532,EDIROL AUDIO　 CAPTURE　UA-5
8533,【G】ROLAND MT-32 MIDI音源モジュール ローランド 116106
8534,n84639-ty ジャンク品□Native Instruments MASCHINE MIKRO MK3 ※通電のみ確認済※ [091-250406]
8535,Roland ローランド Rhythm700 TR-700 リズムマシーン
8536,Eowave Weather Drones モジュラーシンセ ユーロラック アンビエント
8537,KORG/コルグ EXB-PCM03 FUTURE LOOP CONSTRUCTION 音源ボード Z5 250312
8538,Korg コルグ ES-1 electibe サンプラー シーケンサー 中古品 現状品
8539,studiologic SL88 STUDIO MIDIキーボード スタジオロジック 88鍵盤
8540,Solid State Logic AFN-048/AFN-033 オーディオコンバーター 通電確認済 電源コード/ケーブル付き★簡易検査品【TB】
8541,【 G 】121 BOSS DR-202 Dr.Groove リズムマシン ボス 本体のみ
8542,USB オーディオインターフェース
8543,【C】AVID MBOX オーディオインターフェース 3040116
8544,YAMAHA ヤマハ RX5 リズムマシン ドラムマシン シーケンサー プログラマー デジタル DIGITAL RHYTHM PROGRAMMER
8545,YAMAHA 　ヤマハ　シンセサイザー　　TX81Z
8546,【B2】 Universal Audio UAD2 SATELLITE TB3 OCTO CORE DSPアクセラレーター ユニバーサルオーディオ 8コア UAD サンダーボルト used 868-1
8547,【1円スタート！】Neve モジュール 2台まとめて トーンジェネレータ コンデンサ 音響機器 ※現状渡し その2
8548,MBox2 Mini オーディオインターフェース 動作品
8549,Fabfilter Total Bundle Windows
8550,【G】YAMAHA MU128 音源モジュール ヤマハ 3005118
8551,Audient オーディエント　evo 8 オーディオインターフェイス
8552,BOSS DR-55 Dr.Rhythm ビンテージ リズムマシン 動作確認済み
8553,YAMAHA AG06 ウェブキャスティングミキサー オーディオインターフェース [G-1140]
8554,☆G598■BOSS SP-505 サンプラー ボス アダプター欠品
8555,PEAVEY DPM SPECTRUM BASS MIDI 音源モジュール シンセサイザー
8556,TASCAM SDカード録音機 DR-07
8557,【 C 】6260 YAMAHA MU100R 音源モジュール ヤマハ
8558,AKAI PROFESSIONAL MPC ONE アカイ プロフェッショナル スタンダード アローン サンプラー《U9939
8559,HAGIWO MOD1 ハード組立済 DIYモジュール　Eurorack モジュラーシンセ　⑤
8560,☆AUDIENT ID14 mk2 オーディオインターフェイス 音響機器 2503-K0250①K(NT)
8561,ジャンク pioneer CDJ-400 2台セット
8562,Native Instruments Komplete Audio 6 オーディオインターフェイス
8563,PreSonus Revelator io24 オーディオ/MIDIインターフェース エフェクト内臓/ミキサー/ループバックを統合 24-bit/96kHzコンバーター
8564,E-MU SYSTEMS 9010 イーミュー 音源モジュール 通電OK ※動作未確認品 状態説明あり 〆1限★ジャンク品【福岡】
8565,ZOOM R4
8566,【ほぼ新品】OXI Instruments ONE 4trシーケンサー MIDI CV USB モジュラーシンセ
8567,【開封未使用品】 Roland AIRA COMPACT T-8 BEAT MACHINE ローランド ビートマシン リズムマシン ドラムマシン ★ 71793-46
8568,★★★【USED/動作品】 Roland SC-D70 ローランド 音源モジュール MIDI音源　デジタルサウンドプロセッサ サウンドキャンバス　ＤＴＭ ！！
8569,正規品 定番ピアノ音源 XLN Audio Addictive Keys Studio Grand DTM ボカロ tiktok
8570,中古品 ZOOM リズムトラック リズムマシン RT-223 説明書付き 現状品 説明文必読
8571,YAMAHA TG77用 高輝度ブルー LEDバックライト液晶ディスプレイ
8572,【1円スタート！】Neve モジュール 2台まとめて トーンジェネレータ コンデンサ 音響機器 ※現状渡し その24
8573,【1円スタート！】Neve モジュール 2台まとめて トーンジェネレータ コンデンサ 音響機器 ※現状渡し その15
8574,【希少・美品】　AKAI サンプラー　MPC3000 ドラムマシン　音響　機材
8575,【最終値下げ】【美品】black lion audio Bluey【定番コンプ】
8576,AKAI　リズムウルフ
8577,動作未確認 TASCAM SERIES 102i オーディオインターフェース
8578,☆ TASCAM タスカム iXZ オーディオインターフェース 中古 現状品 250407M4359
8579,Roland ローランド MT-32 音源モジュール 動作確認済み
8580,② M-Audio オーディオインターフェース Fast Track C400
8581,1円【ジャンク】YAMAHA ヤマハ/シーケンサー/RX-5/70
8582,ZOOM AMS-22
8583,BDd115R 60 YAMAHA QY100 MUSIC SEQUENCER ヤマハ ミュージック モバイル シーケンサー リズムマシン PA-3B 電源アダプター
8584,Roland SK-88 Pro MIDI 音源 キーボード DTM DAW
8585,【G】YAMAHA TG55 トーンジェネレーター ヤマハ 188734
8586,基本動作確認済 Sequential circuits drumtraks ドラムトラックス ドラムマシン純正ハードケース付(送料無料) prophetやsix-trakと組合せ◎
8587,送料無料! 1010 Music Bitbox Micro Black Edition サンプラー ユーロラック モジュラーシンセ intellijel makenoise 美品
8588,・【中古品】Focusrite フォーカスライト Scarlett Solo オーディオインターフェース マイク ヘッドフォン セット 2020年製
8589,KORG volca kick (アダプタ付き)
8590,ROLAND ローランド Live Streaming studio for Smartphones Roland GO:LIVECAST 新品未使用品
8591,【Sampling CD】 BACK IN TIME - LAUTMALEREI / Orchestral Wild Takes (AKAI S3000 format) (CD-ROM) / 送料無料
8592,【中古】 ミキサー ヤマハ YAMAHA AG03 mk2 B marantz MPM-1000 コンデンサーマイク付き
8593,CRYPTON 鏡音リン レン V4X ボーカロイド ENGLISH バンドル版 クリプトン DVD-ROM パソコン 現状品
8594,ほぼ新品　NATIVE INSTRUMENTS MASCHINE MIKRO ライセンス無し
8595,【中古】 オーディオインターフェイス Focusrite Scarlett Solo 3rd Gen ファーカスライト スカーレットソロ 第3世代
8596,【E-MU イーミュ 「9090」 Orbit The Dance Planet 音源モジュール】通電OK☆現状品/A74-406
8597,Kurzweil カーツウェル 音源モジュール ME-1 Micro Ensemble
8598,[美品] Roland A-300PRO 32鍵盤MIDIキーボード・コントローラー [MLH57]【難波店在庫】
8599,XSONIC AIRSTEP YT Edition
8600,SP-404 MK2
8601,YAMAHA SU10 サンプリングユニット ヤマハ サンプラー
8602,●Roland ローランド EDIROL SD-90 音源モジュール エディロール　ジャンク●
8603,★Nemko Focusrite Scarlett 18i6 3rd Gen オーディオインターフェイス★
8604,現状品　FireWire AUDIO　 CAPTURE FA-66　　C3177　80サイズ発送
8605,u57142　　中古　AKAI MPK-mini
8606,【478-13181w】◆通電確認のみ◆TASCAM US-122MK2 オーディオインターフェース
8607,YAMAHA EMT-1 EMT-10
8608,Z44◇パーカッション・シンセサイザー◇BIAS BS-1◇アナログシンセドラム◇イシバシ楽器オリジナル◇ビンテージ◇YMO◇エフェクター◇
8609,【 G 】4826 ARTURIA DRUMBRUTE DrumBrute Creation アナログドラムマシン アートリア
8610,Arturia Rev PLATE-140
8611,【動作確認済】RME FIREFACE UFX
8612,現状品(未チェック)■SY / TG 55 サウンドカード　3枚セット■MODERN ARTIST(TG502)■BRASS SECTION(W5504)■BRASS SECTION(D5504-01)■
8613,【 C 】6940 steinberg UR22 オーディオインターフェース ステインバーグ
8614,MIDIキーボード　KOMPLETE KONTROL M32
8615,M-AUDIO エムオーディオ M-TRACK SOLO USBオーディオインターフェース 現状品 外箱等 付属
8616,"旧規格角2P(2SQ)→3P変換プラグ。ビンテージAC電源コード、AC電源ケーブル。AKAI,KAWAI,KORG,ROLANDのアナログシンセや初期のサンプラー"
8617,Roland MT-32 後期型 MIDI音源モジュール
8618,Behringer ベリンガー RD-9 リズムマシン
8619,【店頭引取可能】[R7-13]　Roland EDIROL PCR-30 MIDIキーボード　ジャンク　動作未確認　コンセント無し
8620,Fabfilter Total Bundle Windows
8621,Roland（ローランド） GO:MIXER
8622,Roland ローランド Voice Transformer VT-4 ボイスチェンジャー USBケーブル付
8623,Roland DUO-CAPTURE EX 動作未確認 USB Audio Interface オーディオインターフェイス ローランド楽器
8624,YAMAHA ヤマハ MU80 音源モジュール 通電確認のみ ACアダプター付属
8625,＊＊＊　Roland EDIROL　ハード 音源 モジュール　＊ SC-D70 ＊　オーディオ インターフェイス ＊ オーディオインターフェース　＊＊＊
8626,【中古】PreSound revelator io24
8627,YAMAHA AG06 ミキサー オーディオインターフェイス　完品
8628,【A-3】 Roland SR-JV80-01 音源ボード ローランド 元箱付き 動作未確認 772-11
8629,【 G 】4966 Roland XV-3080 音源モジュール ローランド
8630,☆稼動品☆ Steinberg UR22C オーディオ インターフェース スタインバーグ 音響機器 中古 オーディオインターフェイス PC 通電〇 1円～
8631,AKAI アカイ MPK mini MIDIキーボードコントローラー 音響機材 中古 T9877294
8632,UNIVERSAL AUDIO APOLLO SOLO Heritage Edition UAD
8633,Roland SP-404 ローランド サンプラー 音響機器 中古 O9941706
8634,ドローンやドラム　Moffenzeef Modular MUSKRAT　モジュラーシンセ　ユーロラック　doepfer make noise masf mutable
8635,Doepfer A-182-1 モジュラーシンセ ユーロラック パッシブスイッチモジュール
8636,TASCAM US-366
8637,nt250402-009A5 RME Remote Control For Fireface UFX UCX ADI-8 QS and others. 新品未開封
8638,★novation LAUNCH PAD Ableton MIDIコントローラー ランチパッド 未チェック 現状品 管理番号05022
8639,正規品 定番ピアノ音源2点セット XLN Audio Addictive Keys 未使用 DTM ボカロ
8640,IK Multimedia iRig Stream　ストリーミング配信のために設計されたオーディオインターフェイス
8641,M-AUDIO MOBILE PRE USBオーディオインターフェース本体のみ
8642,KORG plugKEY-WH 好きな鍵盤でiPhone/iPadを演奏できる、モバイルMIDI+オーディオインターフェイス Lightning接続
8643,RME fireface800 オーディオインターフェイス rme FIREFACE 800
8644,YAMAHA MU128(取説付) 動作品
8645,steinberg UR22C オーディオインターフェース 音響機材 スタインバーグ 中古 T9996449
8646,★AKAI EB-16 FX Effects Board MPC2000/MPC2000XL★OK!!★MADE in JAPAN★
8647,YAMAHA AG03MK2 ホワイト
8648,ローランド Roland QUAD-CAPTURE UA-55 オーディオインターフェース
8649,Pittsburgh modular ユーロラック モジュラーシンセケース
8650,Roland ローランド EDIROL SD-90 音源モジュール
8651,ROLAND UA-4FX2 オーディオインターフェース
8652,☆【1K0426-47】 IK Multimedia. モバイルオーディオインターフェイス iRig ProI/O ジャンク
8653,☆【3K0501-22】 通電OK AKAI 赤井電機 MIDI DIGITAL SAMPLER サンプラー S950 100V ジャンク
8654,Roland TR66
8655,Solid State Logic SSL 2 MKII ソリッド ステート ロジック アンプ 4Kアナログサウンドエフェクト オーディオインターフェイス 729706X1
8656,Universal Audio Apollo twin DUO 元箱・純正アダプタ付属、オーディオインターフェース UAD
8657,1円スタート！nektar PANORAMA P4 コントローラー
8658,Roland ローランド TR-505 リズムマシン リズム　通電確認のみ　現状品
8659,【J】 ROLAND PK-5 MIDIペダル ローランド 095884
8660,[used] Native Instruments MASCHINE MIKRO MK3 ライセンス付
8661,Roland ローランド サンプラー SP-404MK2
8662,【音出し確認済み】YAMAHA / ヤマハ　RX21　DIGITAL RHYTHM PROGRAMMER　シーケンサー　リズムマシン　管A0035
8663,Roland RA-50＜音出し確認＞※ACアダプター欠品 ローランド リアルタイムアレンジャー ① □
8664,midiglue The World's FIRST Programmable MIDI / CV Processor
8665,ROLAND SP-404 MK II サンプラー
8666,ジャンク RME FIREFACE 800 オーディオインターフェース
8667,【即決・美品】Roland ローランド/AIRA TR-8S｜TR-909、TR-808、TR-707、TR-727，TR-606、TR-09
8668,◆778 Nektar Technology IMPACT GX61 61鍵 MIDI コントローラー・キーボード ジャンク
8669,strymon STARLAB モジュラーシンセ ユーロラック リバーブ エフェクター
8670,送料安 美品 KORG コルグ nanoKONTROL2 スリムライン USB コントローラー nanoKNTRL2
8671,Ensoniq Mirage DMS-8 RACK 8bit sampler エンソニック ミラージュ サンプラー ジャンク品 junk
8672,Behringer Pro VS mini
8673,【J】E-mu PRO/CUSSION ドラム パーカッション 音源モジュール イーミュ 3045768
8674,KORG nanoKONTROL 2 / コルグ　ナノコントロール2
8675,Kawai GB-4 SESSION TRAINER
8676,Roland JV-1080 シンセサイザー 音源モジュール ローランド 音響機材 中古 S9976388
8677,Digidesign DIGI002 RACK AVID
8678,ROLAND TR-55 / Rhythm 55 リズムボックス
8679,AKAI S01 MIDI DIGITAL SAMPLER MIDIサンプラー
8680,MOTU M2 オーディオインターフェース
8681,Avid ProTools HD Native PCIe Card　送料無料
8682,Elektron Syntakt
8683,ALESIS VORTEX WIRELESS★アレシス ワイヤレス　キーター★ショルダーキーボードコントローラー
8684,PreSonus プレソナス FADERPORT MIDI コントローラー
8685,名機 KAWAI 河合 MAV-8 MIDI PATCHBAY パッチベイ 音響機器 カワイ マブハチ 音響機材 純正アダプター付 即有り
8686,ZOOM ズーム UAC-8 オーディオインターフェイス UAC-2
8687,☆現状品☆Roland ローランド 音源モジュール EDIROL SD-80
8688,iRig KEYS
8689,AKAI MPK mini plus MIDIキーボード
8690,Roland/ローランド CR-1000 デジタルドラマー(514　リズムマシン
8691,【簡易動作確認済】Roland QUAD-CAPTURE UA-55 24bit 192kHz USB 2.0 オーディオインターフェイス 配信/ストリーミング/宅録/60サイズ
8692,YAMAHA FB-01 音源モジュール ヤマハ
8693,Roland ローランド A-49-BK MIDIキーボードコントローラー 49鍵　USBケーブル付き★動作品【TB】
8694,【ヤフオク・格安スタート】TASCAM Mixcast4 【No.1640】
8695,京王技研 MINI POPS 7 ミニポップス アナログ リズムマシン (514
8696,NATIVE INSTRUMENTS ネイティブインストゥルメンツ/グルーヴ制作システム MASCHINE MIKRO MK3
8697,1円【ジャンク】nektar ネクター/MIDIキーボード/PANORAMA P6/71
8698,[良品] Morningstar MC3 3フットスイッチ+1 Omniportのコンパクトモデル [QL053]【神戸店在庫】
8699,NovationLaunchpad Mini 楽器周辺機器 MIDIコントローラー 通電確認済み
8700,Roland ローランド SMF ミュージックデータ SFテーマコレクション MIDIファイル フロッピー MF2-DD RJL-3005J
8701,♪▲【ARTURIA】MIDIキーボード KEYSTEP 0520 4
8702,▼動作確認済☆YAMAHA ヤマハ/QY10/シーケンサー/打ち込み/リズム/作曲 DTM/バンド 練習 自主練 スタジオ▼H80367
8703,B591-G20-670 Roland ローランド SOUND Canvas キャンバス SC-88 Pro 音源モジュール IM
8704,【2025/4/16購入の未開封品】　Roland ローランド SP-404MKII Stones Throw Limited Edition
8705,iZotope RX11 Advanced Windows
8706,Fabfilter Total Bundle Windows
8707,★AKAI MPC2000/APC20/APC40 other スライド フェーダー KNOB BLACK★OK!!★
8708,ノベーション novation MIDIキーボード FFFA002167-05
8709,ベリンガー BEHRINGER UMC22 U-PHORIA オーディオインターフェース　2個
8710,Y0419 KOMPLETE コンプリート オーディオインターフェース ・オーディオ１
8711,★ROLAND S-330/S550/S750/S760/S770 other DIGITAL RGB デジタル カラー ディスプレ ケーブル★OK!!★
8712,【売ります】ヤマハ VL70-m トーンジェネレーター音源モジュール 4372-6
8713,【G】Roland QUAD-CAPTURE オーディオインターフェイス オーディオインターフェース ローランド 3053130
8714,AKAI MPK mini play MIDIキーボード アカイ 現状品 通電のみ確認
8715,【美品】ARTURIA / USB MIDI キーボード・コントローラー MINILAB MK 2
8716,【美品】KORG / KR-55 Pro （ミキサー/レコーダー搭載多機能型リズム・マシン）
8717,♪ CASIO MIDI 音源内臓 KEY LIGHTING SYSTEM キーボード CTK-660L ※中古動作確認済品・純正電源アダプタ付属
8718,n86292-ty ジャンク◎NATIVE INSTRUMENTS KOMPLETE KONTOROL M32 [091-250526]
8719,【Ｇ】Focusrite scarlett 2i2 オーディオインターフェース フォーカスライト 3046818
8720,【C】IK MULTIMEDIA iRig Blue Turn フットスイッチ 3046864
8721,ローランド CR-68 リズムマシン　動作確認ジャンク品
8722,Erica Synths Black Double Bass
8723,【 G 】7952　Roland UM-880　EDIROL MIDIインターフェース　ローランド
8724,【Ｇ】YAMAHA QY100 ミュージックシーケンサー ヤマハ 3047039
8725,Akai S1000HD サンプラー Sampler 40MBハードディスク搭載
8726,Steinberg UR22C スタインバーグ オーディオインターフェース 250519SK250001
8727,ユニバーサルオーディオ ARROW UAD-2 オーディオインターフェイス Thunderbolt3 外箱付
8728,Steinberg UR22 mkⅡ 動作品 オーディオインターフェース
8729,【送料無料】TOONTRACK EZX ELECTRONIC / EZdrummer用拡張音源 / DTM / エレクトロニックドラム音源
8730,さy3708◆ローランド Roland SC-88PRO 音楽モジュール サウンドジェネレーター 中古
8731,Apogee　Rosetta200AD/DAコンバータ　with FireWire　完動品
8732,【中古】 リズムシンセサイザー KORG EM-1 ELECTRIBE 0
8733,【 G 】2152 Roland S-330 デジタルサンプラー ローランド
8734,PRESONUS プレソナス STUDIO 26c オーディオインターフェイス USB接続MIDIインターフェース　USBケーブル付き★動作未確認品【TB】
8735,【使用浅い】IK Multimedia iRig Keys I/O 25 iRigシリーズ 国内正規品 即決　送料無料！
8736,Roland ローランド SOUND Canvas SC-88ST Pro サウンドキャンバス ジャンク
8737,【通電のみ確認済み】 YAMAHA シンセイザー TX81Z サウンドモジュール FM音源モジュール マルチ音源ユニット ヤマハ 音響機材 動作未確認
8738,05S257■Roland　エクスパンションボード　SR-JV80-99■
8739,◆YAMAHA/MIDI EXPANDER YME8（068）◆
8740,♪Focusrite/フォーカスライト Saffire PRO14 オーディオインターフェイス★13230
8741,RME fire face400
8742,Roland MPU-401N Processing Unit インターフェースプロセッシングユニット ローランド
8743,"QFREQ Media-Controller 新品 Qlab, ableton Live等"
8744,■□Focusrite Scarlett 18i20 1st gen オーディオインターフェース 第一世代 フォーカスライト□■029901005J□■
8745,★AKAI Professional EWI5000J ウインド・シンセサイザー★新品送料込
8746,YAMAHA　RX7　リズムマシン　電源コード付属　ヤマハ
8747,瀧511 YAMAHA QY700 ミュージックシーケンサー ヤマハ シーケンサー リズムマシン 音響機器 オーディオ 中古 希少品
8748,w★通電のみ確認/ジャンク品★Roland EDIROL MIDIインターフェース UM-880 商品ID：2S392038
8749,steinberg UR22 MkII オーディオインターフェイス 音響機材 中古 Y10027135
8750,【X-3】 AKAI S3000XL サンプラー アカイ 簡単な音出し確認済み パーツ破損あり 画面暗め 傷や汚れ多数 現状品 1875-34
8751,● Apogee DUET 2 オーディオインターフェース
8752,IK MULTIMEDIA iRig 2 ポータブルインターフェース
8753,アカイ　AKAI S01　Lo-Fiサンプラー【動作品】
8754,管理番号Eh2000【中古】ROLAND ローランド MT-200 シーケンサー＆モジュール JUNK ジャンク 現状渡し
8755,TAG【現状渡し品】★ゲーミングミキサー Roland BRIDGE CAST ONE BRC-ONE ★通電のみ確認済み〈088-250606-TI-10-TAG〉
8756,Steinberg UR12 USB オーディオ インターフェイス 音響機材 オーディオ スタインバーグ ジャンク W10101137
8757,Roland Rubix24 (元箱あり)
8758,ARTURIA MiniLab mkII USBコントローラー (ほぼ未使用)
8759,【J】MOTU M2 オーディオインターフェイス モツ 2482080
8760,送料無料【 Worng Electronics LRMSMSLR 】モジュラーシンセ ユーロラック シンセサイザー Eurorack modular
8761,【D】ACETONE FR-6 Rhythm Ace リズムマシン 3048155
8762,送料無料【 Doepfer A-190-8 USB/MIDI to Sync Interface 】モジュラーシンセ ユーロラック Eurorack modular
8763,BOSS Dr Rhythm ドクターリズム DR-670 ★通電OK★
8764,06S31■YAMAHA　シンセサイザー　AN200■
8765,★ Apogee Jam Plus オーディオインターフェイス ポータブル ジャンク品 0.1kg
8766,●IK Multimedia iRig KEYS MIDIキーボード アイケーマルチメディア アイリグ 37鍵盤 オーディオインターフェース 音響機材 M2122
8767,サンプリングCD kaerucafe Guitar Weapon2 & Drum Point1
8768,YAMAHA ヤマハ QY20 ポータブルシーケンサー ジャンク パーツ取り 修理前提商品 QY20 ヤマハ YAMAHA ミュージックシーケンサー SEQUENCER
8769,☆【1R0605-18】 通電OK RME オーディオインターフェイス FIREFACE UCX ジャンク
8770,★ Roland ローランド EDIROL UA-25EX オーディオキャプチャー 中古 現状品 250601N3158
8771,【346b122f】未使用 RME Fireface UFX Ⅲ
8772,Roland ローランド UA-22 オーディオインターフェース DUO-CAPTURE EX
8773,Teenage Engineering ポケットオペレーター 4ボイス・サンプラー PO-33 ko 【正規輸入品】
8774,★Roland EDIROL UA-700 オーディオインターフェース ローランド エディロール エディーロール audio capture 24bit 96khz cosm
8775,KA7543/USBデジタルオーディオプロセッサー/ONKYO SE-U55SX
8776,【 徹底活用ガイド 】◎ UA-3FX EDIROL エディロール USBオーディオ・キャプチャー ガイド冊子 ◎
8777,◆M-AUDIO Oxygen Pro Mini 32鍵盤 USB MIDI キーボード コントローラー◆/T
8778,Roland ミュージ郎55 SC-55mk2
8779,エディロール UA-3FX USBオーディオキャプチャー 24ビット ハイクオリティー
8780,Topping E2x2　USBオーディオインターフェイス 　ブラック　中古動作品
8781,YAMAHA RY20 Rhythm Programmer ヤマハ
8782,MOTU 896 ジャンク　部品どり
8783,Roland/ローランド MKS-50 音源モジュール (610 PA機器
8784,★★★ iRig HD2 IK Multimedia ギター/ベース用インターフェイス ★★★
8785,ヤマハ YAMAHA AG06
8786,オーディオインターフェース steinberg 2 × 2 USB 2.0 Audio Interface UR12 / 80 (RUHT021166)
8787,PRESONUS プレソナス STUDIO 26c オーディオインターフェイス USBケーブル付き★動作未確認品【TB】
8788,【G】digidesign 003 RACK オーディオインターフェース デジデザイン 3070418
8789,VT1018 Roland ローランド A-880 MIDIパッチベイ ミキサー ジャンク品
8790,□現状品□ ROLAND SOUNDCanvas SD-80 音源モジュール ローランド ※簡易音出し可 (2746992)
8791,Roland MT80ｓ MUSIC PLAYER（MIDI音源）
8792,250603A BOSS ボス リズムマシン DR-550MKⅡ ジャンク
8793,ヤマハ YAMAHA ゲーム/配信用オーディオミキサー ZG01 ゲーム実況 配信 ストリーミング 250617
8794,動作未確認 MARION MSR-2 アナログシンセサイザー マリオン 【ジャンク品】
8795,MASCHINE MK2 black 通電未確認 【DFAQ1008】
8796,Q250619-001 ほぼ未使用 / AKAI APC mini / アカイ MIDIコントローラー H089
8797,☆BOSS DR-5 Dr.Rhythm リズムマシン 日本製
8798,Steinberg UR-RT2 USB2.0 簡易動作確認済み オーディオインターフェース
8799,iZotope Equinox Windows
8800,【 G 】 Y8992 YAMAHA EAD10 ドラム音源モジュール ヤマハ 3061488
8801,AKAI ME80P MIDI Programable Patch Bay 中古動作品 取説付き
8802,ローランド　Roland A-33　MIDIマスターキーボード【動作品】
8803,現状品■ALESIS アレシス D4　ドラム音源モジュール
8804,☆1円〜☆ BASTL INSTRUMENTS MICROGRANNY 2.0 マイクログラニー グラニュラー サンプラー
8805,EXPRESSIVE E TOUCHE SE タッチコントローラー エクスプレッシブ・イー 25F 北TO2
8806,YAMAHA ヤマハ AG03MK2 オーディオインターフェース ライブストリーミングミキサー 配信 音響機器 中古 S10140005
8807,Roland ローランド SC-88Pro 簡易動作確認済です
8808,AKAI MPK mini USB MIDIキーボード 中古 T10157752
8809,「Roland SRX-06 Complete Orchestra BOARD」
8810,【中古美品】Flame / Chord Machine2　コードもアルペジオも◎！モジュラーシンセユーザーの心強い味方となる高品位クォンタイザー
8811,Roland ローランド CM-64 DM-64N-4 音源モジュール 本体のみ 中古 通電のみ
8812,【格安スタート】Waldorf microwave XT ラック版 10Voice wavetable 動作確認済
8813,Steinberg スタインバーグ 2x2 USB2.0 24bit/192kHz オーディオインターフェース UR22mkII ジャンク品 〇管理N752
8814,正規品 iZotope RX 11 Elements DTM 歌ってみた
8815,Roland ローランド 音源モジュール CM-32L LA SOUND MODULE
8816,ZOOM RhythmTrak RT-223 ジャンク品 リズムマシン
8817,HAGIWO MOD2 ハード組立済 DIYドラム音源モジュール　Eurorack モジュラーシンセ　①
8818,Leploop シンセ　モジュラーシンセ　dtm daw リズムマシン
8819,エフェクター　VONGON Ultrasheer リバーブ　モジュラーシンセ ギター　ベース　シンセ　にも
8820,ベリンガー USBコントローラー X-TOUCH MINI Lightroom MIDI
8821,YAMAHA MU80 音源モジュール ヤマハ 本体のみ
8822,ジャンク Roland SD-90 音源モジュール
8823,【WD-8283】Roland ローランド TRI-CAPTURE UA-33 オーディオインターフェイス 24Bit 現状品 東京引取可 同梱可【千円市場】
8824,[KM0190] 中古現状品 Roland QUAD-CAPTURE UA-55 USBオーディオインターフェース 音出しOK ローランド
8825,Roland FireWire Audio Capture FA-66　ローランド　エディロール　EDIROL ローランド オーディオインターフェイス 通電確認済み中古美品
8826,USB MIDI フットペダル Bluetooth SKY MIDIER
8827,Zetaohm FLXS1・64ステップ x4 CV／トリガ
8828,PreSonus/プレソナス オーディオインターフェース□Studio 24c 中古□送料無料
8829,中古現状品 Roland 音源モジュール SC-88 PRO
8830,★Roland SD-90/SC-8850/JV-1080/JV-2080/JD-990/XV-3080/XV-5080/AR-2000/AR-3000/FM-40/GP-100 other VOLUME KNOB★
8831,S3046 Roland MC-303/グルーヴボックス/groovebox ドラムマシーン/シーケンサー/ローランド 動作詳細本文参照 現状品 JUNK
8832,BOSS FC-50 ボス MIDIフットコントローラー Roland EV-5 ローランド エフェクター 2点 セット ジャンク O10169198
8833,現状品　AKAI　アカイ　SL201 25070103
8834,BOSS　DR-670　リズムマシン　　ジャンク品
8835,動作未確認 Focusrite Scarlett 2i2 ジャンク フォーカスライト オーディオインターフェース 現状品 本体のみ USB
8836,Roland CM-64 ローランド CM64 DM-64N-4 音源モジュール ミュージ郎
8837,RME　Fireface UCX　オーディオインターフェイス　管理No.5A2544
8838,YAMAHA PLG150-AN プラグインボード 現状品
8839,Music Thing Modular Mikrophonieユーロラック モジュラーシンセ mutable ears dtm daw
8840,Roland UA-4FX ローランド　audio capture
8841,(モジュラーシンセ) Eurorack System
8842,UTT684 スタインバーグ Steinberg UR22 オーディオインターフェース 動作未確認
8843,STEINBERG ( スタインバーグ ) / UR22C オーディオインターフェイス 32bit/192kHz
8844,ば-204 RME Fireface UC RME FIREFACE UC オーディオインターフェイス　18入力/18出力 通電確認済み
8845,RME Fireface 400 周辺機器
8846,Moon Phase Patching Panda モジュラーシンセ ユーロラック make noise mutable intelijel
8847,名機！KORG ELECTRIBE SX ESX-1SD エレクトライブ サンプラー リズムマシン
8848,YAMAHA TX802 (DX7II音源モジュール版) 整備品
8849,Digidesign MBOX2 mini オーディオインターフェース　【動作未確認】41
8850,ヤマハ YAMAHA RX120 通電OK 動作未確認　アダプター無し　付属品なし　中古現状品(80s)
8851,長電3723-307♪♪【60】TEYUN Q-12 オーディオインターフェース 動作未確認未検品
8852,PRESONUS プレソナス STUDIO 26c オーディオインタフェース USB-C接続 MIDI対応 USB録音機器 USB-Cコード付き★動作未確認品【TB】
8853,【G】Roland R-8 リズムマシン ローランド 3091866
8854,AKAI MPK mini＜動作確認済み＞元箱付き MIDIコントローラー 25鍵キーボード アカイ /巻 □
8855,YAMAHA MOTIF-RACK ES 音源モジュール MOTIF ES シンセサイザー ヤマハ ※ジャンク品《U8160
8856,Alesis SR-16 アレシス ドラムマシン 動作品 純正電源アダプター付き
8857,Roland Rhythm77 TR-77 アナログ リズムボックス
8858,Roland AIRACompact T-8、J-6、S-1、3台セットケース付/美品！
8859,■AKAI/アカイ■CD/FDラック型サンプラー■CD3000i■中古■ ★オークション★
8860,AVID HD OMNI 動作確認済み！付属品あり！
8861,♪▲【Roland ローランド】QUAD-CAPTURE オーディオインターフェース UA-55 0711 4
8862,【新品同様】instruments of things SOMI-1
8863,□ Roland ローランド EDIROL SD-80 STUDIO Canvas 音源モジュール 音響機器 オーディオ機器 簡易音出し確認済み 動画あり □25071602Y
8864,BEHRINGER ベリンガー BCF2000 USB/MIDIフェーダーコントローラー★動作未確認品
8865,【 G 】8139 ARTURIA DRUMBRUTE アナログドラムマシン アートリア 3104804
8866,PROTEUS/1 XR 　 9011 音源　　デジタル　サウンド　モジュール
8867,1円 Roland QUAD-CAPTURE オーディオインターフェース 通電確認済み
8868,【本体のみ】AG03 MK2
8869,PRESONUS プレソナス AudioBox iTwo オーディオインターフェース★動作未確認品【TB】
8870,novation LAUNCHPAD MINI MK3 MIDIコントローラー オーディオ機器 ノベーション 中古 S10219740
8871,完全動作品 Roland SR-JV80-06 DANCE JV-1080 JV-2080 XV-5080
8872,【G】AKAI Professional MPD218 MIDIコントローラー アカイ 3071305
8873,【J】Steinberg UR44 オーディオインターフェイス スタインバーグ 3046945
8874,R70718 ROLAND ローランド P-330 デジタルピアノ 音源モジュール
8875,（Nz075404）ヤマハ　YAMAHA B1D MIDI Bass Pickup　ベースの演奏をMIDIデータに変換
8876,LINN 9000 リズムマシン　フルメンテナンス済み
8877,BOSS ボス Dr.Rhythm ドクターリズム DR-3 リズムマシン 電源アダプター PSA-100S 音楽 機材 S1013
8878,[NZ][G5444480] YAMAHA ヤマハ QR10 シーケンサー リズムマシン 元箱等付き
8879,ジャンク扱い 起動確認のみ AKAI アカイ プロフェッショナル MPC1000 サンプラー サンプリングマシン 音響機器 [TK25-0720-2]②
8880,S) BOSS ボス DR-550 Dr.Rhythm リズムマシン 音響機器 機材 ※ジャンク/通電OK！ @60 (7)
8881,【外観良品】 MUSICIAN ミュージシャン PHOENIX USBオーディオインターフェース 定価26万円 元箱/説明書付き ∩ 72976-1
8882,MAONO CASTER LITE AU-AM200 S1 オーディオインターフェイス ミキサー マイク 250609SK750093
8883,【動作未確認】AKAI Professional BEAT PRODUCTION CENTER XR20 ドラムマシン リズムマシン アカイ 1円~　S5909
8884,YAMAHA ヤマハ　 TG300 トーンジェネレーター　 音源モジュール
8885,AMDEK アムデック CMU-800 音源モジュール COMPU MUSIC 音響機材 中古 N10228708
8886,博物館級？Analogue Systems RS-240 Frequency Shifter ウルトラレア　Dopefer モジュラ　ユーロラック
8887,●ヤマハ　YAMAHA RY9 リズムマシン リズムプログラマー●
8888,Roland UM-2 USB-MIDIインターフェース
8889,AIS-50723-36 Roland ローランド D-110 音源モジュール サウンドモジュール 通電確認済み
8890,Behringer CLOCKED SEQUENTIAL CTRL. 1027　Arp2500レプリカ　シーケンサー、モジュラ　ユーロラック
8891,YAMAHA RX15 リズムマシン デジタルリズムプログラマー ヤマハ ジャンク N10247725
8892,ローランド　SP404 MK2 SDカード128g付き
8893,2001年 novation A-STATION アナログモデリング ポリフォニック・シンセサイザー 通電確認 長期保管品 検）ボコーダー アナログシンセ
8894,AKAI MPKmini MIDIキーボードコントローラー/Jericho DVD プレーヤー
8895,MOTU MICRO LITE MIDIインターフェイス ジャンク Y10265087
8896,［k25080020]エレキギター用プロセッサー Avid社Eleven Rack イレブンラック 通電のみ確認 Digidesign オーディオインターフェース
8897,171-Q68) 中古品 Novation ノベーション Launchpad Pro グリッドコントローラー 動作OK
8898,動作品 Roland 音源モジュール MT-32 ローランド 取説付【20
8899,希少 箱付き KORG ドラムマシン / super drums programmable digital drum machine DDM-110 説明書　付属品付き　動作品　美品
8900,オーディオインターフェースなど
8901,♪▲【Roland ローランド】音源モジュール Fantom XR 0730 3
8902,♪▲【M-AUDIO】USB MIDIインターフェース 部品取りHM MIDISPORT 2x2 ANNIVERSARY EDEITION 0730 4
8903,【 G 】7613 AUDIENT iD14 オーディオインターフェース オーディエント 3084923
8904,【動作確認済】【送料無料】Roland オーディオインターフェース Rubix24
8905,SOUND SCAN Vol.22 CD-ROM 2枚組　VINTAGE guitars loops ヴィンテージ・ギター・ループス クリプトン・フューチャー・メディア
8906,Roland ローランド JV-1010 音源モジュール センセサイザー モジュール 64ボイス 64VOICE SYNTHESIZER MODULE ACアダプター ACI-100J
8907,BOSS SP-303 ボス サンプラー 中古現状品 メモリカード付き
8908,YAMAHA/ヤマハ MU2000 EX トーンジェネレーター 音源モジュール 2022
8909,AKAI アカイ MPC STUDIO MIDIパッド DTM ビートメイク DAW連携 サンプラー 音楽制作◆動作未確認品
8910,YAMAHA ヤマハ 01X デジタルミキサー オーディオインターフェース ジャンク
8911,Softube Weiss Collection Windows
8912,AKAI S1000 サンプラー Sampler #1
8913,1円スタート MAONO ゲーミングオーディオミキサー ミュート ボイスチェンジャー リバーブ XLR接続 RGB機能 G1 NEO ブラック A12217/JS
8914,【現状品】 KURZWEIL K2000R シンセサイザー ラックマウント　音源モジュール　カーツウェル　ヴィンテージ
8915,◎貴重【YAMAHA/ヤマハ リズムマシン RX5 シーケンサー 12bit ドラムマシン パーカッション 音響機器 オーディオ 音楽制作】Q08137
8916,#19072 DOEPFER ドイプファー R2M Ribbon To midi controller 通電動作確認済み リボンタイプ MIDIコントローラー
8917,[美品] iConnectivity AUDIO4c
8918,KORG microKEY2-25 AIR コルグ MIDIキーボード 25鍵 250627SK440159
8919,サンプリングCD clockwork best service
8920,[動作 / 中古品] AKAI SG01k GM Sound Module 音源モジュール [音出し確認済み]
8921,【リアル5.1ch＋バーチャル5.1ch/7.1ch・オプティカルin＆out・外付けサウンドカード】 AREA 響音DIGI
8922,u53008　中古　エディロール　　UA-25 オーディオインターフェース
8923,PEAVEY Spectrum Bass 動作チェック済み
8924,★DJCS THE DENNY JAEGER MASTER VIOLIN SOUND LIBRARY (CD-ROM)★
8925,Roland SR-JV80-16 Orchestral II Expansion Board 動作品
8926,在庫大放出セール！【訳あり】[中古] YAMAHA RX-120 デジタル・リズム・プログラマー [NK335]
8927,Steinberg IXO22 B/ブラック 24ビット / 192kHz 対応 軽量コンパクト オーディオインターフェース スタインバーグ
8928,★Roland SR-JV80-04 VINTAGE SYNTH EXPANSION BOARD★OK!!★MADE in JAPAN★
8929,【即決/送料無料】 Steinberg スタインバーグ 24bit 192kHz対応 USB オーディオインターフェイス UR-RT2
8930,★AKAI S950/S1000/S1000HD/S1100/S1100EX MAIN VOLUME (白) ツマミ★OK!!★
8931,IK MULTIMEDIA iRig Keys MIDIキーボード keyboard MIDIコントローラー controller 37鍵 iOS 動作未確認 即有り
8932,★E-MU E5000 ULTRA DISPLAY other★M003★
8933,C3036★ Roland　ローランド　A-880　MIDIパッチ
8934,☆ LED テープ ライト［1メートル×2本セット］ USBケーブル付 間接照明 切断可 裏面テープ / 電球色 2メートル（1ｍ×2本） 【匿名配送】
8935,Twisted Electrons AY3
8936,F4-212★YAMAHA AIEB1 XS538 I/O Output Expansion Board A3000/4000/5000/SU700 拡張ボード
8937,カエルカフェ KAERUCAFE KACA0128 Astringent green/名古屋章 Forcible voice [俳優 NAGOYA AKIRAセリフサンプリング音源] 廃盤 未開封
8938,Erica Synths Sample Drum モジュラー　ユーロラック　シンセ　サンプラー
8939,■Synthax Japan BOAESMIDI AES/EBU & MIDI ブレークアウト・ケーブル for MADIface XT / HDSPe MADI FX 新品未使用 送料600円 (3)
8940,【美品】AKAI PROFESSIONAL APC KEY25
8941,YAMAHA CD SAMPLER PSLCD-101 Piano/Keyboards A3000A4000A5000 STUDIO LIBRARY
8942,動作確認済み　Roland SN-U110-04 Electric Grand ＆ Clavi
8943,KORG M1R 整備済品
8944,Roland ローランド SOUNDCanvas SC-55mk2 音源モジュール 確認済
8945,GW値下げ 定番ピアノ音源2点セット XLN Audio Addictive Keys 未使用 DTM ボカロ
8946,正規品 Applied Acoustics Systemsサウンドパック2点セット DTM
8947,Roland/ローランド SR-JV80-09 session 音源ボード エクスパンションボード 250102
8948,Native Instruments MASCHINE MK2 White MIDIコントローラー【100】241227P5T1NN
8949,【中古】 1010music MOK Waverazor Dual Oscillator モジュラーシンセ ユーロラック
8950,emagic Unitor8 Mk II MIDIインターフェイス 未チェック 現状品 管理番号01150
8951,emagic Unitor8 Mk II MIDIインターフェイス 未チェック 現状品 管理番号01148
8952,【used】AUDIENT / EVO 8【GIB横浜】
8953,Nord Rack 2 アナログシンセサイザー　モデリング　音源モジュール
8954,Roland ローランド SP-404MKIIサンプラー #UD3559
8955,【サンプリングCD/帯付き/ACID/REX2/WAVE】『シャミセン-三味線-』(SHAMISEN/DFSD580/ethnic world)
8956,送料無料 Roland ローランド Sound Canvas SC-55 初期ロット SC-55mkII 純正 カード型 リモコン 13169726 即決！
8957,MFB modular DR-05 Snare Drum ドラム モジュール ユーロラック スネアドラム レア 音源 Eurorack Module
8958,MFB modular DR-04 Bass Drum ドラム モジュール ユーロラック キックドラム バスドラ レア 音源 Eurorack Module
8959,BEHRINGERPRO-800 ほぼ未使用　新品
8960,【G】IK Multimedia iRig Keys 37 USB MIDIキーボードコントローラー アイケイマルチメディア 3007389
8961,novation LAUNCHCONTROL XL mk2 ほぼ新品 中古　MIDI コントローラー
8962,10.156 RME◆Hammerfall DSP digiface Interface オーディオインターフェイス◆
8963,[3月末まで特価] YAMAHA TG77用 高輝度ブラック LEDバックライト液晶ディスプレイ
8964,★ROLAND SC-88/SC-88PRO 00232756 QC64-523N 電源ユニット★OK!!★MADE in JAPAN★
8965,XG HYPER GROOVE DANCE II SMF MIDI smf midi data ミディ データ
8966,AKAI EWI3020m 音源モジュール アカイ ハードケース付き
8967,□ Audio Spectrum MD80 MIDI EXPANDER 中古 現状品 250206G6116
8968,iRIG HD2
8969,Avid Artist Control（電源アダプター付属）
8970,YAMAHA VL-70-ｍ　トーンジェネレーター　アダプター　通電確認のみ
8971,『中古品』FOCUSRITE フォーカスライト USBオーディオインターフェイス Scarlett 4i4
8972,KORG nanoBAG と USBハブのセット（おまけあり）
8973,モジュラーシンセ ユーロラック　penta シーケンサー　dtm daw
8974,STEINBERG UR28M オーディオインターフェース 音響機材 ジャンク
8975,【J】ROLAND QUAD-CAPTURE オーディオインターフェイス ローランド 3030632
8976,Roland ローランド SOUND Canvas 音源モジュール DTM-88NPR SC-88
8977,KAWAI PHm POP SYNTH MODULE
8978,Roland ローランド EDIROL UA-4FX USBオーディオキャプチャー オーディオインターフェース ★120v08
8979,中古　YAMAHA RX21　ヤマハ　デジタル　リズム　プログラマー
8980,ユーロラックモジュラー ブランドステッカー5枚組 MAKENOISE INDUSTRIAL MUSIC MALEKKO (モジュラーシンセ DOEPFER INTELLIJEL 4MS ALM)
8981,【中古】 Focusrite Scarlett Solo Studio 4th Gen オーディオインターフェイスセット
8982,022026.05R/W.音源モジュール. KORG. コルグ.通電確認済み.ジャンク
8983,iZotope RX11 Advanced Windows
8984,ZOOM UAC-2 中古（ほぼ未使用状態）
8985,Roland ローランド GI-20 GK-MIDI INTERFACE インターフェース
8986,Roland メモリーカートリッジ　M-64C　希少品！　送料込み
8987,Prism Sound Lyra1 プリズムサウンド　オーディオインターフェイス
8988,Focusrite Scarlett 2i2 3rd Gen フォーカスライト ジャンク　1円スタート オーディオインターフェイス
8989,【美品】【動作確認済】apollo twin x duo heritage edition【プラグイン付き】【箱あり】
8990,ヤマハ シーケンサー YAMAHA QY70
8991,Lexicon Refiex DYNAMIC MIDI REVERERATER　動作品
8992,送料無料 取説付 完動品 ローランド Roland SC-88PRO 音源モジュール
8993,LINE 6/ライン6 POD STUDIO UX1 USB オーディオインターフェース【通電確認済】 /000
8994,ARTURIA KEYLAB 49 MK 2 White キーボードコントローラーと付属品
8995,Focusrite フォーカスライト Scarlett Solo オーディオインターフェース 本体
8996,＜ジャンク品＞Roland　フロッピーディスク　SOUND LIBRARY 他　 PN-010-01 / PN-010-02 / M-2560 / MF2-DD（13225022503109SM）
8997,B5091★Rolandローランド grooveboxリズムシーケンサー MC-303 MC-303
8998,◯営NI115-A9T60【埼玉発】Roland ローランド Rubix44 USBオーディオインターフェース 通電動作未確認 本体のみ 現状品
8999,◆YAMAHA ヤマハ MU100 音源モジュール シンセサイザー MIDI トーンジェネレーター◆
9000,Roland ローランド 音源★SC-88★動作・美品
9001,MOTU MTP AV midi timepiece MIDIインターフェース 通電のみ確認済み 現状品
9002,1円～ AKAI MPK mini play スタンドアローン MIDI キーボード
9003,★★★【動作品】Digidesign digi002 Rack　デジデザイン オーディオインターフェース
9004,【ヤフオク】TASCAM US-1x2 箱なし【No.1486】
9005,KORG K25 MIDIキーボード
9006,ARTURIA/アートリア MINILAB mk II 2 MIDIキーボード【通電確認済】 /080
9007,IndustrialMusic ユーロラックモジュール DoubleAndoreMK2 エンベロープVCA (モジュラーシンセ DOEPFER MALEKKO MAKENOISE INTELLIJEL 4MS)
9008,2409 【動作確認済】BEHRINGER XENYX 302USB アナログミキサー オーディオインターフェース ベリンガー
9009,美品　Avid Dock Androidタブレット付
9010,RME UCX fireface オーディオインターフェース
9011,iZotope RX11 Advanced Windows
9012,【簡易動作確認済/美品】Steinberg UR28M USB 2.0 オーディオインターフェース 元箱付き 配信/ストリーミング/宅録/80サイズ
9013,【完動美品】KORG minilogue XD Module
9014,[良品] KORG microKEY2-37AIR microkeyがワイヤレスに [NLG59]【神戸店在庫】
9015,MOTU micro express
9016,【G】M-AUDIO HUMMER88 PRO MIDIキーボード エムオーディオ 3015136
9017,【現状品】sensel morph
9018,BOSS Dr.Rhythm DR-660 リズムマシン 取説付き ジャンク品★132v12
9019,★AKAI EB-20 FX Effects Board (L5225B5010)★OK!!★MADE in JAPAN★
9020,Avid digidesign 192 I/O Protools
9021,LIVE配信セット YAMAHA AG03 / Marantz MPM-1000 / キャノンケーブル / ショックマウント
9022,管理番号=c3118720【中古】ROLAND VR-3 JUNK ローランド AVミキサー ジャンク 現状渡し
9023,管理番号=c3118522【中古】Native Instruments MASCHINE MIKRO MK2 & DECKSAVER JUNK ジャンク 現状渡し
9024,alesis io dock（ジャンク）
9025,YAMAHA＜MU2000＞アダプター付き　音源モジュール　トーンジェネレーター　通電確認のみ
9026,【通電・動作確認済】Roland ローランド QUAD-CAPTURE UA-55 オーディオインターフェース 各種付属品 元箱付 ストリーミング 宅録 DAW DTM
9027,送料無料!! DOBOZ TSNM 3U MK2 ユーロラック モジュラーシンセ キーボード シーケンサー アルペジエータ 美品 中古
9028,Steinberg CI2+ オーディオインターフェース USB YAMAHA
9029,ZOOM リズムマシン　SB-246 STREETBOXX
9030,Avid digidesign 192 I/O Protools
9031,AVID アビッド Artist Control フィジカルコントローラー足あり ディスプレイ表示画像あり★動作未確認品
9032,【ヤフオク・格安スタート】TASCAM US-42B MiNiSTUDIO CREATOR ブラック #2
9033,【 G 】2204 Native Instruments MASCHINE MK3 MIDIコントローラー ネイティブインストゥルメンツ 本体のみ
9034,ヤマハ●トーンジェネレーター●YAMAHA TG100●TONE GENERATORMIDI●音源モジュール●日本製
9035,【Time+Space Creative Essentials】 vol.16 DRUM & Percussion Tools 【サンプリングCD】
9036,★　Ableton Push2　★
9037,iZotope Ozone 11 Advanced Windows
9038,AKAI MPC500 サンプラー サンプリングマシン　通電確認済み
9039,★BOSS Dr. Sample SP-202 サンプラー ドクターサンプル ボス 通電確認のみ 現状品 管理番号03192
9040,UR28M 中古
9041,YAMAHA ヤマハ TX16W サンプラー　フロッピーディスク付き★ジャンク品
9042,★ AKAI アカイ AKAI MPK mini MIDIキーボード グレー 中古 通電のみ確認済み (0220499363)
9043,YAMAHA TG100 純正アダプター付属 動作チェック済み
9044,HAGIWO MOD1 ハード組立済 DIYモジュール　Eurorack モジュラーシンセ　②
9045,[美品] KORG volca sample OKGo Edition OKGoとのコラボモデル！ [NL306]【神戸店在庫】
9046,★Roland DRUM SOUND MODULE TD-50 (V-Drums)★
9047,IRig keys PRO 37 key universal keyboard controller
9048,[ジャンク扱い]電源のみ通電確認済み　Roland SOUND Canvas SC-88ST Pro、RolandED UM-2 USB MIDI INTERFACE Super MPU32 ローランド
9049,ジャンク レア Roland TR-707 RHYTHM COMPOSER ローランド リズム コンポーザー リズムマシン
9050,希少　美品　NOVATION IMPULSE 49 MIDIキーボード　ノベーション
9051,Digidesign 888 I/O　ProTools用　オーディオインターフェース　1円スタート！
9052,MARSHAL MAMR-SCYMF YAMAHA XG YMF754SB YMF754-R YAMAHA XG音源 Windows7対応 Linux サウンドカード
9053,YAMAHA SFG-05本体と取説　動作確認済み
9054,送料無料! Verbos / Voltage Multistage シーケンサー ユーロラック モジュラーシンセ 中古 intellijel makenoise 美品
9055,YAMAHA RX5 ヤマハ シーケンサー／リズムマシン WAVEFORM DATA CARTRIDGE付属 中古 美品 USED 【Yahoo!オークション】
9056,1円から　YAMAHA ヤマハ QY70 シーケンサー 現状渡し
9057,YAMAHA AG03-MIKU 初音ミク 本体のみ
9058,ROLAND SP404
9059,||【売り切り】YAMAHA ヤマハ オーディオインターフェイス AG03 通電確認済み 音響機材 ミキサー AIF
9060,1円〜 Roland SUPER JD SYNTHESIZER JD-990 ローランド 音源モジュール シンセサイザー ラック JD-800 ROCK メモリーカード付き まとめて
9061,TASCAM US-4x4 オーディオインターフェイス 音響機器 中古 T9813469
9062,ASCAM ( タスカム ) / iXZ iPad iPhone iPod touch用オーディオインターフェイス　中古
9063,M-AUDIO KEYSTATION MINI32 MK3 MIDIキーボード 32鍵
9064,ジャンク Steinberg UR-22mk2 junk 部品取りか直せる方でお願いします
9065,Behringer BI-PHASE エフェクター　mu-tron クローン　dtm daw モジュラーシンセ　ユーロラック
9066,【送料無料】AKAI MPC 1000 サンプラー 美品 動作良好
9067,オーディオインターフェース 980円スタート均一 Solid State Logic SSL SSL2+ 動作確認済
9068,ROLAND USB-MIDIインターフェース SuperMPU64 UM-4 未検品 AAL0219S2746/0323
9069,3/23 *8■Roland U-220■ローランド RS-PCM 音源モジュール【中古/現状品/動作未確認ジャンク】
9070,値下げ〜格安！AKAI MPC2000XL用交換ボタンセット：BS-2000XL-BK/ブラック（mpcstuffから購入）箱入り新品
9071,中古美品 Apogee BOOM 匿名配送、送料込み
9072,AKAI PROFESSIONAL MPC LIVE II サンプラー 音響機材 良好 W9828122
9073,★EDIROL by Roland UA-4FX オーディオインターフェース USB Audio Capture エディロール ローランド USED 15842★！！
9074,Qu-Bit Electronix Nebulae v2 モジュラーシンセ ユーロラック
9075,Roland Rubix 24 USBオーディオ・インターフェース
9076,ROLAND ローランド SoundCanvas SC-88Pro ジャンク品
9077,YAMAHA RM50 リズム音源モジュール
9078,ローランド TR-707
9079,ARTURIA KEYLAB ESSENTIAL 61
9080,Roland ローランド オーディオインターフェイス FireWire AUDIO CAPTURE FA-66 本体のみ　動作未チェック ジャンク扱い
9081,レア！　CLAVIA　ddrum4　SE　ＹＭＯ，テクノドン　通電確認のみ
9082,動作未確認 Roland UA-1010 オーディオインターフェース
9083,■YAMAHA MOTIF-RACK TONE GENERATOR 音源モジュール シンセサイザー ヤマハ■電源確認済■中古 美品 長期保管品
9084,【ジャンク品】Ace Tone Rhythm Ace FR-1 リズムマシン エーストーン 1円~　Y8178
9085,Y12/124 AKAI アカイ S2800 MIDI STEREO DIGITAL SAMPLER ステレオ デジタル サンプラー 通電確認済み 現状品
9086,BOSS DR-3 リズムマシン
9087,[極美品] BEHRINGER UMC204HD 2入力4出力/USB2.0に対応したUSBオーディオインターフェース [NLG49]【神戸店在庫】
9088,Focusrite　オーディオインターフェース　Scarlett 2i2　現状品
9089,動作確認済みKORG taktile-49 MIDIキーボード まあまあ美品 元箱付　検索：ヤマハ YAMAHA ROLAND ローランド
9090,Roland V-Drums TD-10 + TDW-1 音源モジュール　拡張機能　電子ドラム
9091,AKAI S1000 S1100 部品　パーツ　ロータリーエンコーダー　動作確認済み　DATA / CURSOR ROTARY ENCODER
9092,ZA1118/KORG MICROKEY 2-37 USB MIDIキーボード コントローラー コルグ 保管品
9093,SKYO504▲ ヤマハ YAMAHA UX256 USB-MIDIインターフェース オーディオ機器 本体のみ
9094,Elektron Analog Rytm 中古
9095,14.- YAMAHA QY300 MUSIC SEQUENCER / ヤマハ ミュージック シーケンサー
9096,◆CASIO カシオ GZ-50M GM対応音源モジュール◆
9097,Roland TR-707 RHYTHM COMPOSER ローランド リズム コンポーザー リズムマシン
9098,♪名機♪Roland SonicCell 音源モジュール ローランド
9099,【G】AKAI S3000XL アカイ デジタルサンプラー 3004354
9100,Brainworx社　bx_clipper
9101,Arturia ハイブリッドドラムマシン SPARK LE
9102,AVID Pre-HD
9103,KORG microKEY-25 MIDI キーボード
9104,【 G 】2995 ALESIS DM5 音源モジュール アレシス 本体のみ
9105,Steinberg UR22C スタインバーグ オーディオインターフェース 箱 説明書 付き 通電確認済み 音響機器 オーディオインターフェイス 2
9106,【K-81】 KORG　Expandable Hi Module/Sampler 音源モジュール サンプラー TRITON-Rack
9107,YAMAHA　USB AUDIO INTERFACE/AUDIOGRAM６
9108,TASCAM　US-366
9109,AKAI MPC2000/MPC2000XL　パネルボタンセット（AKAIから購入した純正品） 新品プラスおまけ
9110,f146*80 【現状品】 【１円～】ZOOM ズーム RT223 リズムトラック
9111,Pittsburgh modular 48HP ユーロラック モジュラーシンセケース
9112,Steinberg UR22mkII オーディオインターフェース スタインバーグ 音響機材 中古 S9842604
9113,【ジャンク】[中古] KORG nanoPAD2 詳細な動作確認ができていないため特価で販売/合計64パッド分の設定を保存可能 [OL638]【神戸店在庫】
9114,BIAS/バイアス　MIDI DRUM I/F MXD 通電OK 本体　ジャンク扱い　／音源モジュール？　インターフェイス？
9115,【B-2】 M-audio M-Track 2X2 オーディオインターフェース 通電確認済み エム・オーディオ 1109-40
9116,【J】YAMAHA QX3 シーケンサー リズムマシン ヤマハ 3037457
9117,【 G 】294 YAMAHA MOTIF-RACK ES PA-300 音源モジュール ヤマハ 本体のみ
9118,MIN【現状渡し品】Focusrite Scarlett Solo 3rd Gen オーディオ インターフェイス コンデンサーマイク付〈097-250410-ks-38-MIN〉
9119,MPC4000 AKAI エフェクトボード 動作確認済み
9120,【 C 】★308 ROLAND INTEGRA-7 音源モジュール ローランド 本体のみ
9121,M-AUDIO エムオーディオ OXYGEN PRO MINI MIDIキーボード★動作未確認品
9122,a564 【ジャンク】 RME Fireface UC 18チャンネル 24ビット/192KHz ハイスピード USB オーディオインターフェース 送:60
9123,YAMAHA CS6R TONE GENERATOR 音源モジュール　ジャンク品扱い
9124,【USED品】Roland ローランド SN-R8-01 Contemporary Percussion SOUND LIBRARY ROM PCM RAM サウンドライブラリー メモリーカード DATA
9125,状態良好 日本ハモンド NIHON HAMMOND◆リズムボックス FR-6 Rhythm Ace/リズムエース リズムマシン
9126,TEENAGE ENGINEERING PO-28 robot /USED ポケットオペレーター シンセサイザー
9127,【 G 】402 YAMAHA RX7 リズムマシン ヤマハ
9128,Digidesign DIGI002 オーディオインターフェース デジタルミキサー デジデザイン
9129,リズムボックス　日本ハモンド　Rhythm Ace　FR-6
9130,Antares Auto-Tune Unlimited Windows
9131,MOTU Microbook IIc モツ マイクロブック オーディオインターフェース 傷、汚れあり 箱無し
9132,iZotope RX11 Advanced Windows
9133,[ZEROnet]ジャンク　オーディオ機器　AKAI/赤井　MIDI音源モジュール　ピアノサウンドモジュール　SG01p　通電OK　ΣK704-31
9134,Roland ローランド MIDIパッチベイ MIDIPATCHER A-880 ミキサー
9135,Celemony Melodyne Studio 5 Windows
9136,Roland WM-1 WIRELESS MIDI ADAPTOR
9137,"Stratos SD PowerMonster用 BakMonolith 2.5"" SCSI - 25pin D-SUB変換アダプター Mac, MPC2000などに"
9138,正規品Waves IDX Intelligent Dynamics DTM
9139,△cakewaik by Roland UA-25EXCW オーディオインターフェース Roland Corporation 通電未確認 箱付き
9140,Avid アビッド HD I/O 8x8x8 オーディオインターフェース 音響機材 ジャンク O9878517
9141,ジャンク品 Universal Audio UAD-2 Satellite Duo FireWire ユニバーサルオーデイオ DSPプラグインシステム DTM オーディオ エフェクター
9142,ENSONIQ ASR-10S サンプリングキーボード 起動する(?)もディスプレイ映らず ジャンク品 部品取りなどに
9143,ヤマハ　YAMAHA シーケンサー/リズムマシン DJX-IIB
9144,Doepfer A-182-2 Quad Switches　ユーロラック　モジュラーシンセ　make noise mutable moog masf　Strymon　Instruo
9145,ジャンク ZOOM MRT-3B Micro RhythmTrak リズムマシン
9146,iZotope Equinox Windows
9147,★ZOOM ズーム リズムマシン RT-123 RhythmTrak 未チェック 現状品 管理番号04176
9148,Roland MINI SOUND GENERATOR SC-88Pro 通電確認済み ケーブルおまけ付き ◆ 美品
9149,AKAI Professional アカイ MPK mini MK3 USB MIDIキーボード 本体のみ
9150,KORG コルグ KONTROL49 MIDI STUDIO CONTROLLER MIDI キーボード コントローラー 本体のみ 動作未確認 電子楽器 1
9151,Universal Audio ユニバーサルオーディオ UAD-2 Satellite QUAD FireWire オーディオインターフェース
9152,KONIX スマートピアノ MIDI Keyboard キーボード　６１鍵 ペダル付き
9153,☆【1R0422-12.】 YAMAHA ヤマハ MIDIフットコントローラー MFC10 ジャンク
9154,内臓電池交換済 動作品 YAMAHA QY100 シーケンサー リズムマシン 日本製 XG音源 ヤマハ
9155,【B-1】 steinberg UR22C オーディオインターフェイス 通電確認済み 897-59
9156,KORG コルグ リズムボックス リズムマシン KR-MINI 【M】
9157,KAWAI K1r デジタル シンセサイザー モジュール 音源モジュール 器材 カワイ
9158,16) Elektron Octatrack MKII サンプラー / 箱・付属品付き/ エレクトロン オクタトラッ
9159,Universal Audio Apollo Twin X Duo Gen 2、Essentials+
9160,中古 STEINBERG UR22C オーディオインターフェース
9161,ローランド Roland SC-88Pro 音源モジュール SoundCanvas SOUND Canvas MIDI サウンドキャンバス　sc 88 sc-88 MIDI音源モジュール
9162,No157 YAMAHA ヤマハ 音源モジュール MU50 トーンジェネレーター
9163,iZotope RX11 Advanced Windows
9164,Excite Audio Bloom Vocal Aether Lite: ボーカルを自在に
9165,Analogue Systems RS-90 モジュラーシンセサイザー オシレーター -4120261-
9166,EDIROL USB Audio Capture UA-4FX USBオーディオインターフェイス Roland
9167,[NIB - New in Box] ARTURIA ASTROLAB - stage synthetiser (white) with original shipping box & software
9168,【77】1円～ Roland TRI-CAPTURE オーディオインターフェース UA-33 動作未確認 ジャンク品
9169,[KM0120] 中古現状品 YAMAHA MU90B ヤマハ MIDI音源 通電OK 1000円スタート！
9170,【B-1】 Steinberg ur242 オーディオインターフェース 動作確認済み スタインバーグ 1733-12
9171,behringer PRO-VS MINI
9172,ジャンク★BOSS Dr.Rhythm Section DR-5 ドクター・リズム・セクション ボス・リズムマシン＠8
9173,TEENAGE ENGINEERING / EP-1320 medieval
9174,M-Audio AIR 192|4 中古】(オーディオインターフェース/ゲーミング/DTM)
9175,SEQUENTIAL TOM　420 通電動作等は未確認　現品
9176,Roland CR-80 リズムマシン Human Rhythm Player ローランド
9177,【ほぼ新品】ローランド USBオーディオインターフェイスRoland RUBIX-22
9178,PreSonus FaderPort MIDIコントローラー プレソナス 未チェック★05001122
9179,■YAMAHA QY100 シーケンサー MUSIC SEQUENCER ヤマハ アダプター付き USED 16959■！！
9180,Roland PN-D10-01 動作チェック済み
9181,GW値下げ 定番ピアノ音源2点セット XLN Audio Addictive Keys 未使用 DTM ボカロ
9182,NI Native Instruments ネイティブ インストゥルメンツ リズムコントローラー グルーヴ制作システム MASCHINE MK1 ∝0501
9183,##【1円スタート】 YAMAHA ヤマハ ウィンド ミディー コントローラー WX5 通電のみ確認済 ジャンク品 全体的に状態が悪い
9184,KORG（コルグ） TRITON RACK (音源モジュール )　※ジャンク品
9185,Avid HD Native Thunderbolt ＋ 192I/Oセット （Avid純正TBケーブル、接続ケーブル付属！）
9186,402 Roland SP-808EX サンプラー
9187,AKAI アカイ EWI USB 電子ウィンドシンセサイザー 電子楽器（1006）
9188,【美品】 ARTURIA ( アートリア ) / MiniLab 3 BK ブラック MIDI　キーボード＆パッド・コントローラー
9189,★≪中古品≫Yamaha USB Audio Interface [t25051226]
9190,(ジャンク) Ensoniq Mirage digital multi sampler エンソニック ミラージュ サンプラー ローファイ
9191,□★ 未使用 保管品 KORG コルグ MIDI キーボード MICROKEY microKEY2-49AIR 鍵盤楽器 楽器 microKEY Air キーボード 【KA202】
9192,★ROLAND VSC-88H Ver.2 VIRTUAL SOUND CANVAS VSC-88H★OK!!★MADE in JAPAN★.
9193,Roland ローランド BRIDGE CAST ゲーミングミキサー ブラック
9194,【G】KORG microKEY Air/microKEY2-61Air MIDIキーボード コルグ 3012447
9195,165b 通電のみ確認 ジャンク扱 Roland DIGITAL SAMPLER MS-1 ローランド デジタルサンプラー
9196,Apogee Rosetta 800 192K AD/DAコンバーター完動品
9197,Roland ローランド SOUND CANVAS SC-88 音源モジュール★簡易検査品
9198,★AKAI S2800/S3000XL/CD3000/CD3000XL/S3200XL/S5000/S6000 other SOUND LIBRARY WORK STATION★
9199,管理番号O76 通電確認OK BOSS Dr Rhythm GRAPHIC DR-110 リズムマシン 現状品
9200,steinberg UR28M スタインバーグ オーディオインターフェース
9201,【 G 】7548 YAMAHA TX81Z 音源モジュール ヤマハ
9202,KORG M1R 動作OK 整備済み
9203,【ACアダプター・フットスイッチ付き】KORG コルグ リズムマシン KR mini リズムボックス スピーカー内蔵
9204,★Akai S5000/S6000 8 Channel Analog Output Card IB-S508P (9～16 Channel) ★OK!!★MADE in JAPAN★
9205,KURZWEIL 1000PX 比較的美品（ジャンク）
9206,【G】YAMAHA QY700 ミュージックシーケンサー ヤマハ 189466
9207,【Ｊ】steinberg UR12 オーディオインターフェース スタインバーグ 3012674
9208,Roland ローランド シンセサイザー キーボード　αJUNo-2 電子キーボード
9209,【J】ROLAND SC-88 音源モジュール ローランド 116805
9210,AKAI アカイ S2000 デジタルサンプラー MIDI STEREO DIGITAL SAMPLER オーディオ機器
9211,Expert Sleepers MIDI Breakout モジュラーシンセ　ユーロラック
9212,Steinberg スタインバーグ IXO12 W USBオーディオインターフェース イグゾー ホワイト
9213,NEKTAR IMPACT LX25+ MIDIキーボード/コントローラー
9214,♪▲【ARTURIA】MIDIキーボード KEYSTEP 0513 4
9215,★AKAI S5000/S6000/CD3000XL/MPC other MO/HDD/CD 電源AC ケーブ★
9216,Roland U-110 整備済品
9217,Roland ローランド TR-66 リズムアレンジャー リズムマシン 動作品
9218,Roland ローランド D-110 音源モジュール サウンドモジュール 中古品
9219,Roland M-GS64 音源モジュール ローランド 音響機材 中古 S9976390
9220,ローランド Roland リズム＆ベース・マシン AIRA Compact T-8 BEAT MACHINE
9221,RME Babyface Pro FS オーディオインターフェース ベビーフェイス 音響機材 アールエムイー 中古 良好 C10034277
9222,【動作確認済】PreSonus STUDIO 24c　オーディオインターフェース　ギター　ベース　マイク　DTM　宅録DAW Windows Mac【中古】
9223,AVID Mbox mini オーディオインターフェース　（管：LZ）
9224,★Roland VS-100 オーディオキャプチャー SONAR V-STUDIO 100 CakeWalk ローランド USED 17843★！！
9225,36★〇 t.c. electronic FireWire DeskTop Konnekt 6 / ティーシーエレクトロニック オーディオ インターフェイス 〇★
9226,MIDI　インターフェース　２台　OMS OPCODE SYSTEMS INC STUDIO 4 インターフェース・ Emagic UNITOR8 MIDIインターフェース
9227,ROLAND EDIROL USBオーディオインターフェース USB Audio Capture UA-25EX オーディオインターフェース
9228,AKAI S950 サンプラー アカイ　ジャンク
9229,Elektron Machinedrum
9230,Doepfer / A-180-2V 　モジュラーシンセ　ユーロラック
9231,【送料無料】CREATIVE SB0270 USBオーディオインターフェイス【動作品】ゆうパケットポスト発送
9232,USB MIDIホストボックス MIDIインターフェイスからMIDIコンバーター ブラック (UMH-10) A7
9233,AKAI アカイ S3000 サンプラー★動作未確認品
9234,EDIROL by Roland/エディロール UA-25EX 24bit 96khz オーディオインターフェース
9235,RME OctaMic XTC マイクプリ MADI USB オーディオインターフェイス 元箱付 美品
9236,【 G 】7876 YAMAHA PTX8 音源モジュール ヤマハ
9237,ロ705-214　BOSS　リズムマシン　DR-110　ボス　Dr.Rhythm　ドクターリズム　デジタル楽器　電子楽器　本体　ジャンク品　ヤ60
9238,PreSonus AudioBox USB オーディオインターフェイス 通電確認のみ 現状品 管理番号05222
9239,Roland SMF Music Date YMO SUPER CLASSICS
9240,iZotope Neutron 5 Windows
9241,Soundtheory Gullfoss Windows
9242,■nano KONTROL2 KORG 通電とボタンランプ点灯/WindowsPC認識のみ確認品 動作不明完全JUNK
9243,管理番号Eb1445【中古】LINE6 VARIAX VDI USB INTERFACE 2個セット JUNK ジャンク 現状渡し
9244,【G】 Roland XV-5080 音源モジュール ローランド ③ 3046505
9245,MOTU オーディオインターフェース ULmk3　通電OK
9246,【G】ROLAND PK-5 ダイナミックMIDIペダル ローランド 3065791
9247,M-Audio USB-C オーディオインターフェース 2ライン 楽器 4ライン出力 DTM AIR 192|8　or　 SONY STUDIO MONITOR　MDR-7506セット売り
9248,★Roland VP-9000/SP-808/SP-808EX/SP-808 PRO KNOB★
9249,BEHRINGER U-PHORIA UM2 USB オーディオインターフェース 音響機材 ベリンガー 中古 美品 T9945206
9250,KORG コルグ EXB-PCM03 FUTURE LOOP CONSTRUCTION 音源ボード Z5
9251,Roland S760 V2.24 OP-760-1 メモリ18M byte 204.6sec No.3 ローランド　サンプラー　説明書付　マウス付　電源コード付
9252,PRESONUS プレソナス STUDIO 26c オーディオインターフェイス USB-C MIDIインターフェース USB接続 USBケーブル付き★動作未確認品【TB】
9253,ジャンク　 TASCAM US-366 オーディオインターフェース Audio Interface USB
9254,★STEINBERG CUBASE LE 4 OEM VERSION DVD-ROM★シリアルナンバー 無し★
9255,Roland DUO-CAPTURE EX ローランド オーディオインターフェイス 音響機材
9256,ALESIS DM5 ドラム音源モジュール　中古品
9257,ジャンク Roland u-110 音源モジュール
9258,YAMAHA RM1x 中古品 動作品
9259,■ST-224 ZOOM SampleTrak サンプラー 純正電源つき 通電と表示のみ確認 完全JUNK品
9260,AKAI MPC LIVE II 1TB SSD 付
9261,【国内正規品】Cubase Pro 14 通常版 Win＆Mac ダウンロード版
9262,"【未開封】 YAMAHA ヤマハ　Catch The WAVE & MIDI!!　MU2000,UW500,XGworks でサンプリング、ハードディスク・レコーディングが自由自在"
9263,J937-O56-890 Native Instruments Maschine Mikro MK3 楽器 器材 MIDIコントローラー OA
9264,REON Driftbox R シンセサイザー
9265,iZotope Neutron 5 Windows
9266,【Ｇ】M-AUDIO TRIGGER FINGER PRO MIDIコントローラー エムオーディオ 3046852
9267,YAMAHA ミュージックシーケンサー MUSIC SEQUENCER QY20
9268,★I-O DATA / アイ・オー・データ【 DAVOXL 】USB接続 オーディオ入出力インターフェイス★即決★
9269,★Roland XV-5080 128 Voices O.S. 1.30 (LATEST)★OK!!★MADE in JAPAN★
9270,【ジャンク品】Roland SP-404 サンプラー 通電確認のみ
9271,D52必見! 中古 良品 Roland SP-404SX ローランド LINEAR WAVE SAMPLER 動作品
9272,Roland VP-9000 通電確認済　ジャンク　改造品
9273,E-MU Proteus イーミュー プロテウス 9030 61鍵盤 シンセサイザー v1.22 CAMEO
9274,［中古］[動作品] SOUNDCRAFT Notepad-5 USB オーディオインターフェース アナログミキサー （箱無し）
9275,FOCUSRITE SCARLETT 2i2 STUDIO PACK オーディオインターフェース●G050Y122
9276,Lynx AURORA 16 16ch AD/DAコンバーター(ADAT仕様)
9277,Akai MPC3000 アカイ MPC 3000 純正フロッピー付属 OS3.5 名機
9278,【希少・海外人気再燃中！】E-mu Vintage Pro
9279,【中古備品】国内正規品 MACKIE ( マッキー )ProFX6v3 アナログミキサー エフェクト搭載　オーディオインターフェース
9280,Roland ローランド EDIROL　SD-80　STUDIO Canvas　音源モジュール
9281,★Steinberg CUBASE PRO 14 正規ライセンス譲渡★
9282,中古品！Klark Teknik DN32-USBカードMidas M32 Live & Behringer X32 USB2.0拡張モジュール
9283,DiGiGrid IOS 訳あり
9284,VOCE ヴォーチェ オルガン 音源モジュール MICRO B
9285,オーディオテクニカ AT-UMX3 USB オーディオインターフェース 新品未使用 送料無料！
9286,M250530E80★ KORG MIDIキーボード　MICROKEY-37★匿名お手頃配送★
9287,現状品 本体のみ YAMAHA ヤマハ RX8 リズムマシン ドラムマシン デジタル リズム[F4413]
9288,AKAI MPD32 MIDIパッドコントローラー
9289,Novation FLkey37 MIDIキーボード
9290,iConnectivity ( アイコネクティビティ ) / mioXL MIDIインターフェイス・パッチベイ
9291,ozone11 nectar4 melodyne
9292,Roland A-49 MIDIキーボード
9293,【D-3】 Avid MBOX STUDIO オーディオインターフェース 動作確認済み 3730-58
9294,1306【ジャンク】MOTU モツ 828MK2FW オーディオインターフェース
9295,YAMAHA RM50 動作チェック済み
9296,AKAI 3020・3020ｍジャンク
9297,KORG EX-800
9298,【中古】YAMAHA ヤマハ 音源モジュール MU50 トーンジェネレーター
9299,★★★スタインバーグ Steinberg オーディオインターフェイス UR22C（Ｃ匿名★★★
9300,★Roland S-760 ENCODER BOARD VALUE/MENU(Push) Assy 70122490★OK!!★MADE in JAPAN★
9301,ZOOM RhythmTrak RT-123 ズーム リズムトラック リズムマシン ジャンク品 Y1661
9302,【Ｇ】 Audient iD4 オーディオインターフェース オーディエント 3047955
9303,AKAI 赤井電機 アカイ S3000XL サンプラー PA機器 音楽制作機器 約W555/H140/D575㎜ 約80㎜ 電源コード/ハードケース付★ジャンク品【TB】
9304,Roland 拡張音源 SR-JV80-04 VINTAGE SYNTHローランドEXPANSION BOARD エクスパンションボード
9305,【G】Arturia BEATSTEP MIDIコントローラー アートリア 029730
9306,Roland Rubix24 USBオーディオインターフェース 2入力4出力 Hi-Z対応 DAW DTM 音響機器 配信 中古 O10107002
9307,Roland SuperMPU64 64chMIDIプロセシングユニット
9308,送料無料 動作OK メンテ・リフレッシュ済 YAMAHA RX7 新品LEDディスプレイ バッテリー交換 ボタン褪色処理済
9309,【 G 】8867 Roland A-49 キーボードコントローラー ローランド
9310,◆未使用 Roland(ローランド) コンパクトサンプラー 名機 初代 SP-404 プロ用/DJ用/トラック制作用/強力サウンド加工/高品位エフェクト/他
9311,正規品 最上位版T-RackS 6 Max Upgrade IK multimedia DTM
9312,◎【売り切り】Steinberg(スタインバーグ) オーディオインターフェイス USB AUDIO INTERFACE 24bit 192kHz UR22
9313,Roland BOSS Dr.Sample SP-303 サンプラー ローランド ボス
9314,【 J 】8212 SIMMONS　 MTX9　電源モジュール　ドラム音源　シモンズ　210101
9315,【ジャンク1円スタート!】 AVID Fast Track Solo オーディオインターフェース
9316,2HP UNITYコンパクトミキサー　3入力1出力　or 6 入力1出力　美品 ユーロラック
9317,PRESONUS プレソナス STUDIO 26c オーディオインターフェイス USBケーブル付き★動作未確認品【TB】
9318,Roland UA-55 Quad-capture 動作未確認 ローランド オーディオインターフェース
9319,【動作確認済】Roland 音源モジュール MT-32
9320,送料無料A107 ジャンク Focusrite Scarlett 2i2 G2 2-in/2-out USB オーディオインターフェイス フォーカスライト スカーレット
9321,Roland / BOSS SP-202 Dr.Sample
9322,YAMAHA ヤマハ　RY20 Rhythm リズムマシン
9323,Focusrite LIQUID MIX 電源のみ確認　本体のみ
9324,AKAI MPC2000XL/ MPC2000S3000XL用 エフェクトボード EB16　拡張ボード
9325,F425◎Roland　ローランド　ミュージックプレーヤー　MT-300S　通電OK【ジャンク】250616
9326,Avid Digidesign 918058221-00 Rev D Mini DigiLink cable 3.6m/12Ft　デジリンクケーブル Protools
9327,YAMAHA ヤマハ KX49 USBキーボードスタジオ MIDIキーボード 通電確認済 現状品
9328,BOSS DR-880 リズム・マシン
9329,AVID SYNC HD
9330,UNIVERSAL AUDIO ユニバーサルオーディオ Apollo Twin MK II DUO オーディオインターフェース 付属品有り ◆ST5/16◆
9331,Roland ローランド DM-64N-4 CM-64 LA/PCM 音源モジュール MIDI IN/OUT/THRU搭載 レトロ音源 ゲーム音楽制作★簡易検査品【TB】【委託】
9332,【送料無料・美品】KORG(コルグ) リズム・ボックス KR mini
9333,【美品】PreSonus Revelator io24 MIDIインターフェース
9334,★1円出品★美品★中古品★AVID/オーディオ・インターフェイス/Fast Track Duo★Pro Tools Express同梱
9335,Roland ローランド USB Audio Interface オーディオインターフェイス Rubix22 USBケーブル欠品 通電確認済/ジャンク品
9336,【動作確認済】YAMAHA 音源モジュール TX802 メンテナンス品
9337,KORG EMX-1 コルグ リズムマシーン
9338,YANAHA MOTIF-Rack 中古音源モジュール《ジャンク》
9339,Roland Sound Canvas SC-55 MIDI音源モジュール
9340,【G】BOSS DR-880 リズムマシン ボス 3046851
9341,★Roland ローランド SOUND Canvas サウンドキャンバス SC-55ｍｋⅡ ジャンク品 7/061102h★
9342,Roland Quad Capture UA-55 オーディオインターフェース
9343,iZotope RX11 Advanced Windows
9344,【中古】YAMAHA AG03MK2
9345,1円 SOMA laboratory PULSAR-23 ドラムマシン ソフトケース付き ソーマ・ラボラトリー 25F 北TO2
9346,4点セット　iZotope Ozone11 Advanced RX11 Advanced Nectar 4 Advanced Neutron 5
9347,【L-0】 Arturia BEATSTEP PRO シーケンサー 簡単なチェックのみ 細かい汚れあり 3438-107
9348,6B　BOSS Ｄr.Groove DR-202　リズムマシン　本体のみ　ジャンク品
9349,【G】 KORG MICROKEY-25 MIDIキーボード コルグ 190085
9350,◎ナノコントローラー MIDIキーボード コルグ KORG nanoKONTROL 2 BK ジャンク ◎Z-2789
9351,★動作OK★ Avid MBox オーディオインターフェース
9352,■□STEINBERG UR824 オーディオインターフェース スタインバーグ□■029924006□■
9353,Roland LINEAR SYNTHESIZER D-550 音源モジュール　ジャンク品
9354,激安中古品　Roland JV-1080 シンセサイザー音源モジュール ①
9355,ZOOM RHYTHMTRAK RT-123 リズムマシン 》A7809
9356,Universal Audio VOLT 1 USB 2.0 オーディオインターフェース 1イン/2アウト ビンテージマイクプリアンプモード搭載
9357,YAMAHA MU50
9358,【G】YAMAHA TX7 FM音源モジュール ヤマハ 3049897
9359,Roland SOUND CANVAS MIDI SOUNDGENERATOR SC- 55 ローランド製 DTM用音源モジュール 通電確認済み　現状品　ジャンク
9360,あ-8386）BOSS Dr. Sample SP-202 サンプラー ドクターサンプル 通電確認のみ 中古現状品　本体のみ
9361,LAUNCHKEY 37 notation midiキーボード
9362,163 D / 1円〜 AVerMedia Live Streamer NEXUS AX310 オーディオインターフェイス 中古《動作確認済み》
9363,Roland Sound Canvas SC-88Pro ローランド　 音源モジュール　通電のみ確認★ 配線多数　動作未確認★ジャック
9364,【動作確認済】YAMAHA 音源モジュール TX802 メンテナンス品
9365,◆AKAI/サンプラー REMIX88　（005）◆
9366,Make Noise MATHS モジュラーシンセ ユーロラック 25F 北TO2
9367,★BEHRINGER/ベリンガー U-PHORIA オーディオインターフェース UMC1820/動作品/クイックスタートガイド・電源アダプター付き&2138700003
9368,YAMAHA ヤマハ 01X オーディオインターフェース★動作未確認品
9369,管理番号Ec1931【中古】MACKIE ONYX 400F & d.2 JUNK マッキー FireWire オーディオインターフェイス DJミキサー ジャンク 現状渡し
9370,KAWAI GMega 音源モジュール
9371,【中古美品・生産終了】Mutable Instruments / Ripples　人気を博したユーロラックメーカーによるリキッド・フィルター！FM、VCA入力搭載
9372,YAMAHA ヤマハ RS7000 サンプリングシーケンサー★簡易検査品
9373,【動作確認済】UNIVERSAL AUDIO VOLT 176 オーディオインターフェイス
9374,06S75■Roland　TR-505　リズムマシン■
9375,Roland　オーディオインターフェース　GOMIXERPX
9376,【NW-8406】Roland デジタルシーケンサー サウンドモジュール MT120s ジャンク 東京引取可【千円市場】
9377,ARTURIA AudioFuse 8Pre 8chオーディオインターフェース ADATエクスパンダー 国内正規品
9378,●● YAMAHA ヤマハ トーンジェネレーター MU 100 全体的に状態が悪い
9379,※中古　Roland UA-55 Quad-Capture ローランド オーディオインターフェース
9380,【G】MOTU 828mk3 オーディオ インターフェース モツ 3050711
9381,A317 KORG コルグ microKEY 25鍵 MIDIキーボード　動作未確認　ジャンク品　箱付き(破れ有り)
9382,YAMAHA/ヤマハ/CBX-101/CBX-T3/HELLO MUSIC/PC98/MIDI/音源モジュール/
9383,【送料無料】NOVATION ( ノベーション ) / Launchpad X MIDIパッド【美品中古】
9384,EDIROL M-16DX Roland ローランド ミキサー デジタルミキサー オーディオインターフェース
9385,AKAI professional MPC RENAISSANCE サンプラー
9386,iZotope Neoverb Windows
9387,□ ROLAND SP-404 MK II サンプラー 中古 綺麗め SP404 MK2
9388,【 G 】 Y9448 Roland SP-404SX サンプラー ローランド 3062077
9389,★極美品！ABLETON エイブルトン ABLETON MOVE グルーブボックス 元箱付！★
9390,【A-1】 Korg Beat Boy リズムマシン DRUM MACHINE RECORDER TUNER 通電確認済み 4182-95
9391,YAMAHA AG03MK2　現状品
9392,AKAI EWi3000m 音源モジュール
9393,ば-308 YAMAHA MU90 音源モジュール TONE GENERATOR 通電確認できないためジャンクでの出品
9394,YAMAHA KX5 MIDIキーボード
9395,レア！ AKAI EB-16 エフェクト MPC2000XL MPC2000 etc... 増設オプション！
9396,★AKAI Professional MPK mini Play MK3 / スピーカー内蔵 ミニキーボード コントローラー ★新品送料込
9397,【 C 】 Y9511 AKAI MPK mini MK3 MIDIキーボード アカイ 3062453
9398,MASCHINE Native Instruments MIDIコントローラー
9399,Apogee アポジー Big Ben ビッグベン 192kHz対応 Master Word Clock マスターワードクロック ジャンク W10212356
9400,AKAI RHYTHM WOLF ドラムマシン 送料込
9401,★４１―０２８★オーディオ機器　ZOOM ズーム USB3.0 オーディオインターフェイス UAC-2 本体のみ※動作不明 PC接続 音楽制作 配信[60]
9402,KORG　nanoKONTROL nanoKEY nanoPAD　3個まとめて
9403,ToneX METAL Gems Collection IK multimedia DTM アンプシミュレーター ギター
9404,【 G 】135 Native Instruments KONTROL F1 TRAKTOR対応拡張コントローラー ネイティブインストゥルメンツ 3070336
9405,EDIROL UA-25 USB オーディオインターフェース
9406,【s17508】YAMAHA RY20 ヤマハ リズムマシン※ジャンク※
9407,YAMAHA AG06 ウェブキャスティングミキサー オーディオインターフェース
9408,Roland/ローランド JV-2080 音源モジュール バッテリー交換済み 2506
9409,♪▲【ROLAND/BOSS ローランド/ボス】コンポーザー/ミキサー 2点セット MC-50/BX-8 まとめ売り 0710 23
9410,Arturia AudioFuse Rev2 USBオーディオインターフェース／美品／詳細説明あり
9411,Roland ローランド SP-404 Mk II サンプラー SP-404SX コンパクトサンプラー DTM beatmake Daw lofi
9412,steinberg オーディオインターフェース UR22MKⅡ
9413,[KM0226] 中古品 AKAI professional ME35T Audio/MIDIトリガー 基本動作OK アカイ 美品 Made in Japan
9414,Roland SRX-01 Dynamic Drum Kits
9415,♪▲【TASCAM タスカム】オーディオインターフェイス/MIDIインターフェース 2点セット US-122MKⅡ/iUR2 まとめ売り 0715 23
9416,【動作確認済み】ENSONIQ SQ-R PLUS / Synthesizer Sound Module 32 Voice/ 超レアMIDI 音源｜エンソニック
9417,♪▲【KONG/AIWA コング/アイワ】MIDIキーボード/ラジカセ 2点セット microKEY-37/CS-W310 まとめ売り 0715 23
9418,☆ SA-0717め100 ヤマハ PCM音源リズムマシン RX8 YAMAHA ヴィンテージ ☆
9419,【G】BOSS DR-670 リズムマシン ボス 3046848
9420,【G】KORG 05R 音源モジュール コルグ 3051732
9421,1円〜 ALESIS SR18 アレシス ドラムマシン プロフェッショナル 取説・箱付 リズムマシン 現状品 ジャンク出品
9422,MiDiPLUS STUDIO 2　中古良品（メンテナンス＿動作確認済）
9423,1円1スタ　 AKAI APC20 MIDIコントローラー Ableton ジャンク扱い アカイ
9424,Intellijel Designs Atlantis アナログセミモジュラー　※SH-101クローン
9425,【 G 】8404 ARTURIA BEATSTEP PRO シーケンサー アートリア 元箱付き 3061291
9426,ROLAND MKS50 + PG300 Programmer セット　動作品　原箱
9427,Y204★ensemble APOGEE オーディオインターフェース　送料870円～
9428,KORG M3R バッテリ交換済・プリセット復元済・マニュアル付　ジャンク品（送料込み）
9429,Roland ローランド MT-32
9430,digidesign デジデザイン MH040 SYNC I/O シンクロナイザー オーディオインターフェース HD対応 スタジオ機材 PA機器★動作未確認品【TB】
9431,◎ほぼ未使用◎極美品◎動作品◎MOTU◎高音質オーディオインターフェイス◎元箱付き◎M2◎モツ◎KN(365)
9432,【送料無料】BOSS BX-800 アナログミキサー
9433,1円スタート！AKAI MPC2000 ボディ部品のみ
9434,1円スタート KURZWEIL MicroPiano カーツウェル マイクロピアノ MIDI音源モジュール MP1 ピアノ音源 1円~
9435,■Behringer X-TOUCH MINI USB/MIDIコントローラー ベリンガー エックスタッチミニ USBケーブル付き USED 21332■！！
9436,ww3505 Yamaha CBX-T3 音源モジュール MIDI ヤマハ
9437,(072561F)中古品 Roland HUMAN RHYTHM COMPOSER R-5 ローランド リズムマシン r-5
9438,【J】Universal Audio Apollo Twin X DUO オーディオインターフェイス 233741
9439,即決　希少　当時物　送料無料　新品未使用品　カシオ　フロッピーディスクプレーヤー　FD 1
9440,Roland BOSS JS-5 jamstation リズムマシン ローランド
9441,【C】ELEKTRON Digitakt ドラムマシン/サンプラー エレクトロン 3069103
9442,ギターシンセ　MIDIコンバーター　SONUUS G2M ４ｍのMIDIケーブル付き　音だし確認済み　ジャンク
9443,【ジャンク】 AKAI ABLETON Push MIDIキーボード
9444,RME USB オーディオインターフェイス Babyface Pro FS 【国内正規品】中古・完全動作品
9445,【J】MOTU 896MK3 オーディオインターフェース モツ 3095839
9446,【 G 】8355 Native Instruments KOMPPLETE KONTROL S61 MIDIキーボード ネイティブインストゥルメンツ 3085402
9447,Roland「Integra-7」＋ 無線LANユニット「ONKYO UWF-1」★SuperNATURAL Sound Module
9448,Roland SC-88Pro + UM-2
9449,AJH SYNTH WAVE SWARM モジュラーシンセ ユーロラック
9450,IK Multimedia AmpliTube 5 MAX Windows
9451,♪▲【AKAI】ableton MIDIコントローラー APC40 0729 4
9452,Antares Auto-Tune Unlimited Windows
9453,(J)20250731 BOSS Dr.Groove ドクターグルーブ DR-202 ダンスリズムマシン 通電確認済み
9454,送料230円～ ジャンク 動作未確認 Roland SN-U110-14 SOUND LIBRARY PCM DATA ROM サウンドライブラリー
9455,送料800円～ ジャンク 動作未確認 ROLAND CM-32P ローランド 音源モジュール S/N:ZD14314
9456,ラスト1台　Plinky synth V3 タッチ式高機能シンセサイザー モジュラーシンセ ユーロラック ドローン　アンビエント
9457,TASCAM タスカム US-1641 オーディオ/MIDIインタフェース 電源コード付き★動作未確認品
9458,☆EDIROL UA-101 Hi-SPEED USBオーディオキャプチャー 送料こみ
9459,AKAI　EWI3000/3020用ロングケーブル
9460,PRESONUS プレソナス STUDIO 26c オーディオインタフェース USB-C接続 MIDI対応 USB録音機器 USBコード付き★動作未確認品【TB】
9461,[KM0253] 中古現状品 M-AUDIO Keystation Mini 32 MIDIキーボード 鍵盤動作OK 1000円スタート！
9462,送料無料h7700 BOSS Dr.Rhythm Section DR-5 楽器 機材 ジャンク
9463,正規品 ARTURIA Amon Tobin Tribute Sound Pack Electronica音源
9464,【 B 】938 Solid State Logic SSL 2 MKII USBオーディオインターフェイス ソリッド ステート ロジック 3110757
9465,Roland R-8M ローランド 音源モジュール ※バックアップNG表記出ます 説明書付き
9466,AKAI MPK mini コントローラー
9467,Native instruments オーディオインターフェース KOMPLETE Audio 6 中古現状品、通電確認のみ
9468,BOSS サンプラーSP-202
9469,Waves Ultimate 2024 Windows
9470,Focusrite Scarlett 6i6
9471,即決◆新品◆送料無料AKAI Professional EWI5000J White ウインド・シンセサイザー
9472,☆ Roland ローランド A-880 MIDIパッチベイ 中古 現状品 250612H2433
9473,Roland SC-88 DTM-88ATPR SoundCanvas GS音源 MIDI音源モジュール 本体のみ 動作確認済み 中古品
9474,【ほぼ新品】RME BABYFACE PRO FS オーディオインターフェース 国内正規品
9475,【難あり品】YAMAHA (ヤマハ) オーディオインターフェイス『 AG03MK2 』◆ウェブキャスティングミキサー / ブラック　[K638]
9476,Roland SC-88 PRO サウンドモジュール ローランド オーディオ機器 DTM インターフェース 80サイズ発送 p-3993337-85-mrrz1
9477,Focusrite scarlett 18i20 Gen2 中古　ボタン欠品あり
9478,【通電確認済】YAMAHA/ヤマハ AG03 MIXING CONSOLE ウェブキャスティングミキサー ホワイト
9479,Fuji - VOSTOK INSTRUMENTS モジュラーシンセ ユーロラック
9480,IK Multimedia iRig UA（DSP内蔵 Android用 オーディオインターフェイス ギター エフェクト プロセッサー）
9481,【現品限り・未開封品】ShigetakeAo / Forest＆River For Criative[サンプリングCD]
9482,【おまけ付】通電 デモ確認 YAMAHA MU90 TONE GENERATOR AC電源 説明書 セット MU-1 MIDI XG ROLAND
9483,★E-MU Proteus 1000/2000/Audity/Virtuoso/Lead/Mo' Phatt/B-3/Planet Earth/Orbit 3 other DISPLAY★M025F★M025FMKA★
9484,★Akai S1000 FRONT PANEL★OK!!★
9485,2405MK●カタログ「Roland ローランド・デスクトップ・メディア・プロダクション総合カタログ」2000.11●ミュージ郎/MIDI/DTM
9486,【訳あり】[中古] ddrum DD3X ダイナミックで多彩なサウンド体験 [UK167]
9487,KS8】 REXER Tokyo Sound サンプラー
9488,MOTU M2 / M4 オーディオインターフェース 「ブラケットのみ」 新品未使用 送料込み 即決
9489,"【逸品】ensoniq ASR-10 メモリ最大増設,SCSIボード増設,オリンパスTURBO MO640s付属,マニュアル全種類 O.S.v200 O.S.V100 フロッピー８枚"
9490,YAMAHA RX120 / リズムマシン / 基本動作はOKです
9491,YAMAHA MU2000 MOTIFの源流音源 MODULEサウンドモジュール
9492,送料無料 PreSonus AudioBox USB オーディオインターフェイス プレソナス オーディオボックス
9493,YAMAHA DISK ORCHESTRA MODULE DOM-30 アダプター付属 PA-4
9494,★Akai S3000XL/CD3000XL other (DATA) ENCODER★OK!!★
9495,ミュージックバンク MiDiデータ Music Bank T-スクエア 1 MBR-22 MBY-22 当時物 現状品 希少品 レトロ
9496,【中古】 ARTURIA アートリア KeyLab Essential 61 mk3 WH 61鍵 MIDIキーボード
9497,KORG コルグ Volca Sample 動作OK★G4726
9498,☆送料無料 美品 Roland ローランド GI-10 ギター MIDI インターフェース
9499,☆ノイマン　Neumann　指定ブリッジ・トランス　T-1347　2個セット☆
9500,Antelope Discrete 8 Synergy Core（8基のマイクプリアンプ）、Thunderbolt変換アダプター、Thunderboltケーブル付き
9501,YAMAHA QY700 ミュージック シーケンサー リズムマシン 美品 名機
9502,Akai Professional MPK Mini MK3 MIDI キーボード コントローラー ミニ25鍵 ベロシティ対応8ドラムパッド レコーディング機器
9503,★　【Sampling-Love サンプリング SOURCE DICTIONARY】192-02501
9504,☆ ZOOM SampleTrak ST-224 サンプラー ☆
9505,E-MU E4X Turbo ☆９０年代名機ハードサンプラー　☆状態良好
9506,ジャンク品 Native Instruments / KOMPLETE KONTROL S25 トランスファーIDあり
9507,送料1120円～ ジャンク 通電のみ確認済み E-MU PROTEUS 2000 音源モジュール 製造番号080115176 管理F
9508,YAMAHA SONG DATA LIBRARY ROSANNA (D.Paich&S.Lukather作品集) SMF MIDI DATA TOTO デヴィッド・ペイチ、スティーヴ・ルカサー ミディ
9509,KOMPLETE MIDIキーボード　25鍵盤
9510,【通電確認済/美品】ALESIS アレシス Q49 MKII MIDI Keyboard MIDIキーボード /120サイズ
9511,ローランドEDIROL UA-20 オーディオインターフェース24bit 新品(ゆ)
9512,美品 CLAVIA NORD RACK 2X KORG正規品 バーチャルアナログ ハードシンセサイザー 音源モジュール NORD LEAD スウェーデン製 MADE IN SWEDEN
9513,02S67■KAWAI　シンセサイザー音源モジュール　K1m　ROM CARD付■
9514,【国内正規品】Cubase Pro 14 通常版 Win＆Mac ダウンロード版
9515,ヤマハ YAMAHA シーケンサー QY70
9516,Focusrite フォーカスライト Saffire Pro 14 　■　y4
9517,即決◆新品◆送料無料【純正マウスピース1個プレゼント!】TAHORNG EF10WH ホワイト 電子リコーダー Elefue エレフエ ウインドシンセ
9518,KAWAI MIDIシーケンサー Q-80EX カワイ【現状販売品】25B 北TK2
9519,【G】YAMAHA tx81z 音源モジュール ヤマハ 115221
9520,Roland PK-5 MIDIペダル ローランド
9521,【G】KORG micro KEY 2-61 61鍵 MIDIキーボード コルグ 222012
9522,335【中古】Focusrite フォーカスライト Scarlett 2i4 USB オーディオインターフェース オーディオ機器 音響機材 動作未確認 現状品
9523,演劇・イベントのポン出しに！ AKAI Professional APC mini MIDIコントローラー 中古美品
9524,1円〜 Roland Sound Canvas 音源モジュール SC-88VL ローランド AC付 簡易動作確認【20
9525,Roland JV-2080 難あり
9526,AKAI S900 MIDI サンプラー アカイ オーディオ 音響機材 ジャンク W9692921
9527,Roland ローランド SC-55mkⅡ 音源モジュール★動作品
9528,Celemony Melodyne Studio 5 v5.4.2 Windows
9529,【T5-3842】1円～ オーディオインナーフェイス MOTU 896 Fire Wire オーディオ機器 通電確認済 現状品 東京引取可 同梱不可【千円市場】
9530,nt250220-007E10 Roland A-800PRO MIDI キーボード 鍵盤楽器 ローランド MIDIコントローラー DTM ジャンク 通電確認のみ 中古現状品
9531,Roland TR-505 ローランド リズムマシン★ジャンク品
9532,STEINBERG/スタインバーグ UR22C 32bit/192kHz オーディオインターフェース 通電確認済み /060
9533,♯【YAMAHA】 ヤマハ AG03 MK2 ライブストリーミングミキサー オーディオインターフェース ホワイト 通電OK
9534,steinberg UR22mkII オーディオインターフェイス 中古 美品 元箱付 送料無料！！0007
9535,digidesign 003 Rack
9536,現状品 Focusrite フォーカスライト オーディオインターフェース Scarlett 2i4
9537,Roland ローランド R-8 HUMAN RHYTHM COMPOSER★動作未確認品
9538,Fostex PC-1 Volume Controler + RCA-XLR ケーブル
9539,Roland sound Canvas sc-88
9540,ジャンク KORG MIDIキーボード microKEY-25
9541,Focusrite フォーカスライト Scarlett Solo オーディオインターフェース 本体のみ オーディオインターフェイス
9542,2QX48◆AKAI アカイ MPK mini MK3 WH アカイ USB/MIDIコントローラー 未検品現状/ドラムマシン 送:－/80
9543,【 J 】1882 STEINBERG UR242 オーディオインターフェース スタインバーグ
9544,送料無料 UNIVERSAL AUDIO Apollo Twin X Duo
9545,microGranny 2 BASTL INSTRUMENTS
9546,BOSS DR-5 Dr.Rhythm Section Made in Japan ドラムマシン 日本製 動作確認済み
9547,【美品】RME Fireface UCX
9548,novation ノベーション Circuit Tracks グルーブボックス《U9181
9549,Sonuus i2M Musicport オーディオ to MIDI コンバーター
9550,M-Audio 16pad MIDIドラムコントロールサーフィス　Trigger Finger 本体と外箱のセット ケーブル欠品　通電確認済み　動作未確認　ジャンク
9551,激レア　Amsynths AM1031 ARP 1031 Dual Multi Purpose filter レプリカ　Doepfer モジュラ　ユーロラック
9552,極美品 中古　ROLAND ローランド MC-707 GROOVEBOX グルーブ ボックス DJ用サンプラー シンセ 元箱付
9553,ZOOM U-22 オーディオインターフェース
9554,【A-2】 Korg volca beats リズムマシン コルグ 元箱付き 出音不可 現状品 3103-1
9555,正規品 Universal Audio Century Tube Channel Strip ヴィンテージチューブプリアンプ UAD
9556,YAMAHA PA-6 トランス式 電源アダプター MU1000/MU2000など
9557,【4/27最終処分】送料無料 YAMAHA USB-MIDIインターフェース UX16 未検品 AAA0001S2029/0227
9558,★digidesign MH192/MH041/MH040 ケース付★デジデザイン/消費税0円
9559,【DOM2305】【1円～】開封済 ARTURIA Mini Lab 3 Universal MIDI Controller 箱付 キーボード パットコントローラー アルトリア 動作確認済
9560,N8845ta 美品 steinberg/スタインバーグ オーディオインターフェース UR22C
9561,Focusrite フォーカスライト Scarlett Solo (3rd Gen) オーディオインターフェース
9562,rh AKAI PROFESSIONAL MPCLIVE アカイ プロフェッショナル hi◇96
9563,ARTURA KEYLAB ESSENTIAL 49
9564,EDIROL ローランド UA-5 USB 光 同軸 RCA 楽器入力 24bit 96kHz asio対応 DAC
9565,ジャンク RME fireface 800 オーディオインターフェース
9566,Novation Zero SL mkⅡ　ほぼ未使用
9567,Manhattan Analog / DTM モジュラーシンセ ユーロラック Doepfer Make Noise Mutable Intellijel Noise Engineering Instruo
9568,ジャンク　motu 828 mk3 hybrid オーディオインターフェース　通電、音声出力確認済み
9569,yamaha QY100 動作品 送料無料 本体のみ 24 トラック ポータブル MIDI シーケンサー ヤマハ (z-1634)
9570,新品未使用　STEINBERG UR-RT2 スタインバーグ USBオーディオインターフェイス 電源アダプター付
9571,Roland オーディオインターフェイス UA-55/Duo-capture EX 中古
9572,★AKAI ME35T AUDIO/MIDI TRIGGER オーディオMIDIトリガー 通電確認のみ 現状品 管理番号03036
9573,CHAOS - CLANK モジュラーシンセ ユーロラック
9574,TASCAM タスカム US-16x08 オーディオインターフェース　ジャンク
9575,■RME ( アールエムイー ) / Babyface Pro オーディオインターフェイス（中古）■
9576,Roland ローランド MC-909 サンプラー シンセサイザー リズムマシン
9577,APOGEE/アポジー DUET オーディオインターフェイス 配信/ストリーミング/楽曲制作/60サイズ
9578,ヤマハ　MIDI SOUND KEYBOAD SK1XG　キーボード
9579,【G】E-MU PROTEUS2000 音源モジュール イーミュー 3002382
9580,管理番号=ca250307-01【中古】Native Instruments KOMPLETE KONTROL S49 Mk2 & DECKSAVER JUNK ジャンク 現状渡し
9581,095 Arturia アートリア BEATSTEP PRO シーケンサー ※ジャンク
9582,Roland XV-5080 音源モジュール
9583,正規品UJAM EDMに最適シンセ DRIVE DTM
9584,Roland UシリーズSound Library セット
9585,ENSONIQ SQR plus 32voice エンソニック MIDI音源 モジュール ジャンク T9560870
9586,ROLI BLOCKS Lightpad Block ジャンク品
9587,心揺さぶるロックなギター音源 正規品 UJAM Virtual Guitarist Iron 2 DTM
9588,【使用頻度少・美品！】ZOOM UAC-2 USB3.0対応 オーディオインターフェイス Windows Mac 対応 インターフェース DTM UAC-8 ズーム
9589,TASCAM US-42 インターネット配信専用オーディオインターフェイス タスカムミニスタジオ 完動品 送料無料
9590,Tiptop Z8000 Matrix Sequencer/Programmer
9591,EDIROL UA-25　本体　箱　CD-ROM
9592,YAMAHA ヤマハ MIDIキーボード CBX-K1
9593,Roland ローランド SC-88PRO DTM-88PA 音源モジュール 通電のみ
9594,STEINBERG スタインバーグ USB MIDI オーディオインターフェース UR44 本体のみ
9595,中古美品 Ableton MOVE エイブルトン ムーブ スタンドアローン 音楽制作 サンプリング バッテリー・スピーカー内蔵 キャリーケース付き
9596,AVID MBox Pro [008] 086/847C
9597,【V-0】 Roland MC-707 Groovebox AIRA シーケンサー リズムマシン ローランド 音出し確認済み 動作OK 3157-96
9598,UR22C中古備品　太っ腹放出
9599,モジュラーシンセ ユーロラック　frequency central raging bull 3.0 中古　MOOG
9600,SRX-09 Wave Expansion Boards World Collection [SR-JV80 Collection Vol.4]　ウェーブ・エクスパンション・ボード箱付き
9601,KOMPLETE AUDIO 2 オーディオインターフェース　作動未確認　ジャンク
9602,M-AUDIO Fast Track USBオーディオインターフェース 美品
9603,Roland ローランド MIDI Foot Controller FC-200 フットコントローラー
9604,HAGIWO MOD1 ハード組立済 DIYモジュール　Eurorack モジュラーシンセ　③
9605,【USED】1円スタート ≪ Roland FANTOM-XR ≫ 動作未確認 通電未確認 電源ケーブルなし ハードケース付 取扱説明書なし JUNK ジャンク
9606,最終出品　M-Audio M-Track Solo コンボ入力 ファンタム電源搭載 48-KHz 2チャンネル USBオーディオインターフェース
9607,faderfox UC4 MIDIコントローラー
9608,XAOC WARNA II ほぼ未使用
9609,NI KORE 2 THE SUPER INSTRUMENT
9610,KORG TR-Rack expanded accese module 音源モジュール 中古品　簡易チェック済み
9611,【A-1】 Focusrite Scarlett 2i2 オーディオインターフェース フォーカスライト 1757-44
9612,"レア 廃盤 サンプリング CD 「 DANCE MEGA DRUMS 2 MIX AKAI 」輸入盤 サンプリング素材 4,000種類の単発 ドラム & パーカッション"
9613,Roland XV-5080用メモリー　SIMM 64M×2枚　Total128M
9614,BOSS ボス Dr Rhythm DR-670 リズムマシン【ジャンク 正常動作しません】
9615,Roland TR-606 Drumatix リズムマシーン 専用カバー 取説 ローランド ドラムマシン 音源
9616,M-AUDIO プリアンプ搭載 USBオーディオインターフェース Fast Track Pro
9617,Roland ローランド サンプラー SP 404 本体のみ 貿易 海外 輸出 ドクターサンプル
9618,【C】EDIROL Roland SD-90 音源モジュール 3035693
9619,Roland SOUND Canvas SC-88 PRO MIDI音源モジュール ローランド
9620,AKAI MPC1000 サンプラー JJOS2XL ジャンク 128MB増設済
9621,正規品 Arturia Analog Lab Intro アナログシンセ音源
9622,AVID アビッド　Mbox Pro オーディオインターフェース
9623,ヤマハ　サンプラー　YAMAHA　SU10
9624,【ヤフオク・格安スタート】TASCAM US-42B MiNiSTUDIO CREATOR 【No.1580】
9625,【 J 】2592 digidesign 888 I/O / USD SYNC オーディオインターフェース デジデザイン 本体のみ
9626,Roland MU-1 サンプラー Sシリーズ用マウス
9627,Roland RGB-25N サンプラー Sシリーズ用ディスプレイケーブル
9628,3/23 *4■YAMAHA TG55■ヤマハ トーンジェネレーター【中古/現状品/動作未確認ジャンク】
9629,中古 AKAI professional LPD8 (u82757)
9630,3/23 *12■YAMAHA G10C■ヤマハ ギター MIDIコントローラー【中古/現状品/動作未確認ジャンク】
9631,Vesta Kozo DIG-420 SAMPLER/DELAY MADE IN JAPAN サンプラーディレイ 動作確認済み
9632,売り切り 動作未確認 RME Fireface 800 #2
9633,PreSonus AudioBox iTwo オーディオインターフェイス 音響機材
9634,最終価格 E-mu SP1200 良品 ヴィンテージサンプラー/ドラムマシン
9635,【G】Native Instruments TRAKTOR AUDIO 6 オーディオインターフェース 3015760
9636,☆ Roland ローランド QUAD-CAPTURE インターフェイス 中古 現状品 250307S2116
9637,M-AUDIO Axioｍ pro 25 MIDIコントローラー ※ジャンク品 》A6234
9638,美品　Roland ローランド MIDI 音源モジュール SOUNDCanvas SC-88VL
9639,【YAMAHA FB-01】ヤマハ☆FMサウンドジェネレーター☆FM音源モジュール☆通電OK
9640,Roland ローランド UA-55 オーディオインターフェース★動作未確認品
9641,KORG コルグ エレクトライブ ER1 ER-1 ELECTRIBE リズムマシン ドラムマシン 現状品 難あり
9642,"ジャンク 箱付き Roland MPU-401 INTERFACE KIT for PC8000,PC8800 MIF-PC8"
9643,オーディオインターフェース　TASCAM iXZ
9644,RME FireFace 800 オーディオインターフェース
9645,YAMAHA ヤマハ ミキシングコントロール AG03 MK2 インターフェース 音響機器 ☆良品☆[51-0327-O5]
9646,ベリンガー UMC1820 18入力20出力 オーディオインターフェース
9647,管理1319 MOTU 828 mk3 192KHz Hybrid FW-USB2 オーディオインターフェイス 音響機材 モツ 未確認
9648,Apogee DA-16X 16ch DAコンバーター ADAT
9649,【難有り】BOSS/ボス Dr.Rhythm DR-770/ドクター・リズム リズムマシン ドラムマシン アダプター付 /060
9650,ELECTRO SMITH 電源2 モジュラーシンセ　ユーロラック　dtm daw
9651,【美品】M-AUDIO M-TRACK SOLO USB オーディオインターフェース
9652,★Roland EXPANSION BOARD SR-JV80-05 WORLD MADE IN JAPAN★
9653,【即決/送料込】REIYIN DA-DD USBコンバーター 192kHz 24bit対応 (中古)
9654,M094-Z16-783 YAMAHA ヤマハ QY100 MUSIC SEQUENCER ミュージックシーケンサー リズムマシン 通電確認済み ケース/電源コード付き
9655,管理番号=Ec0841523【中古】KORG MICRO KEY2-61 AIR JUNK コルグ MIDIキーボード ジャンク 現状渡し
9656,【B-4】 Native Instruments Maschine MK3 サンプラー 動作確認済み ネイティブ・インストゥルメンツ 3237-1
9657,◆MIDI機器 YAMAHA GUITAR MIDI CONTROLLER G10 MIDIギターコントローラー コントローラーのみ 動作未確認 現状渡し
9658,KORG コルグ ELECTRIBE・R ER-1 リズムシンセサイザー リズムマシン★簡易検査品
9659,AKAI MPK25 WIRELESS MIDIキーボード
9660,●M-AUDIO oxygen8 v2 MIDIキーボード 本体のみ※ジャンク■８０
9661,美品♪Steinberg スタインバーグ UR12 オーディオインターフェイス コンパクト 2in2out USB2.0対応 Y03260N
9662,【中古良品】Doepfer / A-100 P9 Portable Case PSU2 + 5Vアダプター　質実剛健！ユーロラック・モジュラーシンセ・スタンダードケース
9663,最終出品 新品未使用 Prism Sound Lyra2 オーディオインターフェース
9664,YAMAHA FGDP-50 中古美品です
9665,Roland SRX-06 Complete Orchestra Expansion Board 動作品
9666,YAMAHA トーン ジェネレーター MU2000 ヤマハ 音源モジュール ジャンク ★AM1711
9667,6mm軸 Dシャフトノブ ツマミ 14.5mmx19.7mm 0度 90度 180度 270度 の悩み無用！ 色は10色から選んで新品4個セット
9668,ジャンク TipTop Audio μZeus + X-Fade ADSR4 検:ユーロラック モジュラーシンセ
9669,★Roland VP-9000/SP-808/SP-808EX/SP-808 PRO KNOB★
9670,【A-3】 Korg KR mini リズムマシン 動作確認済み コルグ 3224-2
9671,Native instruments オーディオインターフェースKOMPLETE Audio 6 通電のみ確認
9672,KORG TRITON-Rack / 動作未確認 / 現状品 / 音源モジュール / コルグ / トライトンラック
9673,Doepfer A-145-4 Quad LFO　 モジュラーシンセ　 ユーロラック　make noise masf moog
9674,【 G 】66 YAMAHA WX5 MIDIコントローラー ヤマハ 本体のみ
9675,ZOOM GCE-3 ギター/ベース用USBオーディオインターフェイス [G-1101]
9676,iZotope RX11 Advanced Windows
9677,YAMAHA ヤマハ RX7 リズムマシン ディスプレイ表示画像あり◆ジャンク品
9678,1円スタート！Roland ローランド 音源モジュール M-BD1 通電確認のみ
9679,【A-3】 Steinberg UR12 オーディオインターフェース 通電確認済み スタインバーグ 2121-27
9680,音出しOK Roland ローランド SOUND Canvas SC-88ST Pro サウンドキャンバス DTM 音源モジュール 583804
9681,スタインバーグ Steinberg USB3.0 オーディオインターフェイス UR22C
9682,中古 steinberg オーディオインターフェース CI2＋
9683,ZOOM UAC-2 USBオーディオインターフェース
9684,【C】YAMAHA KX88 MIDIキーボード ヤマハ 3039682
9685,YAMAHA ヤマハ RX8 リズムマシン ドラムマシン デジタル リズム プログラマー DIGITAL RHYTHM PROGRAMMER ジャンク
9686,Roland MIDI キーボード コントローラー　A-49 ローランドジャンク品
9687,Roland USBオーディオインターフェース UA-4FX 送込み即決
9688,管理番号=Ec0845644【中古】MACKIE emagic Logic Control JUNK マッキー ロジック ジャンク 現状渡し
9689,Roland ローランド CM-64 音源モジュール ROMカード サウンドカード付 SN-U110-05 (ミュージ郎 CM-32L CM-32P MT-32) PCM sound
9690,YAMAHA AG03 オーディオインターフェース / ミキンシングコンソール / ヤマハ　[K617]
9691,SP1200 レアサンプラー E-mu
9692,YAMAHA QY700のフロッピーディスク デモデータ？　STYLE＆DEMONSTRATION ■mg2
9693,【 G 】399 YAMAHA FB-01 音源モジュール ヤマハ
9694,Safari Pedals Time Machine: ビンテージコンプとフィルターを瞬時に
9695,Antelope audio Zen Go Synergy Core USB オーディオインターフェイス IF DAC DAW
9696,☆AUDIENT ID14 mk2 オーディオインターフェイス 音響機器 2503-K0250②K(NT)
9697,【美品・送料無料】Elektron Octatrack MKII / MK2【ウッドスタンド付き】
9698,Roland ローランド メモリーカード　M-128D
9699,iZotope RX11 Advanced Windows
9700,M-AUDIO KEYSTATION MINI 32 MIDIキーボード
9701,V694【ジャンク品】Roland SP-404SX サンプラー ローランド LINEAR WAVE SAMPLER
9702,Fabfilter Total Bundle Windows
9703,Hammond XM-1 XMC-1 バッテリー新品 オルガン音源モジュール ドローバーセット
9704,【送料無料】KLARK TEKNIK　DN100 ACTIVE DIRECT INJECTION BOX　ダイレクトボックス　DI ゆうパケットプラス発送
9705,04S115■MOTU　ULTRA LITE MK4　オーディオインターフェース■
9706,B221★AKAI Professional MPK Mini MIDIコントローラー　4/16★A
9707,RME UFX コントローラー付き
9708,【G】Roland SC-88VL 音源モジュール ローランド 228342
9709,【G】PreSonus AudioBox iTwo オーディオインターフェース プレソナス 228594
9710,【美品】 Akai Professional アカイ プロ LPK25 MK2 USB MIDI キーボード コントローラー 25鍵 ブラック
9711,AVID Black magicdesign Artist | DNxIQ
9712,Roland ローランド JD-990 音源モジュール 付属品有り
9713,Antares Auto-Tune Unlimited Windows
9714,MIDIコントローラー
9715,【中古】KORG microKEY-25 MIDIキーボード（USBケーブルのみ付属）
9716,YAMAHA SU200 サンプラー　現状品
9717,AKAI Professional MPK Mini コントローラー
9718,UNIVERSAL AUDIO Apollo 専用電源アダプター無し
9719,BOSS ボス FC-50 MIDIフットコントローラー★動作未確認品
9720,【通電のみ確認/ジャンク扱い】MU-255◆KORG コルグ MICROKEY2-61 61鍵 MIDIキーボード DTM 中古品
9721,【KORG】 コルグ アナログベース音源 / BPX-3
9722,【中古】TASCAM オーディオインターフェース US-125M 起動確認済
9723,IK MULTIMEDIA ( アイケーマルチメディア )iRig HD 2 オーディオインターフェース
9724,★高品質 Belkin ベルキン USB2.0 Type-C to B ケーブル F2CU035bt06-BLK 1.8m 中古★
9725,iZotope VocalSynth 2 Windows
9726,通電確認済み＆動作未チェックの為ジャンク品★YAMAHA MU100Bs ヤマハ MIDI音源モジュール★1円スタート
9727,【通電確認のみ】Moukey ムーキー MSc1 オーディオインターフェース [4-2] No.7169
9728,【 C 】535 Steinberg UR22 オーディインターフェース スタインバーグ 本体のみ
9729,送料無料 エリカシンセ ブレード パッチケーブル ブラック 4種 20本セット モジュラーシンセ Erica Synths Braided patch cable
9730,M2105 AVID USBオーディオインターフェース Mbox Mini MBOX
9731,♪▲【Roland ローランド】e-MIX STUDIO マルチトラックレコーダー SP-808EX 0424 4
9732,【1円〜】Steinberg UR22 mkⅡ スタインバーグ USBオーディオインターフェース【ジャンク】
9733,★MOTU/モツ 828 mk2 FireWire オーディオインターフェース 828FW/動作品/電源ケーブル付き&1756100053
9734,【B-2】 TASCAM US-1x2 オーディオインターフェース 元箱付き タスカム 1558-20
9735,【 G 】6748 M-AUDIO KEYSTATION88 MK3 MIDIキーボード エムオーディオ
9736,Roland T-8 リズムマシン　中古
9737,Roland EDIROL UA-4FX オーディオインターフェース ローランド
9738,【B-3】 Arturia BeatStep シーケンサー 現状品 アートリア 3451-1
9739,NC1137 通電のみ YAMAHA ヤマハ HELLO MUSIC 500 AUDIO MIDI音源モジュール MU500 UW500 取説 箱 付属品有り 検M
9740,S11198△YAMAHA ヤマハ QY70 MUSIC SEQUENCER ミュージックシーケンサー 【通電のみ】250425
9741,【J】NATIVE INSTRUMENTS MASCHINE サンプラー 3011298
9742,【 G 】6889 MOTU 896mk3 オーディオインターフェース モツ
9743,TASCAM Ministudio creator US-42
9744,中古★Steinberg スタインバーグ　UR22mkII オーディオインターフェース 元箱付属【UR22mkⅡ】EUQO
9745,■Roland 音源 SC-88 ジャンク ACアダプタ付き 状態は綺麗 ミュージ郎 PC-9801 KAWAI Q-80 SC-88 MDF2 パソコンミュージック
9746,【 J 】4916 MOTU M4 オーディオインターフェース モツ 元箱付き
9747,ユーロラック　ミニモノケーブル　20本セット　モジュラ
9748,iZotope RX11 Advanced Windows
9749,ENSONIQ SQ-R PLUS 32voice
9750,Steinberg UR28M オーディオインターフェース スタインバーグ（ジャンク）
9751,iZotope RX11 Advanced Windows
9752,中古 Roland ローランド SP-404 MKII サンプラー 音響機器
9753,TASCAMのオーディオインターフェイス　US-366　新品未使用
9754,Hologram Electronics / Microcosm 限定版　エフェクター　リバーブ　ディレイ　グラニュラー　dtm daw モジュラーシンセ　にも
9755,正規品Waves IDX Intelligent Dynamics DTM
9756,ヤマハ トーンジェネレーター 音源モジュール●YAMAHA MU100B TONE GENERATOR●
9757,"AKAI IB-ID2SC (S5000,S6000,DPS12用) SCSI/IDE変換基板 ジャンク 説明書おまけ"
9758,【A-3】 ESI U24XL オーディオインターフェース 動作確認済み イーエスアイ 3450-3
9759,【 G 】1001 YAMAHA MU100 音源モジュール ヤマハ 本体のみ
9760,CASIO RZ-１ 本体のみ
9761,[PG] 8日保証 PE6R4 B MAGMA マグマ 6 Slot PCI Express to Expansion Chassis 拡張シャーシ[06713-0035]
9762,16.61 AKAI◆アカイ ウインドシンセサイザー EWI3000 音源モジュール◆
9763,041825★BOSS/ボス★Dr. Sample★SP-303★サンプラー★オーディオ関連器材★ジャンク
9764,☆1円〜☆ Roland ローランド Groovebox グルーヴボックス MC-303 シーケンサー リズムマシン
9765,YAMAHA ヤマハ RY8 シーケンサー リズムマシン 中古
9766,Doepfer A-151 Sequential Switch モジュラーシンセ ユーロラック ステップスイッチャー
9767,AJH Synth Entropic Doom モジュラーシンセ ユーロラック ノイズジェネレーター ランダムソース
9768,f146*120 【現状品】 【１円～】KORG microSAMPLER サンプラー キーボード Q59179 A953B050500
9769,RME Fireface 802
9770,AKAI S01
9771,PRO TOOLS HD3 Mac PRO メモリ24GB
9772,YAMAHA CBX-K1XG MIDIサウンドキーボード　音出しOK (100s)
9773,S◎中古品◎『Roland サンプラー SP-555』 ローランド LOOP CAPTURE機能搭載 最大同時発音数:12音 サンプリング周波数:44.1kHz ※欠品あり
9774,【G】Roland SC-88Pro 音源モジュール ローランド 3012490
9775,【G】Roland SRX-3 サウンド拡張ボード 箱付き ローランド 3012484
9776,STEINBERG スタインバーグ UR22mkII
9777,Cakewalk by Roland UA-25EX 【動作確認済】
9778,クリプトン 初音ミク V4X (incl. ENGLISH) 日本語＆英語ライブラリー同梱版 パッケージ版 ボーカロイド VOCALOID4 Cubase LEバンドル
9779,17787-01★steinberg スタインバーグ UR22C USB 3 Audio Interface オーディオインターフェイス★
9780,UAD 16プラグイン付属　超美品 UNIVERSAL AUDIO apollo x6 GEN1
9781,pro tools duet by APOGEE オーディオ インターフェイス 音響機材 中古 O9878595
9782,★☆ 【美品】KORG microKEY-25 MIDIキーボード ☆★
9783,Roland SD-90 スタジオキャンバス 音源モジュール エディロール 音響機材 ローランド 中古 C9971293
9784,(モジュラーシンセ)Make noise Pressure Point
9785,Focusrite Saffire PRO 24 オーディオインターフェース　未確認
9786,Roland ローランド オーディオインターフェイス STUDIO-CAPTURE UA-1610
9787,はこぽす不可 ジャンク TD-20 ローランド 電子ドラム Roland 音源モジュール V-Drums 送料無料 匿名配送
9788,RME Fireface 802
9789,AKAI MPD218＜動作確認済み＞※USBケーブル欠品 アカイ MIDIパッドコントローラー □
9790,YAMAHA PLG100-DX ヤマハ　プラグインボード　DX （motif mu2000 mu1000 など　拡張音源 ）拡張ボード
9791,Roland TR-505 リズムマシン[ローランド][コンポーザー][RHYTHM COMPOSER]19M
9792,ジャンク AKAI EWI SOLO ウインドシンセ ウインドコントローラー
9793,MOTU 828es モツ28ch対応オーディオインターフェース【動作確認済美品】
9794,ローランド エディロール UA-3 FX USBオーディオキャプチャー 24ビットハイクオリティー 通電のみ確認済 定形外郵便全国一律920円 E3-MA
9795,【 G 】1412 KORG micro KEY-61 MIDIキーボード コルグ
9796,【簡易動作確認済/美品】BEHRINGER/ベリンガー FCA610 オーディオインターフェイス USB/FireWire 4IN/8OUT 電源コード 箱付き/80サイズ
9797,【G】ROLAND MT-32 音源モジュール ローランド 116804
9798,■□Avid HD MADI Pro Tools HDX用 オーディオインターフェース アビッド□■027389014J□■
9799,【B-1】 Akai EIE Pro オーディオインターフェース 動作確認済み アカイ 2560-95
9800,◆◇ジャンク YAMAHA MDF2 MIDI DATA FILER　本体のみ　動作未確認◇◆
9801,◆リズムマシン BOSS DR-55 Dr.Rhythm ビンテージ リズムマシン ジャンク 動作未確認 現状渡し
9802,NATIVE INSTRUMENTS ネイティブ・インストゥルメンツ MASCHINE MIKRO コンパクトドラムマシーン★動作未確認品
9803,Steinberg UR22mkII オーディオインターフェース スタインバーグ 音響機材 中古 C10007114
9804,YAMAHA ヤマハ SU200 サンプラー 中古品 現状品
9805,AKAI EWI USB ウインドシンセサイザー 送料630円～　中古
9806,★ROLAND MC-300 other FLOPPY DRIVE PANASONIC JU-253 AM★OK!!★MADE in JAPAN★
9807,RME Fireface UCX オーディオインターフェイス
9808,【中古】 USBオーディオインターフェース タスカム TASCAM US-1x2
9809,Fabfilter Total Bundle Windows
9810,Roland EDIROL SD-90 音源モジュール Studio Canvas 美品 動作確認済み
9811,☆G703■箱付き　KORG KR mini コルグ リズムマシン　ミニ
9812,【G】apollo x6 オーディオインターフェース 229634
9813,即決 RME HDSPe AIO オーディオインターフェイス PCI Express
9814,25駅/A042603-5/IS3000/V061-523/【名古屋】YAMAHA ヤマハ AGO3 ミキシングコンソール MIXING CONSOLE
9815,Digidesign 003 オーディオインターフェース デジデザイン 詳細画像・映像確認お願いします
9816,CT10513　Roland　ローランド　音源モジュール　SOUNDCANVAS　SC-8850
9817,Roland UA-25EX USBオーディオインターフェイス ローランド EDIROL CAKEWALK オーディオインターフェース
9818,ローランド　Roland USBオーディオインターフェース EDIROL UA-1EX　通電のみ
9819,(#7054)Akai Pro EWI 5000 黒 ウインドシンセサイザー 電子管楽器 ワイヤレス サウンドエディット イーウィ
9820,[帯付] DTM用サウンド素材ライブラリー エレクトロ・ショック2 ELECTRO SHOCK2（ハード・テクノ系）廃盤
9821,avid digidesign 96 I/O MH96 美品
9822,iZotope RX11 Advanced Windows
9823,■□MOTU M2 オーディオインターフェース モツ 元箱付□■029800001m□■
9824,ROLAND D-550 ローランド 音源モジュール●G050Y103
9825,AKAI アカイ MPC 2000XL MIDI PRODUCTION CENTER サンプラー リズムマシン 管理7J0519J-C6
9826,ネイティブインストゥルメンツ／ビート＆リズムマシン★Native Instruments MASCHINE MK3◎中古完動品★送料無料！
9827,KORG コルグ ER-1 リズムマシン ドラムマシン シンセサイザー エレクトライブ ELECTRIBE RHYTHM SYNTHESIZER
9828,356同梱NG Focusrite Scarlett 2i2 3rd Gen 本体のみ フォーカスライト オーディオインターフェース 録音 音響機材 通電OK 動作未確認 現状
9829,Saramonic SmartRig+ Di サラモニック iOS用オーディオインターフェイス Lightning接続 250501SK220351
9830,★ROLAND XV-5080 CARD MEDIA BOARD ON/OFF Assy 71563889★OK!!★MADE in JAPAN★
9831,【動作未確認】Steinberg UR22 mkII オーディオインターフェース スタインバーグ 1円~　S5500
9832,【iy】 Roland オーディオインターフェース Rubix22 (5.17.2)
9833,【美品】Saramonic SmartRig II / サラモニック スマートリグ2 / スマホ用オーディオインターフェイス
9834,MOTU モツ MIDI Express 128 MIDIインターフェイス 元箱付き ¶ 7240E-3
9835,Roland ローランド 音源モジュール SOUND Canvas SC-88VL 現状品
9836,iZotope RX11 Advanced Windows
9837,A188★Steinberg UR22mk2 オーディオインターフェース 作動未確認　ジャンク
9838,ジャンク☆ YAMAHA QX3 シーケンサー
9839,Pittsburgh Modular Patch Box Enclosure（ユーロラック Eurorack Doepfer）
9840,Behringer 911　モジュラーシンセ
9841,PRESONUS プレソナス STUDIO 26c オーディオインターフェイス USB-C MIDIインターフェース USB接続 USBケーブル付き★動作未確認品【TB】
9842,TAMA RHYTHM WATCH RW100 メトロノーム　リズムマシン　動作品
9843,【ジャンク・通電のみ確認】ROLAND TR-727　RHYTHM COMPOSER　［ ローランド　TR-727　リズム・コンポーザー ］
9844,◆新品未使用未開封！送料無料！おまけあり◆Steinberg UR22C オーディオインターフェイス◆
9845,【美品】大阪発 　ZOOM サンプルトラック　ST-224　YHA
9846,YAMAHA RS7000 ヤマハ シーケンサー リズムマシン グルーヴボックス 音源モジュール
9847,YAMAHA QX3用 高輝度ブルー LEDバックライト液晶ディスプレイ
9848,S) YAMAHA ヤマハ QR10 シーケンサー リズムマシン 音響機器 機材 @80 (5)
9849,hf250528-006B9 M-AUDIIO KEYSTATION 88es MIDIキーボード 通電確認済み 動作未確認 ジャンク扱い 音楽 趣味
9850,★ Roland ローランド U-110 サウンドモジュール 中古 現状品 250601E6776
9851,【送料無料】TOONTRACK EZX THE NUMBER 1 HITS / EZdrummer用拡張音源 / DTM / VINTAGE MACHINES - MODERN SOUND
9852,★ROLAND S-760 OP-760-1 VIDEO BOARD★OK!!★MADE in JAPAN★
9853,★ Roland ローランド D-110 MIDIモジュール 中古 現状品 250501C4595
9854,Avid HD I/O 16x16 Analog
9855,管理番号Ec5191【中古】MOTU AUDIO & MIDI Interface 6台SET JUNK オーディオインターフェイス ジャンク 現状渡し
9856,YAMAHA ヤマハ　シーケンサー QY-300　通電確認
9857,Focusrite フォーカスライト オーディオインターフェイス 2イン/2アウト Scarlett Solo G2
9858,STEINBERG スタインバーグ　UR12 USB AUDIO INTERFACE ジャンク品
9859,★ROLAND VS8F-3 PLUG-IN Effect Expansion Board★OK!!★MADE in JAPAN★
9860,6mm軸 Dシャフトノブ ツマミ 14.5mmx19.7mm 0度 90度 180度 270度 の悩み無用！ 色は10色から選んで新品4個セット
9861,◆ Roland SP-404MKⅡ ローランド サンプラー アウトレット特価品 新品 未使用品
9862,ジャンク MOTU ultralite mk3 hybrid オーディオインターフェース
9863,【期間限定価格】M-vaveChocolatePlusController
9864,steinberg UR22C オーディオインターフェース 音響機材 スタインバーグ 中古 訳あり T9996449
9865,【本体無し】BOSS DR-220A/E Dr.Rhythm 専用ケース
9866,YAMAHA DTXPRESS 電子ドラム音源モジュール 現状品　ジャンク
9867,AKAI MPC2000
9868,Roland GO:MIXER PRO-X ローランド　配信　 オーディオインターフェース オーディオミキサー
9869,★Roland UA-55 オーディオインターフェース QUAD-CAPTURE ローランド USED 18753★！！
9870,Steinberg UR44 USB オーディオ インターフェース 音響機材 スタインバーグ ジャンク
9871,iZotope Nectar 4 Advanced Windows
9872,Lexicon レキシコン LFI-10 デジタルオーディオフォーマットインタフェース★動作未確認品【TB】
9873,希少 レア waldorf Pulse plus ウォルドルフ パルス プラス アナログ シンセサイザー 通電のみ確認済み 現状品
9874,[良品] RME Multiface 安定したパフォーマンスと高音質を実現 [RL772]【神戸店在庫】
9875,☆　KORG STAGEMAN 80 アンプ付きリズムマシン　 　中古のお品です　☆
9876,YAMAHA ヤマハ ライブストリーミングミキサー ホワイト AG03MK2 中古品
9877,AKAI APC40. ableton midiコントローラー
9878,送料無料【 4ms Listen IO 】モジュラーシンセ ユーロラック シンセサイザー Eurorack modular
9879,動作品　YAMAHA ヤマハ ミキシングコンソール AG03 インターフェース 音響機器
9880,送料無料【 Elektron Analog Rytm MKII + PL-3 】エレクトロン ドラムマシン ドラムシンセ グルーヴボックス シーケンサー シンセサイザー
9881,iRig HD2 24-bit / 96 kHz モバイル・デジタル・インターフェイス！
9882,p141　ジャンク KORG コルグ スーパーパーカッションリズムマシン ビンテージ DDM-220 中古　本体
9883,Zoom AMS-24 オーディオインターフェース　美品
9884,【　Roland　音源モジュール　「SC88PRO」　】
9885,Endorphin.es SHUTTLE CONTROL モジュラーシンセ　USB MIDI to CV
9886,【 G 】2600 STEINBERG　UR22C オーディオインターフェース スタインバーグ
9887,Elite 208 EurorackCase 7U/104HP / Make noize 4 Zone Power Bus Board搭載
9888,【 G 】8188 MOTU　 828mk3　オーディオインターフェース　モツ　元箱付き
9889,Roland DTM-55 ミュージくん SC-55ST ローランド MIDI音源 音源モジュール サウンドモジュール サウンド キャンバス MIDI SOUND Canvas
9890,◆【通電確認】 STEINBERG ステインバーグ UR-RT2 USB オーディオインターフェイス 音響機材◆/T
9891,送料無料【 BEHRINGER K-2 】アナログシンセ シンセサイザー セミモジュラー ベリンガー MS-20
9892,M-AUDIO FIREWIRE 1814 オーディオインターフェイス　ジャンク品　中古
9893,[動作ジャンク品] KORG X5DR 音源モジュール [音出し確認済み]
9894,YAMAHA UX256 USB MIDIインターフェイス ヤマハ
9895,美品　元箱付属品完備　ARTURIA ( アートリア ) KEYSTEP 37 MIDIキーボード　dtm モジュラーシンセ　シーケンサー
9896,【B】maono maonoCASTER LITE オーディオインターフェース 3048685
9897,中古現状品 オーディオ機器 Roland SOUNDCanvas SC-88
9898,Roland Rubix24 USBオーディオインタフェース
9899,108 AKAI professional アカイ MIDIキーボード LPK25 キーボード 25鍵 ミニ鍵盤 MIDIコントローラー 音響機器 現状品
9900,ROLAND SC-88PRO 音源モジュール
9901,【美品】 M-AUDIO Fast Track Ultra 8R オーディオ MIDI インターフェイス インターフェース
9902,ジャンク　YAMAHA ヤマハ MU100R 音源モジュール TONE GENERATOR 本体のみ　250609SK280403
9903,【 C 】2819 YAMAHA SHS-200 FM DIGITAL KEYBOARD WITH MIDI デジタルキーボード 3065830
9904,Steinberg スタインバーグ オーディオインターフェイス UR22
9905,PRESONUS プレソナス STUDIO 26c オーディオインターフェイス USBケ－ブル付き★動作未確認品【TB】
9906,【整備済み品】 Steinberg スタインバーグ 2x2 USB2.0 24bit/192kHz オーディオインターフェース UR22mkII (整備済み品)
9907,Roland TD-7 音源モジュール サウンドモジュール 電子ドラム パーカッション V-Drums ジャンクS10116635
9908,MOTU 828mk2FW オーディオインターフェイス　(100s)
9909,RME Fireface 400 オーディオインターフェース
9910,【難あり】Roland 音源モジュール　D-550（PN-D50-00付属）
9911,EWI USB ウインドシンセサイザー★アカイ/箱付き/ ※ジャンク扱い
9912,T807 Steinberg UR824 オーディオインターフェイス
9913,Steinberg IXO22 B/ブラック オーディオインターフェース スタインバーグ
9914,正規品 iZotope RX 11 Elements DTM 歌ってみた
9915,【 C 】 Y8903 AKAI MPK Mini MK3 MIDIキーボード 【元箱付き】 3060785
9916,HAGIWO MOD2 ハード組立済 DIYドラム音源モジュール　Eurorack モジュラーシンセ　①
9917,【中古】 サンプラー アカイ AKAI MPC1000 128MBメモリー増設済み
9918,1/16 YAMAHA MR10 ドラムマシン リズムマシン
9919,Roland ローランド QUAD CAPTURE UA-55 オーディオインターフェース 通電確認済
9920,S2948 Roland EDIROL /ビデオ編集コントローラー/DV-7DLC/コントローラー/本体のみ/ローランド 動作詳細本文参照 現状品 JUNK
9921,【G】YAMAHA TONE GENERATOR MU500 音源モジュール ヤマハ 3049589
9922,Lexicon PCM Native Reverb Plug-in Bundle Windows
9923,SP-1200とS-01をお持ちの方に朗報！ ドラムサンプル色々 EMU SP-1200 16枚 AKAI S-01 16枚 フロッピーディスク
9924,「Roland SRX-04 STRINGS EXPANSION BOARD」
9925,Steinberg IXO12 USB スタインバーグ オーディオ インターフェース 音響機材
9926,【Novation LaunchPad Mini MK2】 MIDIコントローラー ノーベーション
9927,KORG コルグ リズムボックス KR mini + BOSS ボス ダイレクトボックス DI-1 ★ 72866-28
9928,Befaco Oneiroi 美品
9929,【1円〜】Roland ローランド Rubix24中古 オーディオインターフェイス
9930,〇 Roland UA-25 USB MIDI オーディオインターフェース 動作品 EDIROL
9931,Bastl Instruments - Pizza モジュラーシンセ
9932,KORG MIDI PATCHBAY パッチベイ KMP-68 コルグ 通電確認のみ 現状品【40
9933,★Roland★MT-32 音源モジュール 美品 ローランド★
9934,YAMAHA/ヤマハ　RX7 リズムマシン(610
9935,MOTU PCI-324
9936,strymon MAGNETO モジュラーシンセ ユーロラック 25F 北TO2
9937,Buchla & Tiptop Audio Dual Oscillator Model 258t ユーロラック モジュラーシンセ
9938,◎ AKAI MPC2000XL SE2　希少美品！最新OS メモリ32MB 8パラアウト LCDスクリーン SDドライブ 搭載！！ 動作確認済み
9939,KORG nanoKONTROL2 コルグ コントローラー ナノコントロール ブラック 黒
9940,ローランド　Roland R-5 HYUMAN RHYTHM COMPOSER ジャンク品
9941,Roland PMA-5 ポータブルシーケンサー GI-10 ギター MIDI インターフェース セット ジャンク O10169208
9942,Roland SMF MIDIファイル JAZZスタンダード JAZZ STANDARDS1 MIDI DATA SMF MIDIデータ FD
9943,【レアACIDシーケンサー】FUTURERETRO ORB
9944,Steinberg UR 22C オーディオインターフェース スタインバーグ 音響機材 中古 Y10129567
9945,"【新品・未開封】audio-technica, at-umx3"
9946,S) ALESIS NanoBass ベース音源モジュール 音響機器 機材 @60 (6)
9947,Happy Nerding FX AID black ユーロラック モジュラーシンセ
9948,Roland EF-303 Groove Effects 希少品 TB音源も搭載！
9949,7-30☆Roland/ローランド MIDIキーボード PCR-300☆
9950,【 G 】7705 YAMAHA MU80 音源モジュール ヤマハ 3084981
9951,KORG volca sample サンプラー
9952,AKAIサンプラー　S2000　FDD読込確認　８パラアウト基板増設　SCSI接続でPCから認識しました
9953,HAGIWO MOD2 ハード組立済 DIYドラム音源モジュール　Eurorack モジュラーシンセ　①
9954,☆☆BOSS　Dr.Rhythm ドクターリズム　リズムマシン　DR-55☆ジャンク品
9955,iZotope RX11 Advanced Windows
9956,【通電確認のみ】Roland ローランド MC-505 シーケンサー リズムマシン
9957,【C】ROLAND SP-404SX サンプラー ローランド 3049889
9958,Steinberg UR22mkII オーディオインターフェース ジャンク扱い
9959,●I0703B NOVATION ノベーション Launchkey Mini 37 MK4 MIDIキーボード DTM 箱付き ケーブル付き 通電のみ確認済み 現状品
9960,KORG X5DR 音源モジュール コルグ SYNTHESIS MODULE MIDI
9961,AUDIENT iD24 10in/14out USBオーディオインターフェース 国内正規品 代理店未登録
9962,Behringer CMD LC-1
9963,湘/TASCAM/USBオーディオ/MIDIインターフェイス/US-122/高音質回路/タスカム/6.27-76 ST
9964,ese/682691/0710/M-AUDIO キーボード Keystaion 61 MK3/61鍵フルサイズ
9965,未使用 未開封 保管品 ローランド オーディオインターフェース QUAD-CAPTURE UA-55 4×4 24-bit/192 kHz USB 2.0 Audio Interface
9966,【動作確認済】【送料無料】AKAI サンプラー S5000/S6000 エフェクトボード EB20
9967,YAMAHA TG55 トーンジェネレーター ヤマハ
9968,Roland サンプラー SP-404mk2 美品
9969,【動作未確認】RME Fireface400　オーディオインターフェース ACアダプター　YAMAHA PA-6 付属
9970,■■■■■Flame / Chord Machine2■■■■■
9971,YAMAHA ヤマハ RX7 リズムマシン　ジャンク
9972,【 G 】8143 ZOOM RT-323 リズムマシン ズーム 3060895
9973,未使用 KORG リズムボックス KR mini リズムマシン スピーカー内蔵 コンパクト 楽器 機材 器材 周辺機器 コルグ
9974,【動作確認済み】E-MU PRO/CUSSION　ドラム・パーカッションMIDI音源モジュール
9975,★Akai Professional/アカイ MPK mini MK3 MIDIキーボード コントローラー/ホワイト/25鍵盤/パッド8個/ベロシティ対応/動作品&2018700008
9976,【 G 】8137 Roland GROOVEBOX MC-707 マイクロコンポーザー ローランド 3066137
9977,【G】Roland EDIROL UA-101 オーディオインターフェース ローランド 3106272
9978,【e25070139】未使用 ZOOM ズーム UAS-2 USB 3.0 オーディオインターフェイス 箱・コード・取扱説明書付　PC Mac iPad対応
9979,YAMAHA ヤマハ QY20 ポータブルシーケンサー QY20 ヤマハ YAMAHA ミュージックシーケンサー
9980,1円〜 オーディオインターフェース AVID Mbox2 mini 現状品 直接お渡し歓迎 AQK747419大
9981,☆★程度良好！☆YAMAHA QY300☆ヤマハ ミュージック シーケンサー☆ハードウェア音源内臓☆専用ケース付き☆付属品多数！
9982,BOSS ボス Dr.Rhythm DR-660 リズムマシン 25042036002
9983,Celemony Melodyne Studio 5 v5.4.2 Windows
9984,STEINBERG UR44C オ一ディオインタ一フェイス
9985,【C】Nektar IMPACT LX61＋ MIDIキーボード/MIDIコントローラー ネクター 元箱付属 3091457
9986,【C】ARTURIA KEYLAB49 ESSENTIAL MIDIキーボード/MIDIコントローラー アートリア 3108563
9987,Solid State Logic SSL2 USBオーディオインターフェース
9988,JZ-473 激安 Roland　VS-880 デジタルマルチトラックレコーダー 通電NG 中古現状品 ※3回再出品で処分
9989,☆Roland 【SD-90】 音源モジュール☆STUDIO Canvas
9990,ジャンク KAWAI K1m DIGITAL SYNTHESIZER MODULE シンセサイザー
9991,YAMAHA ヤマハ　VL-70m バーチャルアコースティック　トーンジェネレーター　音源モジュール
9992,19.19 Roland◆ローランド MIDI パッチベイ A-880◆
9993,Prism Sound Orpheus 完動品！付属品多数
9994,☆ NOVATION ノベーション CIRCUIT DTM パッド 中古 現状品 250702K3422
9995,Ableton Move ポータブルグルーヴボックス サンプラー マイク搭載 エイブルトン ムーブ　元箱/説明書
9996,【H2-0574】Vestax ベスタスク DSG-05 デジタルサンプラー 本体のみ 現状品 同梱可【千円市場】
9997,HAGIWO MOD1 ハード組立済 DIYモジュール　Eurorack モジュラーシンセ　①
9998,数量限定値下げ AIによる簡単ミックス iZotope Neutron 5 Elements
9999,K10-602-094【ほぼ未使用/送料無料】KORG Kaoss Replay DYNAMIC EFFECT/SAMPLER コルグ カオスリプレイ ダイナミックエフェクト/サンプラー
10000,Roland MIDIキーボードコントローラー PC-180A
10001,【動作確認済み】 Roland ローランド JV-2080 音源モジュール 音響機器
10002,Prism Sound Orpheus オーディオインターフェース
10003,Maschine Mikro MK3 Native Instruments MIDIコントローラー MIDIキーボード
10004,【C】 Roland CompuRhythm CR-800 ① リズムマシン ローランド 097372
10005,Arturia BEATSTEP 現状品
10006,AKAI MPK49 MIDIキーボードコントローラー 49鍵 DTM DAW MPCパッド 音楽制作 ジャンク S10249179
10007,未開封 KORG リズムボックス KR mini RHYTHM DTM リズムマシン リズムマシーン 楽器 器材 コルグ
10008,YAMAHA QY100 シーケンサー リズムマシン 音響機材 ジャンク Y10254042
10009,BOSS DR-55 Dr.Rhythm リズムマシン 動作確認済 ビンテージ
10010,美品 M-AUDIO M-Track Duo オーディオインターフェイス エムオーディオ エムトラック デュオ
10011,☆159☆ AKAI Professional アカイ MPC LIVE サンプラー
10012,YAMAHA ヤマハ MOTIF-RACK ES 音源モジュール★動作未確認品
10013,ARTURIA MIDIコントローラー KEYLAB 49 中古　完動品ワケあり
10014,IK Multimedia AmpliTube 5 MAX Windows
10015,PRESONUS プレソナス STUDIO 26c オーディオインタフェース USB-C接続 MIDI対応 USB録音機器 USB-Cコード付き★動作未確認品【TB】
10016,Lexicon PCM Total Bundle Windows
10017,■t.c.electronic konnekt 8 オーディオインターフェース オーディオ機器 MIDI 8325744 通電未確認
10018,TASCAM US-122MKⅡ【オーディオインターフェース】
10019,BOSS DR-220 リズムマシン ケース付 動作確認済み
10020,KORG (コルグ)nanoKONTROL Studio ほぼ未使用　DAW コントローラー　MIDI
10021,Softube Weiss Collection Windows
10022,AKAI ウィンドシンセ音源EWI3000m(取説・ACアダプター付き)
10023,NATIVE INSTRUMENTS MASCHINE JAM／トランスファーID付き
10024,【B30-8】オーディオインターフェース　Roland QUAD-CAPTURE UA-55 （通電OK、動作未確認）箱なし　単品のみ
10025,●コルグ ESX-1 サンプラー KORG ELECTRIBE エレクトライブ 真空管搭載 VALVE FORCE リズムマシン 音響機材 M2178
10026,【現状品】『8-120』YAMAHA ヤマハ RX8 リズムマシン ドラムマシン デジタル リズム プログラマー DIGITAL RHYTHM PROGRAMMER
10027,▽ ローランド ROLAND SP-404 サンプラー 通電OK その他未確認 現状品 KB195356
10028,【C】YAMAHA KX61 MIDIキーボード ヤマハ 3094469
10029,中古品 TASCAM/iXZ/マイク＆ギター インターフェイス/通電確認済み
10030,8-75♀ZOOM/ズーム リズムマシン RT-123♀
10031,【 J 】 Y10178 Steinberg UR28M オーディオインターフェース スタインバーグ 3107314
10032,Roland D-550 音源モジュール 音響機材 ローランド ジャンク Y10243567
10033,iＲig2 ギター ベース用 オーディオインターフェイス 動作未確認 現状品
10034,【 D 】9141 Roland MC-303 シーケンサー ローランド 3085908
10035,8/152 【傷・汚れ有り】 希少 Roland Rhythm Arranger TR-66 ヴィンテージ リズムボックス ローランド リズムマシン
10036,STEINBERG ( スタインバーグ ) / UR242 オーディオインターフェイス
10037,IK Multimedia AmpliTube 5 MAX Windows
10038,★ジャンク品★サンプラー SP-202 BOSS
10039,現状品■Roland EXPANSION BOARD エクスパンションボード　SR-JV80-07　SUPER　SOUND　SET
10040,Roland ローランド MKS-100 デジタル サンプラー DIGITAL SAMPLER
10041,AKAI CD3000XL CD-ROM サンプラー アカイ
10042,811 EWI ケーブル　およそ3m
10043,BOSS DR-3 取扱説明書
10044,★AKAI S1000/S1000HD (OUTPUT/EFFECT) SET★OK!!★Made in Japan★
10045,u52711　中古　ローランド　JX-08 Sound Module
10046,【現品限り・未開封品】V.A (Indean Red) / Deepest ASIA [サンプリングCD]
10047,★AKAI S3000XL/CD3000XL INPUT L/R BOARD★OK!!★MADE in JAPAN★
10048,M646　モツ　オーディオ1224コアシステム＆ラック　1224　24Bit10in12Out　AES／EBU
10049,★Akai S5000 Front Panel PC KEYSW (L6044B505B)★OK!!★MADE in JAPAN★
10050,●カシオ FD-1 MIDIプレーヤー CASIO MUSICAL INFORMATION SYSTEM オーディオ機器 フロッピーディスク S3376
10051,CASIO/FD-1/MUSICAL INFORMATION SYSTEM/3.5インチFD
10052,JOMOX Mod FM 8マルチティンバー　アナログフィルタ、エフェクタ内蔵　56HPサイズ
10053,Roland SUPER JD-990 SYNTHESIZER MODULE　取扱説明書 セットアップリスト付　検索：シンセサイザー 音源モジュール マニュアル
10054,[美品] Focusrite Scarlett Solo gen. 3 初めてのオーディオインターフェースにおすすめ [UK226]
10055,m-audio keystation49e 49-key mobile usb midi controller 元箱　取扱説明書 美品　中古品
10056,AKAI MPC3000専用 アップグレードROM Vailixi 3.50 PCアクセスほか 未使用新品
10057,★YAMAHA DX1/DX5/DX7/DX9/DX21/DX27/DX27S/DX100/KX88/DMP11 SLIDER KNOB スライド フェーダー★
10058,Digidesign 882/20　動作確認済み
10059,◇通電OK☆ MOTU MIDI Express 128 8イン9アウト MIDIインターフェイス XT
10060,★RS-232C MIDI変換コネクタ 送料無料
10061,MiDiPLUS STUDIO 2 オーディオインターフェイス
10062,MiDiPLUS STUDIO M オーディオインターフェイス
10063,Roland TR-330 リズムボックス 音出し可 現状品
10064,名機 BOSS ボス Dr.Rhythm Section DR-5 rhythm machine リズムマシーン drum ドラム ドクター・リズムセクション 訳あり 即有り
10065,★E-MU Proteus Orchestra/Virtuoso/XTREME LEAD/MO’Phatt/B-3/PLANET Earth/Orbit-3/XL-1 Turbo/TURBO PHATT KNOB ノブ ５個セット 黒★
10066,【中古】 オーディオインターフェイス ローランド ROLAND Rubix22 USB AUDIO INTERFACE ルビックス
10067,Yamaha DD-35 Digital Percussion ドラムマシン ヤマハ 現状渡し ジャンク -a680
10068,OY-596 動作確認済 steinberg UR12 USB オーディオ インターフェス 音響機材 スタインバーグ
10069,【中古】TASCAM タスカム US-125M USB オーディオインターフェース
10070,emagic Unitor8 Mk II MIDIインターフェイス 未チェック 現状品 管理番号01149
10071,∇36　ALESIS V49 MIDIキーボード コントローラー USB 49鍵 8パット 2スロット
10072,YAMAHA ヤマハ MU90B
10073,S9584◇Roland ローランド SC-55K SOUNDCanvas サウンドキャンバス アダプター PAD-105 音源モジュール【通電OK】250130
10074,motu half coupler kit 未使用 美品
10075,ビンテージ YAMAHA RX15 DIGITAL RHYTHM PROGRAMMER リズムマシン 日本製 通電確認のみ　音出し未確認
10076,XX-LARGE 1500 CLASSIC DRUMLOOPS　送料込み
10077,♪▲【steinberg スタインバーグ】オーディオインターフェース 2点セット CI2/UR12 まとめ売り 0212 3
10078,【送料着払】M-AUDIO Keystation88 MK3 本体のみ
10079,M-Audio USB オーディオインターフェース 音楽制作ソフトウェア付 Mac Win DTM DAW 低ノイズ ライブ配信 再生 宅録 M-Track Duo
10080,Moog Minitaur
10081,Roland ローランド QUAD-CAPTURE UA-55 オーディオインターフェース 音響機器【EA1032】
10082,Universal Audio Apollo Twin MK II DUO 本体のみ
10083,★69 MOTU828 FireWire マルチチャンネル オーディオインターフェイス オーディオインターフェース 機材 アダプタ欠品 通電確認済 現状品
10084,ValhallaDSP Bundle Windows
10085,◆Roland ローランド 音源モジュール SOUND Canvas SC-55mk2 SC-55mkII
10086,UAD Universal Audio Apollo QUAD
10087,Roland ローランド DTM-88PW 音源モジュール★動作品
10088,YAMAHA ヤマハ シーケンサー MUSIC SEQUENCER リズムマシン QY10 通電確認済 MI-250207023
10089,YAMAHA Mobile Audio Interface GO44 FireWire MIDI 通電確認済み 動作未確認 IEEE1394(6pin-6pin)のみ欠品　ジャンク
10090,CASIO カシオ MIDIキーボード GZ-5【音出し確認済み】
10091,022020.V-STUDIO 100. cakewalk .ケークウォーク.SONAR. オーディオインターフェース.電源コード無し.ジャンク
10092,D516-60【通電確認済み】Roland SP-404 ローランド サンプラー BW04783 日本製 MADE IN JAPAN/電源ケーブル付きt
10093,Native Instruments Maschine MK1
10094,YAMAHA MU1000 音源モジュール シンセサイザー 音楽 ヤマハ 音響機器 中古 W9618876
10095,中古 ZOOM TAC-2
10096,Erica Synths Black Sequencer モジュラーシンセサイザー シーケンサー -4120071-
10097,Roland ローランド Fantom XR 音源モジュール【音出し確認済み】【現状品】
10098,【ヤフオク】TASCAM Mixcast 4 【No.1474】
10099,中古RME UFX YAMAHA HA-8 2Uラックセット
10100,□現状品□ YAMAHA MU2000 ＋ PLG150-VL プラグインボード付き 音源モジュール YAMAHA ※表示不可 (2746671)
10101,Focusrite iTrack Dock iPad用レコーディングソリューション iPadオーディオインターフェース　ACアダプター/他付き★動作未確認品【TB】
10102,【 G 】2487 Focusrite Scarlett 18i6 オーディオインターフェース フォーカスライト
10103,CONTROL ユーロラックモジュラー パッチケーブル グレー 12本組 (シンセ モジュール DOEFPFER MOOG INTELLIJEL MAKENOISE ALM TPTOP WDM)
10104,x0xb0x ●○ TB303クローン アナログベースシンセ DevilFish他MOD7種 BA662搭載 MIDI ○● xoxbox 即決特典あり
10105,湘▲100/再1/M-AUDIO/エムオーディオ/MIDIキーボード/25鍵盤USB/Oxygen25/約4㎏/中古/【通電・動作未確認】1.31-Z-2308-NF
10106,Steinberg オーディオ・インターフェイスUR28M
10107,【未使用】Celemony Melodyne essential (Studio One の付属品)
10108,TASCAM US-1800 1台
10109,★ジャンク品★拡張音源モジュール SR-JV80 collection Vol.1 SRX-06 Roland
10110,YAMAHA VL-70-ｍ　トーンジェネレーター　アダプター　通電確認のみ
10111,Steinberg UR12 オーディオインターフェース 本体のみ
10112,Focusrite Scarlett2i4 オーディオインターフェイス
10113,1000円スタート【中古】Roland ローランド SAMPLING WORKSTATION サンプリングワークステーション JS-30　　06
10114,【簡易動作確認済/美品】TASCAM MiNiSTUDIO CREATOR US-42 家庭用放送機器 オーディオインターフェイス 配信/ストリーミング/宅録/60サイズ
10115,【簡易動作確認済】Roland オーディオインターフェイス DUO-CAPTURE EX UA-22 乾電池/ACアダプター稼働可 配信/ストリーミング/60
10116,最終出品！美品！メンテ済 AKAI MPC60 mk2 最新OS！最大メモリー増設！LCD画面！全スイッチ交換済！
10117,ARTURIA KEYLAB 49 MK 2 White キーボードコントローラーと付属品（写真にあるもののみ）ソフトウエアは付属しません
10118,KORG コルグ 05R/W 音源モジュール MIDI SYNTHESIS MODULE ACアダプター KAC-1241
10119,美品　オーディオインターフェース　MOTU M2 送料無料
10120,【ジャンク】RME FIREFACE UCXⅡ ACアダプタなし　故障品（電源はつきます）
10121,KORG microKEY2-37 AIR　ワイヤレス MIDIキーボード 37鍵
10122,■RME■128chモバイルデジタルオーディオインターフェイス■USB MADIインターフェイス■MADIface　USB ⑥
10123,SC-D70 Roland SOUND Canvas MIDI音源モジュール 簡易動作確認済み
10124,Native Instruments Kontrol S61 MK3 ハードケース付き(CKB1016)
10125,Celemony Melodyne Studio 5 v5.4.2 Windows
10126,Celemony Melodyne Studio 5 v5.4.2 Windows
10127,YAMAHA MCD64 MEMORY CARD RAM 64K BYTES 【動作未確認】 ヤマハ メモリーカード c
10128,Roland ローランド GM-70 ギターMIDIコンバーター★簡易検査品
10129,【通電のみ確認済】FIFINE ゲーミングオーディオミキサー オーディオインターフェース /Y30039-O2
10130,digidesign デジデザイン MH192 オーディオインターフェース　音響機器★動作未確認品【TB】
10131,♪名機♪KORG electribe sampler サンプラー
10132,02S265■AKAI　MPC1000　リズムマシン■
10133,iZotope RX11 Advanced Windows
10134,Ft1251841 タスカム オーディオインターフェイス MiNiSTUDIO PERSONAL US-32 TASCAM中古
10135,Mutable Instruments Branches モジュラーシンセ ユーロラック 付属品完品
10136,f146*80 【ジャンク】 【１円～】Yamaha RX-11　ヤマハ　ドラムマシン
10137,MOTU M2
10138,T【ヘ6-42】【80サイズ】▲SeeKers UMC1688 MIDI コントローラー/音響機器/ジャンク扱い/※傷 汚れ有
10139,AKAI MIDI STEREO DIGITAL SAMPLER S3200XL ジャンク
10140,ボス ドクターリズム●BOSS DR-55 Dr.Rhhm●元箱取説コード付●
10141,【B-3】 Yamaha MU2000 音源モジュール ヤマハ 通電不可 現状品 3143-152
10142,★KORGコルグ 49鍵MIDIキーボード TRITON taktile TRTK-49★トライトンタクタイル
10143,ELEKTRON MACHINEDRUM SPS-1 初代　リズムマシン　シーケンサー
10144,【ヤフオク・格安スタート】TASCAM US-42B MiNiSTUDIO CREATOR ブラック #1
10145,Roland　拡張音源モジュール　DRUM SRX-01
10146,【動作・音出し確認済み】UAD Apollo Twin DUO【訳ありジャンク品】
10147,現状品 ミュージくん Roland ローランド DTM-55MW[D4277]
10148,RME Hammerfall DSP Multiface ジャンク扱い + FireWire400ケーブル
10149,送料430円/ROLAND R-8M/説明書/オーナーズ・マニュアル
10150,AKAI MPC2000XL、説明書付き
10151,PreSonus AudioBox iTwo M7 コンデンサーマイク付 オーディオインターフェイス 音響機材 中古 Y9756128
10152,【 B 】5117 BOSS DR-880 リズムマシン ボス
10153,【 G 】2486 Roland QUAD-CAPTURE UA-55 オーディオインターフェース ローランド
10154,ELEKTRON PL-4 未使用品 Modelシリーズ用カバー
10155,311 universal audio uad-2 Satellite Octo
10156,【G】ALESIS V49 MIDIキーボード アレシス 3033788
10157,（A240）ARTURIA BEATSTEP CABLE MIDI アートリア MIDIコントローラー コントローラー MIDIキーボード
10158,109 steinberg スタインバーグ CI2+ USBオーディオインターフェース 説明書付き オーディオインターフェース 通電未確認 現状品
10159,正規品】AIボーカルミキシングツール izotope NECTAR 4 ELEMENTS DTM
10160,SRX-06 Wave Expansion Boards Complete Orchestra [SR-JV80 Collection Vol.1]　ウェーブ・エクスパンション・ボード箱付き
10161,Vestax DSG-2 ベスタクス　ディレイ　サンプラー　希少！
10162,Befaco 1U ST Amp Intellijel 1Uサイズ専用
10163,Open Music Labs x0x heart 白黒パネル ユーロラック モジュラーシンセ TB-303
10164,Behringer（ベリンガー）RD-6 アナログ・ドラムマシン
10165,02D74■BOSS　DR-550 リズムマシン■
10166,Roland ローランド SOUND Canvas サウンドキャンバス MIDI SOUND GENERATOR SC-55 MIDI音源モジュール
10167,marantz マランツ PMD570 SOLID STATE RECORDER コンパクトフラッシュ対応 据置型レコーダー 2台セット★動作未確認品【TB】
10168,02D81■Steinberg　UR22C オーディオインターフェース　動作品■
10169,AKAI アカイ MPKmini USB/MIDIキーボード★動作未確認品
10170,Focusrite フォーカスライト ISA220 Session Pack オーディオインタフェース★動作未確認品
10171,【B-2】 Roland sc88vl 音源モジュール ローランド 通電確認済み 動作未確認 2352-118
10172,UNIVERSAL AUDIO APOLLO SOLO サンダーボルト3（バスパワー）オーディオインターフェース Mac＆Windows対応　C2279　80サイズ発送
10173,ROLAND UM-1EX MIDI ケーブル
10174,IK Multimedia Syntronik Obie One
10175,DI2#digidesign デジデザイン 003 オーディオインターフェース★簡易検査品
10176,VOCE MICRO Bll 箱と取説（英語）電源アダプター、音出し動作確認済み、MIDI同期確認　美品で希少　マイクロBll オルガン音源
10177,LINE6 UX2 TONEDIRECT　 通電確認のみジャンク品
10178,■現状品■TASCAM US-366 オーディオインターフェース
10179,Roland SC-88 Sound Canvas 音源モジュール 音響機材 ローランド 訳有 W9777704
10180,オーディオインターフェース 980円スタート均一 美品 Steinberg スタインバーグ UR816C 1Uラックケース付 16in/16out 動作確認済
10181,Make Noise modDemix 黒パネル ユーロラック モジュラーシンセ
10182,Steinberg USB3.0 オーディオインターフェイス UR22C
10183,252＊中古 Yamaha Audiogram 6 USB Audio Interface ヤマハ オーディオインターフェース 動作未確認 現状品＊
10184,Steinberg IXO22USBオーディオインターフェイス　24bit 192kHz IXO022W ホワイト
10185,t.c electronic Konnekt Live +ACアダプター ＆ EDIROL UA-5 オーディオ インターフェース 3点 まとめ セット ※ジャンク品 ☆U8938
10186,Native Instruments Rig kontrol 3 オーディオインターフェース プラグイン ※ジャンク品 ☆U8943
10187,中古 YAMAHA ヤマハ ライブストリーミング ミキサー AG03 MK2 ブラック オーディオインターフェース
10188,④t696◆日本ハモンド NIHON HAMMOND◆リズムボックス FR-6 Rhythm Ace/リズムエース リズムマシン 通電確認済み
10189,【ヤフオク】TASCAM Mixcast4 取扱説明書なし【No.1578】
10190,YAMAHA RX17 デジタルリズムプログラマー/ヤマハ
10191,♪▲【YAMAHA ヤマハ】ミュージックシーケンサー QY70 0325 4
10192,★AKAI MPC2000 PC CPU MAIN MIDI/SCSI BOARD L4013A5010★OK!!★MADE in JAPAN★
10193,【C】Roland SP-404SX サンプラー ローランド 3003737
10194,管理番号=Ec0834693【中古】MOTU AUDIO & MIDI Interface 6台SET JUNK オーディオインターフェイス ジャンク 現状渡し
10195,KORG MICROKEY2-49 コンパクトMIDIキーボード コルグ 49鍵盤 箱説ケーブル付【40
10196,N749　One by APOGEE オーディオインターフェイス 本体　中古　未確認　現状　ジャンク
10197,Roland MV-8000 サンプラー ローランド●G030Y031
10198,【中古】 オーディオインターフェース Steinberg スタインバーグ UR242 USBオーディオインターフェース
10199,YAMAHA ヤマハ ミキシングコンソール AG03 本体のみ インターフェース 音響機器 ※備考有り☆良品☆[51-0327-O4]
10200,★ジャンク★MOTU midi express XT USB-MIDI インターフェース 　8×８　128チャンネル
10201,管理番号=Ec0839469【中古】Roland A-880 / DBX MODEL 224 / emagic UNITOR8他 ラック6台SET JUNK インターフェイス ジャンク 現状渡し
10202,RME Fireface 800 動作確認済み
10203,[良品] Mackie Onyx Producer 2.2 USB 高品位なマイクプリアンプ搭載 [NLG04]【神戸店在庫】
10204,PreSonus AudioBox USB オーディオインターフェイス 本体のみ
10205,【 G 】2872 TASCAM US-144MKII オーディオインターフェース タスカム
10206,動作品！◆BOSS　DR-880　Dr.Rhythm　ドクター・リズム ◆リズムマシン◆ACアダプター付き！
10207,iZotope Ozone 11 Advanced Windows
10208,☆稼働品☆Audient evo 4 オーディオインターフェイス/1円〜
10209,MOTU UitraLite mk3 UL Hybrid ハイブリッド オーディオインターフェイス モツ
10210,【通電のみ確認済】Donner USB MIDI キーボード コントローラー 25鍵 ブラック DMK-25 PRO /Y30209-Q1
10211,送料本文 ROLAND BOSS シーケンサー 音源 ボス ローランド sequencer 音出し 電源アダプター 社外製品 おまけ 現状 JS-5 管理番号3103
10212,ローランド Roland U-220 サウンドモジュール 音源モジュール RS-PCM SOUND MODULE ラックシステム オーディオ 通電確認 現状品■XF010s■
10213,ヤマハ YAMAHA TX81Z シンセサイザー 音源モジュール ラックシステム オーディオ 音響機器 通電確認 現状品■XF011s■
10214,【 G 】3923 BOSS Dr.Rhythm DR-550 リズムマシン ボス
10215,[M-TN 1334] YAMAHA　MU90B　MIDI音源モジュール
10216,動作品！MIDIコントローラー icon PLATFORM NANO アイコン
10217,TASCAM オーディオインターフェース US-366
10218,〇ZOOM UAC-2【オーディオインターフェース/USB 3.0/ズーム/通電確認済み】
10219,MACKIE Mackie Control コントローラー　現状品
10220,動作保証品 Roland サウンドライブラリー SN-U110-10 SOUND LIBRARY Rock Drums ローランド【10
10221,【C】IK Multimedia AXE I/O オーディオインターフェイス 3004515
10222,【中古・未メンテナンス品】Roland A-500SRoland A-500S ローランド MIDIキーボード 49鍵盤【通電確認済み】：
10223,Digidesign 888 I/O、管理番号3
10224,RE3747 EDIROL AUDIO CAPTURE USB MIDI インターフェイス UA-20 動作未確認　本体のみ　現状品　0405
10225,Roland ローランド sc-88VL SOUND canvas MIDI音源 モジュール ジャンク品 SC-88VL
10226,Roland Cakewalk UA-25EX オーディオインターフェース/ジャンク [G-1100]
10227,★Roland ローランド A-300PRO MIDI Keyboard Controller キーボードコントローラー 通電確認のみ 現状品 管理番号04024
10228,A-500PRO MIDIキーボードコントローラー
10229,1円〜 動作品 Roland SOUND Canvas SC-55mkII サウンドキャンバス MIDI音源モジュール ローランド 取説付【20
10230,V202-CH15-569 M-AUDIO エムオーディオ AIR 192|4 オーディオインターフェイス USB-C接続 2in/2out 通電可 箱付き II
10231,YAMAHA　TG500　音源モジュール　MCD64付
10232,【 C 】191 PreSonus AUDIOBOX iTWO オーディオインターフェイス プレソナス 本体のみ
10233,【ヤフオク・格安スタート】TASCAM US-1x2HR 【No.1662】
10234,☆【1F0307-13】 YAMAHA ヤマハ 音源モジュール TX802 100V シンセサイザー ジャンク
10235,【 G 】 Y7074 ifi-Audio iTube2 オーディオインターフェース 【元箱付き】
10236,Fabfilter Total Bundle Windows
10237,Steinberg UR12 中古 送料無料
10238,■■MOTU / MTP AV midi timepiece / MIDI INTERFACE インターフェイス
10239,(#6663)NATIVE INSTRUMENTS ネイティブインストゥルメンツ/グルーヴ制作システム MASCHINE MIKRO MK3
10240,YAMAHA ヤマハ MU80 音源モジュール
10241,【USED品】Roland ローランド R-8M TOTAL PERCUSSION 音源モジュール ラックシンセ リズムマシン シンセサイザー MODULE SOUND PCM
10242,【USED品】Roland ローランド U-110 音源モジュール シンセサイザー MODULE ラックシンセ
10243,Steinberg Materials Metal & Ice: 金属と氷の音色
10244,IK Multimedia Amplitube 5 SE アンプシミュレーター ギター
10245,YAMAHA AUDIOGRAM3
10246,04S80■RME　オーディオインターフェース　Fireface400■
10247,YAMAHA ヤマハ ＷＸ５ ウインドコントローラー（管楽器感覚で演奏できるMIDIコントローラー） 取説等完備＋おまけで電源アダプター
10248,【USED品】Roland ローランド SP-404 サンプラー リズムマシン シンセサイザー
10249,【 G 】Roland MC-50 マイクロコンポーザー ローランド 3010380
10250,【開封未使用品】 KORG VOLCA SAMPLE DIGITAL SAMPLE SEQUENCER コルグ デジタルサンプルシーケンサー サンプラー ★ 71793-37
10251,良品 KORG electribe sampler 2S RD コルグ プロダクションマシン サンプラー シーケンサー リズムマシン レッド ★ 71793-57
10252,1円〜 動作品 美品 Roland ミュージ郎 SC-88Pro 音源サウンドモジュール Sound Canvas 箱説付【40
10253,YAMAHA　ヤマハ　DIGITAL　RHYTHM　PROGRAMMER　デジタルリズムプログラマー　中古　ジャンク品
10254,【動作チェック済み】Avid製フィジカルコントローラーArtist mix
10255,★BEHRINGER（ベリンガー）UCA202 U-CONTROL｜中古｜動作品｜即決｜送料無料(ネコポス）
10256,「Roland EDIROL UA-4FX」USBオーディオインターフェイス
10257,【D】AKAI MPC LIVE II DJサンプラー アカイ 3005028
10258,Roland ローランド リズムマシン R-8 + サウンドライブラリー 3枚
10259,sonicware liven lofi-12 サンプラー ソニックウェア 250414RM450193
10260,AKAI S900 サンプラー 動作品
10261,♪▲【KORG コルグ】MIDIキーボード MC-1 0403 23
10262,【動作確認済み】 LINE6 SONIC PORT VX マイク内蔵 モバイル録音 オーディオ インターフェース
10263,【1円スタート！】Neve モジュール 2台まとめて トーンジェネレータ コンデンサ 音響機器 ※現状渡し その16
10264,Cakewalk V-Studio20 SonarX1
10265,送料無料 エリカシンセ ブレードパッチ ケーブル Red 2種 10本セット モジュラーシンセ Erica Synths Braided patch cable
10266,送料無料 brother cable pulse yellow パッチケーブル 2種 16本セット モジュラーシンセ osc兄弟 patch cable
10267,【 G 】6992 E-MU　 PROTEUS　2000　音源モジュール　イーシュー
10268,[良品] IK Multimedia iRig2 アンプ接続用出力端子が追加/自宅でもライブでも使える人気モデル [OLM76]【梅田店在庫】
10269,Rolls MP1288 Midi Wizard MIDIフットコントローラー　現状
10270,YAMAHAヤマハ RY8 シーケンサー リズムマシン 取説付き -R753
10271,Rocktron　MIDI RAIDER　MIDIフットコントローラー
10272,EDIROL by Roland UA-4FX ジャンク
10273,ShiftV　 モジュラーシンセ　 ユーロラック　make noise mutable moog masf Instruo Strymon
10274,YAMAHA ヤマハ 音源モジュール MU50 トーンジェネレーター　MONITORSPEAKER MS20S　パワードスピーカー　モニタースピーカー
10275,iZotope Equinox Windows
10276,【通電OK】AMDEK CMU-800 アムデック COMPU MUSIC 音源モジュール シンセサイザー_LJT_C0410-J00A
10277,ToneX METAL Gems Collection IK multimedia DTM アンプシミュレーター ギター
10278,iCon Platform NANO Air（ムービングフェーダー搭載　無線フィジカルコントローラー）
10279,TASCAM US-4x4 オーディオインターフェース
10280,KORG （コルグ） ワイヤレス MIDI キーボード コントローラー Bluetooth DTM microKEY2 Air （マイクロキーエアー） 61鍵盤
10281,【Sampling CD】 ZERO-G - ETHNIC (Audio-CD) / 送料無料
10282,【 G 】733 M-AUDIO KEYSTATION49MK3 MIDIキーボード エムオーディオ 本体のみ
10283,YAMAHA PLG150-VL プラグインボード Modulars Synthesis Plug-in System
10284,Roland ローランド EDIROL SD-90 音源モジュール エディロール 元箱付き △ 71F3D-1
10285,u57097　　中古　Melo Audio 　MIDI Commander
10286,Roland ローランド　SP-808EX 本体のみ
10287,ROLI Lightpad Block & Loop Block
10288,iZotope RX11 Advanced Windows
10289,14.96 KAWAI◆カワイ R-50III リズムマシン デジタルドラムマシン◆箱 取扱説明書付
10290,Intellijel Designs Scales
10291,STEREOPING M-80 SYNTH CONTROLLER
10292,【オーディオインターフェース】RME Hammerfall DSP Digiface + PCIExpressカード（Firewire接続も可）24ch In/Out ADATオプティカル
10293,珍★ レア・ Pearl Fightman FM-8・Electronic Drum・パール・ファイトマン・エレドラ音源・アナログ・ビンテージ・80s・ジャンク・即決！
10294,YAMAHA ヤマハ ウェブキャスティングミキサー AG03MK2
10295,Noise Engineering Bin Seq トリガーシーケンサー モジュラーシンセ ユーロラック
10296,Roland ローランド SB-55 MIDI プレーヤー 再生機 シーケンサー サウンドブラッシュ Sound Brush
10297,[極美品] Native Instruments Maschine Mikro MK3 ハンズオンでビートやトラックのアイデアをすぐに形にできる [PL959]【神戸店在庫】
10298,ROLAND SC-88 SOUND Canvas 音源モジュール 中古 T9973029
10299,送料無料 Roland ローランド SC-D70 SOUND Canvas DIGITAL 音源モジュール
10300,ZOOM G2.1Nu マルチエフェクター アダプター付き 中古 wa◇94
10301,【 G 】1002 BOSS DR-01S リズムマシン ボス
10302,■Native Instruments　Maschine JAM　本体のみ
10303,Grain 2HP
10304,【通電・音出しOK】E-MU PROTEUS 2000 Ver 2.26 英文マニュアル付属
10305,【C】Roland A800PRO MIDIキーボード ローランド 3053805
10306,●(y) NI コンプリート オーディオ 6
10307,＜ジャンク品＞Roland ローランド　エクスパンション・ボード　TDW-20　 Expansion Board for TD-20（11625010400122SM）
10308,【 G 】4819 Roland PK-5 MIDIペダル ローランド 元箱付き
10309,BOSS RSD-10 デジタルサンプラー 音響機材 オーディオ ジャンク S9962427
10310,★中古★MAONO MAONOCASTER AME2 オールインワン オーディオミキサー★動作確認済み★
10311,ELEKTRON ( エレクトロン ) / Syntakt STK-1 【国内正規品/中古/ワンオーナー】
10312,【スタジオ引き上げ品】　MOTU 2408mkⅡ　通電確認・ボタン作動確認　アナログ、ADAT動作確認
10313,【通電未確認】【備品無し】Roland ローランド TR-707 リズムマシン
10314,KAWAI K4r
10315,★RME FIREFACE 800 オーディオインターフェース オーディオ機器 中古品★
10316,G☆YAMAHA　ヤマハ MJC8　MIDIパッチベイ ◎通電OK
10317,[KM0144] 中古現状品 E-MU Proteus Orchestra 音源モジュール Ver.2.26 音出しOK プロテウス Virtuoso 2000
10318,【G】Roland A-880 MIDIパッチベイ ローランド 3040558
10319,【G】Roland SC-55 音源モジュール ローランド 3040854
10320,YAMAHA TG500 トーンジェネレーター[動作確認済み]/音源モジュール【匿名配送】
10321,05S34■ALESIS　ドラムマシン　SR-16■
10322,【G】ROLAND SP-404 サンプラー ローランド 3040608
10323,【通電確認済】 Roland ローランド EDIROL UA-101 USB Audio Interface オーディオインターフェース / 60 (SGAW021392)
10324,ICON DIGITAL / PLATFORM D2（PLATFORM M/X専用ディスプレイ）動作品・付属品あり
10325,M-AUDIO MIDIキーボード Keystation49 MK3 49鍵
10326,最終値下げしました！Avid - HD I/O 8x8x8 Pro Tools HD オーディオ インターフェイス　動作確認済み
10327,LINE6 sonic port vx
10328,Roland ローランド TR-707 Rhythm comporser リズムマシン/ドラムマシン
10329,USBオーディオインターフェイス Steinberg スタインバーグ UR12 中古品
10330,Roland D-110 音源モジュール ジャンク
10331,◆【動作品】Roland ローランド CompuRhythm CR-68 コンピューリズム リズムマシン オーディオ機器◆/T
10332,☆中古美品☆　AKAI PROFESSIONAL　コンパクトキーボード＆パッドコントローラー　MIDI　25鍵　MPKmini　通電確認済み
10333,【極美品】E-MU TURBO PHATT 音源モジュール
10334,CME XKEY Air 25 Midiキーボード
10335,リズムマシン ZOOM MRT-3 シールドケーブル モノラルフォンジャックetc まとめ売り ■4760ｚ■ オーディオ 現状品 長期保管品 写真参照
10336,ジャンク BOSS DR-670 ドラムマシン
10337,★AKAI MPK mini MIDIキーボードコントローラー
10338,KORG ELECTRIBE ES-1mkII Sampler コルグ サンプラー アダプター 動作確認済み 説明書 中古品
10339,【動作確認済み】Midi キーボード native instruments KOMPLETE control m32
10340,♪KORG コルグ KR-55 リズムマシーン 中古 現状品 250507S2960
10341,Roland Edirol UA-101 USBオーディオインターフェース　10イン10アウト
10342,【中古】TASCAM オーディオインターフェイス US-366 DSPミキサー搭載 96/192kHz対応 USB2.0
10343,【 J 】1438 UNIVERSAL AUDIO Apollo Twin オーディオインターフェイス ユニバーサルオーディオ 本体のみ
10344,NEKTAR PANORAMA P1 フィジカルコントローラー MIDIコントローラー
10345,【A-3】 steinberg UR22 オーディオインターフェース 通電可 中古品 1148-186
10346,Roland ローランド MIDI キーボードコントローラー A-500S
10347,ローランド ROLAND SC-88 中古
10348,BEHRINGER ベリンガー U-PHORIA UMC1820 オーディオインターフェース 管理7J0513O-C7
10349,【未使用開封品】 STEINBERG スタインバーグ UR22C オーディオインターフェイス 元箱付き □ 721FA-1
10350,waldorf iridium シンセサイザー
10351,SHURE(シュア) MVX2U マイク用 デジタルオーディオインターフェース
10352,BOSS DR-01s ボス リズムパートナー
10353,Victor PS-D700 デジタルマルチプロセッサ ジャンク Y10034519
10354,★中古品★ Roland ローランド 音源モジュール XV-5080 （12525010900719MI）
10355,Scarlett Solo Studio 第3世代 オーディオインターフェース コンデンサーマイク Focusrite フォーカスライト ☆良品☆[55-0516-O1]
10356,Rolandローランド/UA-100/JV-1010
10357,AMAHA AG03MK2 オーディオインターフェース ライブストリーミング 音響機材 中古 良好 B10009919
10358,Roland QUAD-CAPTURE UA-55 オーディオインターフェース 音響機材 ローランド ジャンク M9983919
10359,APOGEE Symphony Desktop
10360,Y221-K32-5885 TASCAM タスカム US-366 USB 2.0 Audio Interface オーディオインターフェース 音響機器 マイクセット KB
10361,MOTU モツ 828MKⅡFW FIREWIRE USB2.0 オーディオインターフェイス 音響機材 ※ジャンク 》U7287
10362,ジャンク品 YAMAHA TX16W デジタルサンプラー ヤマハ
10363,中古 ローランド MT120 GS音源内臓デジタルシーケンサー
10364,ロ705-226　BOSS　DR-5　リズムマシン　Dr.Rhythm Section　ボス　ドクター リズムセクション　中古品　ヤ60
10365,KORG☆KR−miniリズムマシン☆ACアダプタ−付き☆目立った傷汚れ無し☆動作確認済み
10366,MIDIキーボード NOVATION ノベーション FLkey37 中古品[B088H010]
10367,Roland ローランド 音源モジュール SC-D70　通電のみ確認
10368,Steinberg スタインバーグ UR22C オーディオインターフェイス 音響機材 オーディオ ジャンク K9988384
10369,F302 動作未確認 ジャンク ESI イーエスアイ U24 XL 2イン/2アウトの24bit USBオーディオインターフェース 2in2out
10370,YAMAHA RX-11 DIGITAL RHYTHM PROGRAMMER / ヤマハ リズムマシン
10371,Steinberg UR22 mkⅡ スタインバーグ オーディオインターフェース USB
10372,PreSonus AudioBox iONE 音響機器 オーディオインターフェース
10373,ACETONE エーストーン FR-3？　リズムマシン フットスイッチ　レトロ　ビンテージ
10374,【即決美品】参考動画あり Pioneer DJ TORAIZ SP-16 プロフェッショナルサンプラー | SEQUENTIAL TR-909 TR-808 TR-09 TR-8S DJS-1000 CDJ
10375,★ DMK SPAC LINE MIDIキーボード 中古 現状品 250501A2246
10376,1円【ジャンク】TEAC Corporation ティアック株式会社/TASCAM/MIDI インターフェース/USB2.0オーディオ/US-1800/78
10377,■Roland 音源 SC-88VL ジャンク ACアダプタ付 SOUND Canvas ローランド PC-9801シリーズ PC-9821シリーズ DTM ミュージ郎 MDF2 MDF3
10378,□ YAMAHA ヤマハ VL70-m 音源モジュール 中古 現状品 250506G6024
10379,★Akai CD-ROM SOUND LIBRARY CD3000★OK! !★Made in JAPAN★
10380,♪▲【EDIROL エディロール】USBオーディオキャプチャー 箱付き UA-4FX 0523 4
10381,♪▲【steinberg】オーディオインターフェース UR22C 0523 4
10382,【Ｄ】 Roland R-70 リズムマシン ローランド 3046906
10383,VMPD7-523-54 MOTU モツ オーディオインターフェース 828MK2 828MKⅡ インターフェース オーディオ機器 通電確認済み ジャンク
10384,【OZ-7077】KORG MICROKEY-25 25鍵 キーボード 本体のみ 東京引取可【千円市場】
10385,【簡易動作確認済】Focusrite Scarlett 2i2 Studio 3rd gen 第3世代 オーディオインターフェイス 配信/ポッドキャスト/楽曲制作/60サイズ
10386,【■PreSonus プレソナス マイク DM-7 】ジャンク扱いで★
10387,AKAI アカイ S3000XL サンプラー ビンテージ MIDI STEREO DIGITAL SAMPLER サンプラー 通電のみ確認済み
10388,Arturia Keylab 61 キーボード　コントローラー
10389,YAMAHA TG300 TONE GENERATOR◆通電確認済 現状品 電源アダプタ付 ヤマハ サウンドモジュール シンセサイザー 音源モジュール
10390,"Stratos SD PowerMonster用 BakMonolith 2.5"" SCSI - 25pin D-SUB変換アダプター Mac, MPC2000などに"
10391,[中古] ZOOM RT-223 数百種類にもおよぶドラム／ベース音源を内蔵 [QL903]【神戸店在庫】
10392,★【オーディオインターフェース】BEHRINGER ベリンガー U-CONTROL UCA202 USB★動作品
10393,Roland S-770 digital sampler
10394,◆BOSS/MIDIフットコントローラー FC-50（060）◆
10395,BOSS Dr'Rhythm DR-880ドクターリズム専用アダプターが無い為動作確認できませんので、ジャンク品とします
10396,【17730Q033】MIDIキーボード KORG microKEY 32鍵盤 動作未確認 ジャンク 本体のみ 小型 音楽 DTM パソコン 周辺機器 趣味 ピアノ
10397,YAMAHA TG300 TONE GENERATOR 音源モジュール 元箱付き
10398,[7B-75-021-1] YAMAHA ヤマハ AG03 MK2 ミキサー 動作未確認
10399,IK-259531-20-HS AKAI ヴィンテージ サンプラー S612
10400,YAMAHA MOTIF-RACK ES 音源モジュール ジャンク W10051177
10401,Behringer CP1A ・ユーロラック用高性能電源モジュール
10402,CD-ROM / AKAI CD3000 / PRO SAMPLES5 / DANCE INDUSTRIAL / DAVID FRANGIONI RICH MENDELSON
10403,KORG 01R/W 音源モジュール AC電源コード付き
10404,YAMAHA MIDI DATA FILER MDF3 MIDIデータファイラー　完動品　本体　説明書　アダプター
10405,BLUE Icicle USBオーディオインターフェイス /AudioTechnica AT-X11 ダイナミックマイク付き 250526RM390341
10406,steinberg CC121 フィジカルコントローラー
10407,【F-3】 E-mu PROTEUS 2000 音源モジュール 通電可 イーミュー 中古品 1875-10
10408,ACE TONE FR-2L リズムエース リズムマシン 【現状品】
10409,NFJ DAC-M3J with B(USB接続 DAC&ヘッドフォンアンプ、最大24bit/96kHz)[訳あり品]
10410,Native Instruments ピアノ音源 The Grandeur 移行ライセンス
10411,★★★YAMAHA QX5FD　MIDIシーケンサー　【動作品】
10412,12/101☆KORG　コルグ　microKEY　Air　MICROKEY2-61AIR　USB MIDIキーボード　写真追加あり☆え1
10413,Roland ローランド FC-200 MIDIフットコントローラー エフェクター ライブ 音響機器 約W:600xD:210xH:70mm/3200g★動作未確認品【TB】
10414,【 G 】 Y8502 Native Instruments KOMPLETE KONTROL S61 MK2 MIDIキーボード 【元箱付き】
10415,【訳あり】[中古] Roland VariOS 詳細な動作確認ができていないため特価 2003年製 [QL951]【神戸店在庫】
10416,【新品未使用/即日配送】 '25年製 YAMAHA PSS-A50 ポータブル ミニキーボード ヤマハ 電子キーボード
10417,SHURE USB オーディオインターフェース X2u
10418,AKAI MPC2000XL professional サンプラー アカイ 音響機材 ジャンク Y10012079
10419,ww2186 E-MU イーミュー シンセサイザー モジュール PROTEUS 2000
10420,KORG 1988年「バッキング・イン・ワン pss60 programmable super section」動作品　純正アダプター付
10421,【オススメ品】ALESIS ドラムモジュール DM5 アレシス
10422,【ジャンク】[中古] BOSS DR-770 バッテリーLOWが表示されるため特価 2000年製 [RL101]【神戸店在庫】
10423,Digidesign　Mbox 2 Mini★★★現状品★★★その１
10424,④Roland SOUND LIBRARY SN-R8-04 MADE IN JAPAN
10425,送料950円～ ジャンク 通電のみ確認済み YAMAHA デジタルシーケンスレコーダー QX5 ヤマハ 製造番号6049 管理F
10426,YAMAHA ヤマハ QX1 シーケンサー ◆ST5/17◆
10427,ALLEN&HEATH アレン&ヒース MIDIコントローラー XONE K2 ジャンク T10036225
10428,YAMAHA MU1000 音源モジュール シンセサイザー ヤマハ 【現状品】
10429,AKAI MPK mini MIDIキー
10430,ジャンク　M-AUDIO MIDIキーボード　KEYSTATION 61 MK3
10431,Roland ローランド デジタルシンセサイザー MIDI音源 D-110 通電ジャンク II-250604017
10432,Antares Auto-Tune Unlimited Windows
10433,音源モジュール AMDEK COMPU MUSIC CMU-800 PC-8001用 接続カードIF-PC8 付 通電のみ確認
10434,US-4x4HR TASCAM タスカム オーディオインターフェイス
10435,ジャンク KORG コルグ 01R/W 音源モジュール
10436,数量限定値下げ AIによる簡単ミックス iZotope Neutron 5 Elements
10437,未使用　Electro-Smith | Daisy Pod モジュラーシンセ　ユーロラック　プログラミング
10438,YAMAHA DM3 Series 保護 フィルム OverLay Plus Lite for ヤマハ デジタルミキサー DM3シリーズ 高精細液晶対応 アンチグレア 反射防止
10439,ジャンク YAMAHAヤマハ MU2000 音源モジュール
10440,◆◇1752 MOTU Midi Timepiece MTP AV USB MIDI インターフェイス 通電〇 ◇◆
10441,・【ジャンク品】Steinberg UR22 mk2 mkⅡ オーディオインターフェース スタインバーグ 取扱説明書付き
10442,Roland ローランド Expansion Board MADE in JAPAN SRX-04 Symphonique Strings エキスパンションボード
10443,ZEN-ON Rhythmina RTM-302 スピーカー内蔵 リズムボックス リズミーナ 通電確認済 楽器器材 全音 札幌市 新道東店
10444,Steinberg スタインバーグ STEINBERG UR22C オーディオインターフェース オーディオインターフェイス steinberg 箱付き IH
10445,Roland ローランド コンパクトサンプラー SP-404SX ※ジャンク 》A7458
10446,KORG 3点セット nanoKEY-BK KONTROL-BK PAD-BK 3点セット 通電確認済み
10447,【 G 】2731 YAMAHA QX3 シーケンスレコーダー ヤマハ 2482847
10448,中古現状品 BOSS Dr.Sample SP-303 サンプラー
10449,【　YAMAHA　音源モジュール「MU80」　中古品　】
10450,【初期化済】YAMAHA/MU2000/トーンジェネレーター/音源モジュール/ヤマハ【送料無料】
10451,YAMAHA TX802 音源モジュール ヤマハ
10452,POP GROUP「HOW MUCH LONGER」モチーフＴシャツ ON-U SOUND sonntaagtshirts DUB レゲエ パンク ダブ
10453,AKAI Professional APC40 ableton
10454,KORG ( コルグ ) / nanoPAD 2 Black パッドコントローラ
10455,Roland MT-32 音源モジュール
10456,M-AUDIO Oxygen 49 USB MIDI Keyboard Controller キーボード　ジャンク品
10457,【10352】 Steinberg UR242 USB
10458,YAMAHA ヤマハ ミュージックシーケンサー QY70　ジャンク
10459,Arturia Analog Factory Experience に付属していたMIDI鍵盤 MIDIKEY midi controller アートリア　midi鍵盤のみ　DTM DAW
10460,AKAI S900 DIGITAL SAMPLER / アカイ サンプラー
10461,KORG MPC-OEX/MPC-0EX M1用メモリーカード コルグ 25F 北HH2
10462,6D298EZ6◎KORG コルグ MICROKEY2-49 コンパクト MIDIキーボード 49鍵盤 箱付 通電確認のみ◎中古
10463,【動作確認済】【送料無料】AKAI サンプラー用メモリ EXM3008 8MBメモリ S2800/S3000/S3000i/S3200/CD3000/MPC3000
10464,UNIVERSAL AUDIO VOLT 416P 最上位機種 美品 オーディオインターフェース
10465,1円～/KORG/コルグ/SUPER DRUMS/DDM-110/ドラムマシン/シーケンサー/楽器/器材/通電確認済/ジャンク/I032
10466,【送料込】Roland Beat Machine Roland T-8 動作品
10467,Roland SC-88
10468,湘▲60/再2/behringer/ベリンガー/USBオーディオインターフェイス/U-PHORIA UM2/約2㎏/中古品【通電・動作未確認】/5.30-Z-488-NF
10469,PreSonus AudioBox USB オーディオインターフェイス Audio Box
10470,RME USB FireWire オーディオインターフェイス Fireface UCX
10471,外観美品 1円スタート Focusrite フォーカスライト Clarett 8PreX オーディオインターフェース 1円~
10472,Alesis QSR 本体+拡張カード『RAP Techno Dance』
10473,Roland / リズムコンポーサー（RHYTHM COMPOSER TR-707）
10474,【C】AKAI MPC LIVE II サンプラー アカイ 030003
10475,Roland SMF Music Data BonJovi Collection RJL-6004A フロッピーディスク
10476,【美品】Steinberg オーディオインターフェース IXO22
10477,iConnectivity mioXM MIDIインターフェイス スタンド付き アイコネクティビティ 25F 北TO2
10478,【 G 】9095 YAMAHA TX81Z 音源モジュール ヤマハ 195874
10479,ジャンク「Roland /ローランド XV-5080 音源モジュール」
10480,「Roland SRX-09 World Collection EXPANSION BOARD」
10481,●〇 名機 Roland R-5 Human Rhythm Composer オーナーズマニュアル付き / ローランド R-5 リズムマシン Vintage retro Antique 〇●
10482,【中古美品】Verbos Electronics / Sequence Selector　インスピレーションを刺激する柔軟性の高い5ステージ・アナログ・シーケンサー！
10483,AKAI / MPK Mini Play / USB MIDIキーボード / 動作OK
10484,【ジャンク】AKAI (アカイ) EWI4000s 本体【送料無料】
10485,shY552 未検品 Roland Rubix24 オーディオインターフェース ローランド
10486,ZOOM RhythmTrak 234 リズムマシン ジャンク品
10487,Focusrite Scarlett 18i20 3rd Gen オーディオインターフェイス
10488,KORG MS-20M kit + SQ-1 コルグ　MS20M キット　未組み立て　SQ-1のみ短時間使用
10489,Roland / EDIROL PCR-300 / 動作OK / ACアダプタ付き(ACI-100J)
10490,【Y-2097】Roland TR-626 RHYTHM COMPOSER リズムマシン コンポーザー ジャンク 東京引取可【千円市場】
10491,瀧511 YAMAHA RY9 リズムマシン リズムプログラマー
10492,PRESONUS プレソナス AudioBox iTwo オーディオインターフェース★動作未確認品【TB】
10493,iRig Keys I/O 49
10494,【 G 】7062 AKAI S3200 サンプラー アカイ 3084589
10495,◆Nobels/MIDIスイッチャー MS-4　（063）◆
10496,Intellijel Designs Stereo Line In 1U モジュラーシンセ ユーロラック 25F 北TO2
10497,Steinberg/スタインバーグ UR22mkⅡ オーディオインターフェース【通電確認済】 /060
10498,steinberg UR44 オーディオインターフェイス
10499,MOTU M6 6in 4out オーディオインターフェース
10500,Korg volca keys
10501,正規品 ギター音源 UJAM Virtual Guitarist Sparkle 2
10502,▼ CASIO カシオ GZ-50M 音源モジュール 中古 現状品 250605K2912
10503,ROLAND INTEGRA-7
10504,【JL-09】Cubase PRO バージョン不明 パッケージ版 ダウンロードコード USB-eLicenser mac windows ジャンク アクティベート不可【未開封】
10505,【 G 】7829 novation X-STATION 49 シンセサイザー MIDIコントローラー ノベーション 209313
10506,iZotope Neoverb Windows
10507,YAMAHA MDF2
10508,【 C 】9737 BOSS JamStation JS-5 リズムマシン ボス 196271
10509,KORG コルグ リズムマシン Volca Beats
10510,【送料無料！】 サウンドモジュール　ROLAND XV-5080② ローランド
10511,★動作OK♪★ Sound Blaster THX オーディオインターフェース
10512,UNIVERSAL AUDIO VOLT176 オーディオインターフェイス ユニバーサルオーディオ
10513,B208 通電OK YAMAHA ヤマハ MU80 音源モジュール 取扱説明書付き
10514,★ジャンク品★ウィンドシンセサイザー EWI USB AKAI
10515,Roland SC-88 Pro 動画有 音源モジュール
10516,Synthesizer V ボイスバンク【megpoid（GUMI）】 正規ダウンロード版【中古】アクティベーション解除済み・使用可能確認済み
10517,KORG MIDIキーボード 25鍵盤 microKEY-25
10518,BEHRINGER U-PHORIA UM2 USB オーディオインターフェース 音響機材 ベリンガー 中古
10519,AKAI アカイ S2800 MIDI STEREO DIGITAL SAMPLER サンプラー★ジャンク品
10520,Line 6 USB オーディオインターフェイス TonePort UX1 Windows11動作確認済 中古品
10521,NEKTAR ( ネクター ) / Impact LX Mini 数回のみ使用の美品 MIDIキーボード/コントローラー USB ミニ25鍵　DTM　打ち込み　宅録　ライブ
10522,♪▲【KORG/YAMAHA コルグ/ヤマハ】音源モジュール/エフェクター ２点セット AG-10/FX550 まとめ売り 0710 23
10523,STEINBERG UR22C オーディオインターフェース 通電確認のみ
10524,TASCAM Mixcast4 21X0898
10525,NATIVE INSTRUMENTS Komplete Kontrol S88 MK2 スマートキーボードコントローラー MIDI ネイティブインストゥルメンツ 楽器 中古 O10215145
10526,YAMAHA AG03+ AT2020　初心者セット オーディオインターフェース
10527,【G】YAMAHA QX3 シーケンサー ヤマハ 190524
10528,KORG コルグ PROGRAMMABLE SUPER SECTION リズムマシン PSS60 音源内蔵モジュール　070906N/T8（80）
10529,コンパクトサンプラー Roland ローランド SP-404SX 直接お渡し歓迎 BNK747422大
10530,Roland M-256E メモリーカード
10531,【G】YAMAHA TX116 音源モジュール ヤマハ 190522
10532,【 C 】1117 TASCAM UH-7000 マイクプリアンプ オーディオインターフェイス タスカム 3062746
10533,新品未使用 YAMAHA AG06MK2 Black ヤマハ オーディオインターフェイス
10534,M-AUDIO KEYSTATION88 MIDIキーボード 本体のみ 250703SK110371
10535,ほぼ未使用品 BONKYO V8S サウンドカード ライブ サウンドインターフェース 60size
10536,【G】Roland SC-8850 音源モジュール ローランド 232573
10537,EASYPLAY 1 キーボード MIDIコントローラー シンセ white　付属品あり
10538,数量限定値下げ izotope AIボーカルミキシングツール NECTAR 4 ELEMENTS　DTM
10539,☆1円〜☆ Roland ローランド 音源モジュール CM-64 LA/PCM サウンドモジュール SOUD LIBRARY サウンドライブラリー U-110 2枚 付属
10540,G6572●MIDIキーボード KORG コルグ microKEY 37●USB POWER KEYBOARD●37鍵 ピッチ・ベンド・ホイール モジュレーション・ホイール搭載
10541,1円スタート 定番! Roland ローランド SP-404SX BOSS ボス コンパクトサンプラー 1円~
10542,YAMAHA QY22 整備済品
10543,【C】Roland A-500S MIDIキーボード ローランド 3108530
10544,centrevillage ECQ ユーロラック モジュラーシンセ モジュラーシンセサイザー
10545,【 J 】9202 ROLAND　MT-32　音源モジュール　ローランド
10546,☆321☆ AKAI アカイ Professional MPK mini MIDIキーボード
10547,AKAI MPK mini Play MK3 スピーカー内蔵ミニキーボードコントローラー　25鍵
10548,【 C 】688 M-AUDIO M-TRACK DUO オーディオインターフェース エムオーディオ 3094870
10549,SWAM All In Bundle Windows
10550,universal audio volt 2 オーディオインターフェイス
10551,● 【未開封】 NATIVE INSTRUMENTS ネイティブ インストゥルメント BATTERY3 ドラム・サンプラー ドラムセル バッテリー 音楽 サンプリング
10552,4ms Spherical Wavetable Navigator (SWN)　モジュラー　ユーロラック　シンセ
10553,Roland SP-404 SX ローランド サンプラー LINEAR WAVE SAMPLER 楽器
10554,☆【未使用品】MOTU モツ midi express 128 8×8 インターフェイス 音響機材 撮影の為開封 128ch 保管品
10555,Solid State Logic SSL2 729702X1 オーディオインターフェイス 音響機材 中古 C10245609
10556,動作良好 往年の名機 Roland CR-78 CompuRhythm ローランド アナログリズムマシン プログラマブル ビンテージ メタリックビート
10557,【中古】 USBコントローラー ARTURIA MiniLab mkII BK リバースカラー鍵盤
10558,動作確認済、詳細有、送料無料、即決6500円、YAMAHA QR10、その2
10559,② Martin Professional　M-DMX　ライティングコントローラー　オーディオ　インターフェイス　LJ / M-PC Controller Kit　ジャンク
10560,[NZ][G5467214] 昭和レトロ アンティーク RHYTHM ACE リズム エース FR-2L リズムマシン [ジャンク品]
10561,PRESONUS プレソナス STUDIO 26C オーディオインタフェース USB-C接続 MIDI対応 USB録音機器 USBコード付き★動作未確認品【TB】
10562,AKAI PROFESSIONAL MPC element MUSIC PRODUCTION CONTROLLER
10563,ww3670 YAMAHA ヤマハ リズムマシン RX7
10564,AKAI / APC40 Ableton Live専用コントローラー 現状品
10565,【 D 】 Y10098 KORG EX-800 プログラマブル シンセモジュール コルグ 042710
10566,【G】ARTURIA BEATSTEP PRO シーケンサー/コントローラー アートリア 3107804
10567,Native Instruments MASCHINE STUDIO BLACK 本体 DTM DAW サンプラー MIDI 打楽器 パッド コントローラー
10568,＄綺麗【 STEINBERG スタインバーグ UR22C オーディオインターフェイス 32bit/192kHz 箱入 音楽制作 モバイル録音 リスニング 】KH14965
10569,YAMAHA P50-m
10570,【 G 】2081 YAMAHA QY100 シーケンサー リズムマシン ヤマハ 175511
10571,YAMAHA TQ5＜音出し確認＞※ACアダプター欠品 ヤマハ トーンジェネレーター MIDI音源モジュール シーケンサー MADE IN JAPAN □
10572,【 J 】 Y10112 novation LAUNCHCONTROL XL MIDIコントローラー ノベーション 【元箱付き】 3069118
10573,ofe/345910/0807/NOVATION ( ノベーション ) LAUNCHKEY MINI 37 MK4/MIDIキーボード
10574,ZOOM オーディオインターフェイス　UAC-2
10575,通電のみ確認済み ジャンク AUDIENT iD14 オーディオインターフェース オーディエント 現状品 audient
10576,iZotope RX11 v11.2.0 Advanced Windows
10577,Roland ローランド SN-U110-05 Orchestral Strings オーケストラストリングス PCM DATA ROM サウンドライブラリー
10578,【ジャンク品】 EDIROL by Roland UA-25EX オーディオインターフェース エディロール 24bit 96khz ローランド USB Audio Capture
10579,YAMAHA TX802用 OLED(有機EL)白文字ディスプレイ
10580,★AKAI S3200XL SCSI/Optical/SMPTE/D I-O AES/EBU CARD★OK!!★MADE in JAPAN★
10581,★ROLAND U-220 PCM CARD BOARD★OK!!★MADE in JAPAN★
10582,★AKAI S5000/S6000/CD3000XL/MPC other MO/HDD/CD 電源AC ケーブ★
10583,N-3722 ■M-AUDIO 25鍵盤 USB MIDIコントロール キーボード KeyRig25
10584,【現品限り・未開封品】Didgelidoo協会 / Didgelidoo [サンプリングCD]
10585,【現品限り・未開封品】LOOP-X / British 80's Loops[サンプリングCD]
10586,★Akai CD3000/CD3000i EXPANSION BOARD ★OK!!★MADE in JAPAN★
10587,ALESIS S4
10588,★YAMAHA MCD64 MEMORY CARD RAM 64K BYTES★OK!!!★MADE in JAPAN★
10589,EDIROL AUDIO CAPTURE USB MIDI インターフェイス UA-20 ■b1
10590,ER1222-12-3 ローランド Roland 音源モジュール シンセサイザー Fantom-XR 動作未確認 ジャンク品 ZT36576 100サイズ
10591,★E-MU Proteus 1000/2000/Orchestra/Virtuoso/Lead/Phatt/B-3/Earth/Orbit/Turbo/ESI-32 other SDA-3021 Electric Unit★
10592,◆◇F314 KOMPLETE10 NATIVE INSTRUMENTS◇◆
10593,Console 1 Softube
10594,ROLI Seaboard block＋Live Blockセット シーボード
10595,◇大感謝祭!!!■下取OK!!★ROLAND ローランド SD-35 Sound Canvas MIDI音源モジュール アダプター付き！現状特価！ G1E22292
10596,YAMAHA QY70　取扱説明書 (ベーシックガイド・リファレンス編) + リストブック　検索：リズムマシン 音源モジュール ヤマハ シーケンサー
10597,[関東のみ発送可]digidesign C|24 コントロールサーフェス/DAWコントローラー 専用電源 DGN-Z300-1付★動作未確認品【TB】
10598,Roland　SOUND Canvas SC-8820 音源モジュール
10599,■SONY Sound Series Loops & Samples HEADSTRONG GROOVES サンプリングCD■
10600,【簡易動作確認済み】 AKAI/アカイ ウインドシンセサイザー 音源モジュール EW3020m
10601,[ジャンク品] ヤマハ RX21 デジタルリズムプログラマー ACアダプター PA-1 付 電源のみチェック品
10602,YAMAHA QX3用 高輝度ブルー LEDバックライト液晶ディスプレイ
10603,★M-Audio MIDISPORT 2X2 USB MIDIMAN 64-bit MIDI★OK!!★
10604,YAMAHA AG03MK2 ブラック　オーディオテクニカ　AT2040 if ipower2 5V カナレ　L-4E6S
10605,Native Instruments キーボードコントローラー KOMPLETE KONTROL S88
10606,ZOOM BTA-1 AR-48 L-20 H3-VR用 Bluetooth Adaptor
10607,【中古】TheoryBoard セオリーボード MIDIコントローラー 【改造・やや難あり】
10608,モジュラーシンセ　ブランクパネル4HP 2枚と10HP １枚のセット
10609,MiDiPlus X6MIDI キーボード
10610,Tesseract 12x12 Buffered Matrix 12チャンネルミキサー モジュラーシンセ
10611,送料本文 propellerhead プロペラヘッド usb オーディオ インターフェース インターフェイス audio interface 音出し 管理番号2812
10612,BioTek 1 Tracktion
10613,SHURE X2u audioインターフェイス
10614,新品同様! Steinberg UR22C スタインバーグ USBオーディオインターフェイス Type C対応 USB 3.1 c teenage engineering
10615,erica synths SAMPLE DRUM モジュラーシンセ ユーロラック 高機能サンプラー　SDカード付き
10616,YAMAHA TG77用 高輝度イエローグリーン LEDバックライト液晶ディスプレイ
10617,BLACK LION AUDIO MICRO CLOCK mkⅢ XB
10618,M-audioのfirewire1814です
10619,IK Multimedia iRIG Mic Cast
10620,●■ Focusrite Scarlett 2i2 StudioPack ge3 フォーカスライト スタンダードセット 表裏フィルム貼付け 2021購入 中古美品 簡易動作確認
10621,MOTU828 接続確認
10622,正規品 定番ピアノ音源 XLN Audio Addictive Keys Studio Grand DTM ボカロ tiktok
10623,【2-115】Roland ローランド MIDI キーボードコントローラー A-500S
10624,YAMAHA RX11 ヤマハ リズムマシン ジャンク品　現状販売
10625,【 J 】5402 BOSS DR-660　リズムマシン　ボス　本体のみ
10626,o2096/オーディオインターフェース/steinberg UR242
10627,ローランド　USBオーディオ・インターフェース
10628,『中古品』steinberg スタインバーグ オーディオインターフェイス UR22C レコーディングパック
10629,80年代 YAMAHA QX3 デジタルシーケンスレコーダー 取扱説明書 全１５６P/M48
10630,KORG EXB-PCM03 Future Loop Construction
10631,ZOOM U-44 オーディオインターフェース 中古美品
10632,ACE TONE Rhythm Ace FR-5C 動画有 リズムマシン
10633,⑰KORGコルグ/MIDIキーボード/Micro KEY-2-61AIR/マイクロキー61鍵/ブラック系/通電確認OK
10634,□Cc/405☆PRO TEUS☆デジタルサウンドモジュール☆音源モジュール☆Model 9011☆ジャンク
10635,YAMAHA CBX-K1 MIDI キーボード　シンセサイザー　ヤマハ　中古品　通電確認のみ　XG音源内蔵
10636,ALESIS HR-16 レアなリズムマシン　不動品
10637,動作品 パイオニア DJS-1000 16トラックダイナミックDJサンプラー ★120v19
10638,簡易チェックOK Roland MC-303 groovebox シーケンサー リズムマシン グルーヴボックス 収納バッグ付き ローランド★120v07
10639,【 C 】4237 KORG ER-1 リズムマシン コルグ
10640,Roland ローランド TR-66 リズムマシン リズム マシーン アレンジャー Rhythm Arranger
10641,正規品 iZotope Ozone 9 Elements AIマスタリング
10642,BOSS DB-12 Dr.Beat リズムマシン 電子メトロノーム デジタルチューナー 新品電池交換済み 完動品／YJ241123026
10643,1円〜 Roland LAサウンド・モジュール CM-32L (DM-48N-7) 音源モジュール SOUND MODULE ローランド AC付 通電のみ確認【20
10644,Lynx Studio Technology/AURORA(n) 16 TB3 (国内正規品)
10645,LINE6 UX2 オーディオインターフェイス POD Studio 動作チェック済み品！
10646,N892　AVID　USBオーディオインターフェース　MBOX　Mini
10647,Yamaha KX25 MIDIコントローラ USB KEYBOARD STUDIO
10648,Roland ローランド EDIROL エディロール オーディオインターフェイス Fire Wire Audio Capture FA-66 通電確認済み　動作未確認　ジャンク
10649,XAOC Devices Poti II ほぼ未使用
10650,新品 KURZWEIL MIDIBOARD（風）スライダーつまみ
10651,●Roland ローランド】オーディオインターフェース Rubix 24　ジャンク●
10652,022027.UA-100.Roland.ローランド.USBオーディオ.MIDIインターフェース.通電確認済み.ジャンク
10653,ROLAND AIRA P-6
10654,TASCAM タスカム US-366 USB 2.0 Audio Interface オーディオインターフェース
10655,●+ ローランド Roland オーディオインターフェース GO:MIXER PRO-X
10656,Line6 sonic port vx コンデンサーマイク付き　オーディオインターフェイス
10657,◆ Roland SP-404MKⅡ ローランド サンプラー アウトレット特価品 新品 未使用品
10658,Universal Audio Apollo X4 heritage edition プラグイン thunderbolt 3 ケーブル セット
10659,hf250224-007B4 Steinberg CMC-PD MIDIパッド 通電確認済み YAMAHA ケーブル付属 やや傷あり
10660,■BEHRINGER UM2 USBオーディオインターフェイス ベリンガー USED 15105■！！
10661,AKAI アカイ MPC2000XL ZIP
10662,HAMMOND XMc-1 XM-1 オルガン音源モジュール セット ジャンク S9744615
10663,DiGiGrid [D]
10664,KORG KMP-68 （2台 ）MIDI パッチベイ コントローラー 【通電確認済み】 パッチ パッチャー MIDI Patchbay
10665,steinberg UR12 USB オーディオインターフェース 音響機材 オーディオ機器 音楽制作 趣味 ホビー スタインバーグ 中古 C9741058
10666,箱なし未使用品！PreSonus AudioBox iTwo STUDIOセット レコーディングシステム オーディオ機器
10667,ヴィンテージ　Rhythm Box TS-2000 リズムボックス　通電OK 動作未確認　追加写真有り
10668,KORG TRITON-Rack / レア！白色LED仕様！！ /拡張カード２枚・メモリ２枚 / 音源モジュール / コルグ / トライトンラック
10669,Roland MC-303（取説付き）中古
10670,【EW250064】 イーミュー オーディオインターフェイス EM8740
10671,【J】MOTU 896mk3 オーディオインターフェース モツ
10672,【動作品】　Roland QUAD-CAPTURE UA-55
10673,【使用短時間・美品】Antelope Audio Zen Go Synergy Core (USB)
10674,Roland A-01
10675,Roland M-256E メモリーカード 【動作未確認】 RAM 32K Bytes ローランド 1 JD-800 JD-990 JV-880 XP-60 XP-80 JV-80 JV-2080 JV-1080
10676,KORG TRITON RACK 音源モジュール 音響機器 コルグ ジャンク C9700315
10677,【国内正規品】Cubase Pro 14 通常版 Win＆Mac ダウンロード版
10678,Ableton push2 live コントローラー
10679,正規品 Universal Audio LA-2A Tube Compressor 定番コンプ UAD
10680,Roland ローランド MC-909 リズムマシン シーケンサー サンプラー
10681,Doepfer A-111-3V Micro Precision VCO/VCLFO ユーロラック モジュラーシンセ アナログオシレーター LFO 送料無料
10682,novation ノベーション 音源モジュール シンセサイザー SUPERNOVA ASM
10683,Roland SRX-01 Wave Expansion Boards Dynamic Drum Kits
10684,behringer　EUROPOWER PMP6000　パワードミキサー　ベリンガー
10685,★EDIROL UM-2EX USB MIDIインターフェース 未チェック 現状品 管理番号03060
10686,【送料無料】【ジャンク】【通電確認のみ】AKAI MIDI DIGITAL SAMPLER S01 本体
10687,Erica Synths Pico DSP モジュラーシンセ ユーロラック ディレイ
10688,【うぶ品】Roland ローランド groovesampler グルーブサンプラー SP-808 Pro 音響機器 オーディオ
10689,[中古] Focusrite Scarlett 2i2 Gen3 コスパに優れた定番オーディオインターフェース [NLG00]【神戸店在庫】
10690,BC0601624　★ YAMAHA UW500 ヤマハ オーディオインターフェース オーディオ機器 音響機器 通電確認済 動作未確認 ジャンク
10691,【 G 】2828 DEGITAL MUSIC CORP GROUND CONTROL MIDIフットコントローラー デジタルミュージック
10692,Focusrite Scarlett 2i2 オーディオインターフェース　ジャンク品
10693,Scarlett Focusrite 2i2 オーディオインターフェイス
10694,157-FS15 | STEINBERG UR22C オーディオインターフェイス
10695,【完動品】MOTU オーディオインターフェース UltraLite mk4 USB 18 in/22 Out S/PDIF Optical
10696,Roland ローランド Rubix 22 USBオーディオインタフェース★簡易検査品【TB】
10697,f146*80 【現状品】 【１円～】YAMAHA ヤマハ QY100 ミュージックシーケンサー リズムマシン Q58681
10698,【1円スタート】 IK Multimedia iRig KEYS
10699,【 G 】2206 KORG nanoKONTROL Studio MIDIコントローラー コルグ
10700,Steinberg UR22C(スタインバーグ) オーディオインターフェース　オーディオインターフェイス DTM
10701,iZotope Neutron 5 Windows
10702,iZotope Ozone 11 Advanced Windows
10703,KORG EXB-MOSS 音色拡張ボード　シンセサイザー　音源モジュール　（triton 用　音源ボード）
10704,YAMAHA RS7000 ジャンク
10705,【 C 】2923 Steinberg UR22C　オーディオインターフェース スタインバーグ 元箱付き
10706,AVID Artist Mix ジャンク
10707,Roland ローランド SOUND Canvas SC-155 音源モジュール★簡易検査品【TB】【委託】
10708,★AKAI Professional EWI5000J White ウインド・シンセサイザー★新品送料込
10709,□ Roland ローランド SONICCELL 音源モジュール 中古 現状品 250306A4037
10710,03S34■YAMAHA　リズムマシン　QY70　シーケンサー■
10711,【O-7521】KAWAI リズムマシン GB-2 セッショントレーナー カワイ DTM ジャンク 東京引取可 同梱可【千円市場】
10712,yamaha mu2000 音源モジュール MIDI音源 シンセサイザー サンプラー 中古 O9805479
10713,Roland SRX-08 Wave Expansion Boards Platinum Trax
10714,【G】ZOOM U-44 ハンディポータブルオーディオインターフェイス ズーム 3015966
10715,AKAI Professional MPKmini スペシャルエディションブラック MIDIキーボード 25鍵盤ベロシティ対応 ミニ鍵盤 管理7H0314B-B2
10716,ローランド ピアノ音源モジュール P55 Roland◆送料無料
10717,XAOC Devices Samara　 モジュラーシンセ　 ユーロラック　 Doepfer　make noise masf moog
10718,◯営HM208-A12さT80【埼玉発】AMDEK COMPU MUSIC CMU-800 音源モジュール 通電のみ確認済み 現状品
10719,管理番号=Ec0833375【中古】iConnectivity mio10 JUNK アイコネクティビティ MIDIインターフェイス ジャンク 現状渡し
10720,ALM Busy Axon モジュラーシンセ　ユーロラック
10721,"Stratos SD PowerMonster用 BakMonolith 2.5"" SCSI - 25pin D-SUB変換アダプター Mac, MPC2000などに"
10722,"QFREQ Media-Controller 新品 Qlab, ableton Live等"
10723,Decksaver DJS-1000用 保護カバー 中古
10724,【未使用に近い】KORG Keystage 49鍵 MIDIキーボード MIDIコントローラー コルグ
10725,S10543◎KORG　コルグ　USBコントローラー　nanoPAD-BK　nanoKEY-BK　nanoKONTROL-BK 通電OK【ジャンク】250316
10726,G176H 090 【ACアダプタ等欠品】 AKAI professional 49鍵 MIDIキーボード・コントローラー MPK49 現状品 ジャンク
10727,ensoniq エンソニック DMS-8 デジタルマルチサンプラー★動作未確認品
10728,rh EP－１３３ K.O.Ⅱ シーケンサー サンプラー teenage engineering EPSERIES TE032AS hi◇96
10729,YAMAHA ヤマハ トーンジェネレーター TG55 オーディオ機器 音源モジュール ①
10730,【C-2】 Roland D-110 MIDI音源 ローランド デジタルシンセサイザー 音源モジュール 2311-5
10731,DI1#digidesign デジデザイン 003 オーディオインターフェース★簡易検査品
10732,KORG DVP-1 デジタルボイスプロセッサー
10733,★KORG コルグ ElectribeMX EMX-1 シンセサイザー サンプラー 音源モジュール リズムマシン★
10734,Roland SP-404SX サンプラー ローランド コンパクトサンプラー
10735,★KORG/コルグ microKEY2-37 MIDIキーボード/37鍵/動作品/USBケーブル・外箱付き/マイクロキー&1331000336
10736,Roland/ローランド SC-88VL サウンドモジュール (318　ラックマウントアダプター/RAD-50？
10737,TASCAM タスカム US-366 USB 2.0 Audio Interface オーディオインターフェース Audio Interface
10738,KORG コルグ nanoKEY2 25鍵 MIDIキーボード 中古 W9824515
10739,Novation ノベーション Drum Station Rack アナログ ドラム シンセサイザー
10740,【 C 】 Y6686 Steinberg UR22 mkII オーディオインターフェース スタインバーグ 【元箱付き】
10741,3/23 *10■Roland A-50■ローランド MIDIキーボード コントローラー【中古/現状品/動作未確認ジャンク】
10742,#15949　Novation Launchpad MIDI コントローラー Ableton Live DAW DTM 配信 通電確認済み
10743,新品■ モノモジュラーシンセ ユーロラック ロングパッチングケーブル 100cm x 20本 モノラルケーブル シールド 3.5mm パッチシンセ 未使用
10744,AKAI MPC2000XL用交換ボタンセット：BS-2000XL-WHT/ホワイト（mpcstuffから購入）箱入り新品
10745,EDIROL エディロール UA-3FX オーディオインターフェース
10746,3/23■YAMAHA MFC1■ヤマハ MIDIフットコントローラー 本体のみ【中古/現状品/動作未確認ジャンク】
10747,SH8370【リズムマシン】BOSS Jam Station JS-5★ボス ジャムステーション★ACアダプタ付属★オーディオ機器★動作品★
10748,AKAI アカイ MPC500 MUSIC PRODUCTION CENTER サンプラー 音響機器 中古 M9838123
10749,★AKAI MPC2000 REAR PANEL★OK!!★
10750,【G】YAMAHA EAD10 ドラムモジュール ヤマハ
10751,ジャンク IK MULTIMEDIA アイケーマルチメディア iRig Keys PRO 専用ソフトバッグ付属
10752,gk41) Roland SP-404 SX 本体のみ ローランド サンプラー
10753,BOSS　Dr.RHYTHM　DR-3
10754,Roland ポータブルシーケンサー PMA-5 GS音源モジュール 本体・ケースのセット　通電・動作未確認　ジャンク
10755,YAMAHA QY100 MUSIC SEQUENCER ヤマハ ミュージックシーケンサー
10756,★Peak／MASCHINE／CUBASE LE／CUBASE LE／MOTU USB MIDI／MOTU FIREWIRE AUDIO★CD-ROM/ジャンク品/消費税0円
10757,【 ジャンク 】padKONTROL KORG KPC-1 DTM MIDI入力パッド
10758,【G】iRing PADS MIDIコントローラー
10759,【動作未確認】YAMAHA ヤマハ MU2000 トーンジェネレーター 音源モジュール シンセサイザー TONE GENERATOR Sound Module I250328
10760,RME Babyface Pro FS オーディオインターフェイス
10761,Roland SC-88VL SOUNDCanvas＜動作確認済み＞ACアダプター付き ローランド MIDI音源モジュール GM/GS MADE IN JAPAN □
10762,YAMAHA RY30 リズムマシン 電池交換済
10763,【G】ROLAND PK-5 MIDIペダル ローランド 3009886
10764,YAMAHA TX802 Voice ROM DECAY group 箱、取説あり
10765,N832 TASCAM オーディオインターフェース US-122MK2 Ⅱ 中古　未確認　現状品
10766,[中古] YAMAHA CBX-K2 XGのデータ制作に最適な標準鍵盤の入力用キーボード！ [OL620]【神戸店在庫】
10767,AKAI MPC2000XL専用 SD化完全キット ファームウェアアップグレードDISK付き 期間限定特価!!
10768,YAMAHA ヤマハ QY100 ミュージックシーケンサー リズムマシン 音楽機器
10769,Elektron Machinedrum SPS-1 中古 リズムマシン
10770,☆YAMAHA【CBX-K1XG】☆MIDI サウンドキーボード
10771,リズムコンポーザー 【中古】動作保証 Roland ローランド TR-505 リズムマシン / 71563
10772,通電確認済み＆動作未チェックの為ジャンク品★ ROLAND ローランド Sound Canvas SC-88Pro 音源モジュール ★1円スタート
10773,Make Noise Rene 2 ユーロラック モジュラーシンセ
10774,[美品] Steinberg UR22C 2IN/2OUTオーディオインターフェース/32ビット [OLN25]【梅田店在庫】
10775,MOTU 828mk3 Hybrid USBオーディオインターフェイス ジャンク
10776,【1円スタート！】Neve モジュール 2台まとめて トーンジェネレータ コンデンサー 音響機器 その2
10777,YAMAHA ヤマハ 音源モジュール MU50 トーンジェネレーター
10778,BOSS DR-01s リズムパートナー リズムマシーン メトロノーム パーカッション ボス 中古 N9857638
10779,【G】Roland MC-303 リズムマシン
10780,Roland ローランド Fantom XR 音源モジュール
10781,【 G 】5 E-MU 4XT ultra サンプラー 音源モジュール
10782,Roland SRX-04 Wave Expansion Boards Symphonique Strings
10783,RME FIREFACE800 オーディオインターフェイス ジャンク
10784,[良品] Roland JV-1010 SR-JV80-09Session内蔵/GM音源に対応 [OL045]【神戸店在庫】
10785,【送料無料】US-366 DSPミキサー搭載USB2.0 192kHz対応オーディオインターフェース
10786,CREATIVE E-MU 0404
10787,Mutable Instruments Beads モジュラーシンセ ユーロラック グラニュラー・テクスチャ・シンセサイザー 希少モデル
10788,ECHO AUDIOFIRE PRE8 エコー　オーディオインターフェイス　通電OK 動作未確認　写真追加有り
10789,iZotope RX11 Advanced Windows
10790,【本体のみジャンク】　ZOOM U-24 オーディオインターフェース　ハンディオーディオインターフェイス　箱説明書なし　ケーブル類なし（よ）
10791,N962 SSL2 Solid State Logic ソリッドステートロジック SSL 2 USBオーディオインターフェイス 中古　本体　未確認　現状　ジャンク
10792,KORG NANOKEY2　MIDIキーボード　（管理番号：060112）
10793,【新品】ぼっち・ざ・ろっく!　ギター型はさみ 後藤ひとりモデル [BR-28GH]
10794,TASCAM タスカム US-2x2 USBオーディオ MIDIインターフェース 手渡し可能　通電可
10795,Steinberg UR22C オーディオインターフェイス [G-1112]
10796,Roland EDIROL UA-4FX TEAC TASCAM US-122L CREATIVE SB0560 (Sound Blaster Digital Music SX)まとめ売り
10797,Oberheim Matrix-1000 オーバーハイム マトリックス アナログシンセサイザー 音源モジュール 現状品
10798,Cakewalk BY Roland :UA-25EXCW USB AUDIO Capture アンプ機器 動作未確認ジャンク
10799,送料無料 モジュラーシンセ ユーロラック M3 ねじ BEFACO 100個入り
10800,Steinberg UR22C オーディオインターフェース [G-1142]
10801,KORG リズムマシン KR mini コルグ リズムボックス KR-mini
10802,steinberg UR22MkII オーディオインターフェイス 音響機材 スタインバーグ 中古 Z9901436
10803,AKAI EWI3020用　ブレスアウトケーブル
10804,FOCUSRITE ( フォーカスライト ) Scarlett Solo (gen. 3) オーディオインターフェイス
10805,Arturia Rev PLATE-140
10806,オーバーハイム DX ドラムマシン
10807,Ensoniq エンソニック　MR-Rack 音源モジュール　音響機材　PA機器　ジャンク
10808,【ジャンク】AKAI SG01p ピアノ音源モジュール
10809,■□Avid HD I/O 8x8x8 Pro Tools HD オーディオインターフェース オプションボード付 アビッド□■027389070J□■
10810,Roland QUAD-CAPTURE UA-55 USBオーディオインターフェイス
10811,ネコポス無料！旧規格 角2P → 3P IEC320 (C14/C16) 変換 電源プラグ アダプター ビンテージシン機材 @アカイAKAI/KORG/ROLAND/BOSS
10812,KORG RHYTHM 55B リズムマシン
10813,1円スタート！ZOOM RT-123 RhythmTrak リズムマシン
10814,☆楽器★Roland ローランド V-Drums TD-6V 音源モジュール 電子ドラム ドラム 楽器 音楽 通電確認済
10815,Steinberg UR22C オーディオインターフェース スタインバーグ 250414SK220250
10816,AKAI MPC4000 Blue Plus サンプラー
10817,ソリッドステートロジック SSL 2+ オーディオインターフェース 箱付き 音楽制作 機材 Solid State Logic 100サイズ発送 p-3576199-7-mrrz
10818,YAMAHA ヤマハ　FB-01 音源モジュール FM音源モジュール　ジャンク
10819,【美品】YAMAHA AG06 ウェブキャスティングミキサー オーディオインターフェース【配信者向け】
10820,MOTUモツUSBオ−デオインタ−フェイスUItraLite mk3 Hybrid
10821,Neve モジュール 3台まとめて トーンジェネレータ 音響機器 ※現状渡し
10822,【1円スタート！】Neve モジュール 2台まとめて トーンジェネレータ コンデンサ 音響機器 ※現状渡し その21
10823,☆【1R0409-19】 Roland ローランド ノイズエリミネーター SN-550 100V ジャンク
10824,E997 ジャンク 通電OK NOVATION ノベーション グリッドコントローラー LaunchPad MKII
10825,YAMAHA ヤマハ MU80 音源モジュール 付属品有り
10826,送料無料 エリカシンセ ブレードパッチ ケーブル 4種 20本セット モジュラーシンセ Erica Synths Braided patch cable
10827,【 J 】7046 YAMAHA　TX802　音源モジュール　ヤマハ
10828,Yamaha ヤマハ MU100 トーンジェネレーター HELLO! MUSIC! 100 for Macintosh CBX-100M
10829,Instruo Harmonaig モジュラーシンセ　ユーロラック
10830,ART USB Phono Plus 動作不良品？ オーディオインタフェース
10831,IK Multimedia iRig HD2 モバイル オーディオインターフェイス
10832,KORG nanoKEY Studio コルグ
10833,■□Avid HD I/O 8x8x8 Pro Tools HD オーディオインターフェース オプションボード付 アビッド□■027389071J□■
10834,MOTU MicroExpress USB MIDIインターフェイス 動作品
10835,E-MU VINTAGE KEYS 動作確認済み
10836,【Sampling CD】 Discovery Firm - 8 BIT FAMILY II (Audio-CD + CD-ROM) / 送料無料
10837,YAMAHA ヤマハ AG-03 オーディオインターフェース #UD3798
10838,美品 IK MULTIMEDIA UNO DRUM アイケー マルチメディア ポータブル アナログ PCM ドラムマシン リズムマシン 元箱/ケース付 ★ 71793-64
10839,【1円オークション】BOMGE USB オーディオ インターフェイス (24 ビット/192 kHz) XLR ファンタム電源 ダイレクト モニタリング AME3183
10840,EDIROL AUDIO CAPTURE UA-3 本体　　2F77AA
10841,管理番号=Ec0852048【中古】KORG K25 & EDIROL PCR-M1 JUNK コルグ ローランド エディロール ジャンク 現状渡し
10842,TASCAM MiNiSTUDIO CREATOR オーディオインターフェース US-42 ブラック 通電のみ確認 家電 電化製品 【中古】 52504K168
10843,IK Multimedia MODO BASS ライセンス譲渡(オンライン納品)
10844,正規品 Celemony Melodyne 5 Essential 歌ってみた
10845,★Roland MT-100 (MT-32 + PR-100) DIGITAL SEQUENCER SOUND MODULE★ジャンク★MADE in JAPAN★
10846,IZU【中古】MOTU M2　オーディオインターフェイス〈096-250426-RK-02-IZU〉
10847,【名機AD/DAコンバータ】MusicNet/ Sonorus/ SwisSonic : AD24×2台(16ch分)＋DA24×3台(24ch分)：24bit 44.1/48kHz マスタークロック
10848,【ジャンク品】シンセサイザー Fantom XR Roland ※2400010503764
10849,【 C 】880 PreSonus Audio Box i TWO オーディオインターフェイス プレソナス
10850,Softube Bad Speaker: Lo-Fi ディストーションの魅力
10851,Analogue Systems RS-120 モジュラーシンセサイザー コムフィルター/フェイザー/フランジャー -4120263-
10852,Analogue Systems RS-210 モジュラーシンセサイザー フィルターバンク -4120264-
10853,RME Babyface Pro FS ハイクオリティオーディオインターフェース
10854,【 Steinberg 】UR22C　USB3.0 オーディオインターフェイス
10855,YAMAHA AD824 ADコンバーター(ADAT or AES/EBU)
10856,オーディオインターフェース　Focusrite Scarlett Solo 3rd gen マイク付き
10857,動作品 M-Audio AXIOM pro 61 MIDIコントローラー/キーボード　61鍵
10858,EDIROL AUDIO CAPTURE UA-3D 本体のみ
10859,0QJ69◆Roland ローランド MS-1 デジタルサンプラー 通電OK 動作未確認 送:-/80
10860,【本体新同品】BOSS JS-5　Jam Station ジャムステーション　リズムマシン
10861,KORG ELECTRIBE ESX-1スマートメディア サンプラー 中古
10862,BDM386T Roland ローランド QUAD-CAPTURE UA-55 オーディオインターフェイス オーディオチャプター ブラック系
10863,【中古】 オーディオインターフェイス Roland UA-22 DUO-CAPTURE EX ローランド
10864,Roland 音源モジュール　XV-5050　完動品
10865,【 D 】5033 Roland CSQ-100 デジタルシーケンサー ローランド
10866,Roland ローランド 音源モジュール Sound Canvas SC-88Pro 通電OK 動作未確認　傷などあり　ジャンク扱い
10867,iZotope Ozone 11 Advanced Windows
10868,MASCHINE MK3(Audioアウト搭載USB・MIDIパットコントローラー)(ネイティブインストゥルメンツ) Native Instruments
10869,AKAI アカイ MPC3000 LE Limited Edition リミテッドエディション 音響 オーディオ デジタル sampler 通電動作未確認
10870,1円 PROTEUS/1 16BIT MULTI TIMBRAL デジタル サウンド モジュール XR 音源モジュール
10871,AUDIENT iD14　mk2
10872,■ ローランド Roland SC-88Pro SOUND Canvas MIDI
10873,UNIVERSAL AUDIO UAD-2 Satellite Thunderbolt 2 OCTO CORE 送料無料 TB2 to TB3 変換アダプター＆ケーブル付き 動作確認済み中古
10874,Roland SC-8820 音源モジュール Sound Module ローランド 中古
10875,Solid State Logic SSL 2+ 729704X1 オーディオインターフェース ソリッドステートロジック 音響機材 中古 W9965386
10876,Intellijel uScale II モジュラーシンセ ユーロラック クォンタイザー
10877,【J】RME Hammerfall DSP Multiface オーディオインターフェース 100917
10878,Make Noise DXG ユーロラック モジュラーシンセ
10879,YAMAHA MU2000 EX 動画有 音源モジュール
10880,【 C 】955 steinberg UR22mkII オーディオインターフェイス スタインバーグ
10881,KORG コルグ Digital Sampling Synthesizer Module デジタルサンプリング シンセサイザー モジュール サンプラー DSM-1
10882,095 KORG コルグ KR-55 Pro リズムマシン ※中古
10883,AKAI Professional LPK25 MK2 / MIDIキーボード・コントローラー
10884,★ BOSS DR-5 リズムマシン ボス　アタブター付き★
10885,TASCAM（タスカム）USBオーディオインターフェイス US-100
10886,【箱付き】apogee duet firewire 接続 ドライバー　アポジー　オーディオインターフェイス　インターフェース
10887,Antares Auto-Tune Unlimited Windows
10888,YAMAHA MOTIF - RACK TONE ヤマハ　通電確認済み　トーンジェネレータ　計測器　音楽　pa 300
10889,★KORG nanoPAD-BK MIDIコントローラー コルグ USBケーブル付き USED 17569★！！
10890,BOSS DR-880 Dr. Rhythm ドクターリズム リズムマシン
10891,中古 KORG ( コルグ ) / microKEY2-37 MIDIキーボード USB 37鍵
10892,Y06/451 Roland ローランド USB-MIDI インターフェイス UM-2G cakewalk 通電確認済み 現状品
10893,Roland SC-88Pro 動作品 MIDI音源モジュール 本体＋USB-MIDIケーブル付き
10894,KORG microKEY2-61Air MIDIキーボード コルグ
10895,ローランド MIDI キーボード pc180
10896,【ジャンク】 KORG nanoKONTROL2
10897,Steinberg スタインバーグ UR242 オーディオインターフェース
10898,YAMAHA PLG150-AN プラグインボード　拡張ボード　ヤマハ　（motif s90 mu2000 mu1000 mu128 などの拡張音源）
10899,Erica Synths Black Hole DSP + DSP FX Expansion ROM モジュラーシンセ ユーロラック
10900,A3　SONY　ソニー　DRP-2　DRUM PAD　ドラムパッド　リズムマシン　元箱付　現状品
10901,HD VIDEOENCODER DECODER 有線 MPEG4 HD 1080P 1080i ビデオエンコーダー マルチキャスト SRT IPTV 送信機 ハードウェア 現状品 (5447)
10902,05S97■Roland　ポータブルレコーダー　R-44■
10903,【簡易動作確認済/美品】Steinberg UR12 オーディオインターフェース USBオーディオインターフェイス スタインバーグ 配信/60サイズ
10904,Mark of the Unicorn MUTO 2408 mkⅡ 通電確認のみ
10905,YAMAHA ヤマハ MIDIキーボード CBX-K1B 37鍵 本体のみ 通電OK
10906,コルグ　KORG 01R/W 音源モジュール 中古
10907,Roland ローランド A-49-BK MIDIキーボードコントローラー 49鍵　USBケーブル付き★動作品【TB】
10908,PRESONUS プレソナス STUDIO 26c オーディオインターフェイス USB-C MIDIインターフェース USB接続 USBケーブル付き★動作未確認品【TB】
10909,KAWAI カワイ K1r 音源モジュール デジタルサンプラーシンセモジュール　ACアダプタ付き★簡易検査品
10910,Y08/496 KORG nanoKONTROL2/nanoPAD2 MIDIコントローラー 2点セット 通電確認済み 現状品
10911,AKAI アカイ MPD218 MIDIパッドコントローラー
10912,★動作OK★ Steinberg UR22 mkII オーディオインターフェース　192kHz対応
10913,【 G 】10 ESI M8U MIDIインターフェイス 本体のみ
10914,Native Instruments ( ネイティブインストゥルメンツ )KOMPLETE 12 SELECT　ソフトウェア音源
10915,【美品】PreSonus プレソナス Revelator io24 USBオーディオ インターフェース 250210SK500005
10916,★元箱付！elektron エレクトロン Digitakt ドラムマシン サンプラー★
10917,TASCAM US-16X08 USBオーディオインターフェース
10918,KORG ELECTRIBE ER-1 (コルグ エレクトライブ)
10919,ARTURIA KEYLAB MK2 61 MIDIキーボード アートリア
10920,SU-10 サンプラー
10921,Roland リズムマシン ローランド TR-505 リズムコンポーザー ジャンク品
10922,【極美品】 KORG DS-DAC-10R DSDオーディオインターフェイス
10923,PRESONUS プレソナス STUDIO 26c オーディオインターフェイス USB-C MIDIインターフェース USB接続 USBケーブル付き★動作未確認品【TB】
10924,Roland ローランド A-49-BK MIDIキーボードコントローラー 49鍵　USBケーブル付き★動作品【TB】
10925,■JUG Beat Box JB-105 リズムボックス ＡＣアダプタ＆フットペダル付
10926,中古 ローランド MPU-PC98Ⅱ ケーブル１本付き
10927,M-AUDIO MIDIキーボード KEYSTATION mini32 MK3 32鍵 音響機材 DTM 中古 S10040589
10928,■□ 珍品　完動品 □■ 1972年製 SHIN_EI COMPANION 4 IN THE FLOOR PERCUSSION COMBO ドラムマシン　サウンド最高!!!　シンエイ
10929,K【売り切り】M-AUDIO AIR 192/6 オーディオインターフェース エムオーディオ DTM DAW 宅録 トラックメイク レコーディング ライブ配信
10930,AKAI アカイ 赤井電機 サンプラー S950 MIDI DIGITAL SAMPLER □ 71F34-1
10931,ZOOM MRT-3B RhythmTrak ★ 絶版ドラムマシン ★ 動作確認済みの美品です!!
10932,AKAI モバイル SD サンプラー MPX8 簡易確認済み
10933,★ TEINBERG スタインバーグ / UR242 オーディオインターフェイス 1.2kg
10934,【】AKAI S6000 サンプラー アカイ akai Professional エフェクトボード 現状品
10935,Error instruments BLIND NOISEとSPEAK GLITCH ユーロラック　モジュラーシンセ　doepfer moog masf make noise mutable
10936,◇Focusrite Scarlett Solo 3rd Gen オーディオインターフェイス　ノーチェック◇25-5-N197
10937,KENTON PRO2 MIDI to CV コンバーター
10938,中古 動作品 Native Instruments ネイティブインストゥルメンツ KOMPLETE AUDIO 2 オーディオインターフェース
10939,Roland ローランド R-8M ドラム音源モジュール ジャンク
10940,［美品］Native Instruments Maschine MK3 トランスファーID付 オマケ付
10941,Elektron Octatrack MKII サンプラー リズムマシン　おまけ付き
10942,＄【売り切り】Roland/ローランド 音源モジュール Sound Module SC-8820
10943,Roland ローランド MC-303 LOW BOOST groovebox グルーヴボックス シーケンサー 管理F0525gg-A8
10944,【完全動作品】ヤマハ YAMAHA SU700 サンプラー 電源 フロッピー1枚付き
10945,Soundtheory Gullfoss Windows
10946,Focusrite Clarett 2pre USB
10947,Roland SP-404MKII サンプラー 音響 機器 機材 オーディオ 趣味 中古 良好 H10065407
10948,25名/A044594-5/IM3000/V063-503/【名古屋】ALESIS アレシス DM5 ドラム音源モジュール
10949,★ ZOOM TAC-2R サンダーボルトオーディオコンバーター 中古 現状品 250501Y8346
10950,Roland ローランド MT-32 音源モジュール サウンドモジュール★動作品
10951,【簡易動作確認済/美品】 Roland/ローランド Rubix24 USBオーディオ インターフェース配信/ストリーミング/宅録/60サイズ
10952,京王技研 KORG コルグ MINI POPS 7 ミニポップス リズムマシン 楽器 音楽
10953,[ジャンク]Roland UA-4FX USBオーディオ・キャプチャー
10954,Rossum Electro-Music Control Forge / モジュラーシンセ ユーロラック
10955,管理番号Eb4774【中古】Roland SC-88VL SOUND Canvas JUNK ローランド サウンドキャンバス ジャンク 現状渡し
10956,●ヤマハ QR10 シーケンサー リズムマシン YAMAHA オーディオ 音響機材 M2099
10957,PROTEUS　/　2 ORCHESTRAL
10958,管250529 t ★ ◆Roland ローランド UA-22 オーディオインターフェース DUO-CAPTURE EX 　通電確認済み★ ローランド
10959,【 G 】7956 Roland　EDIROL　UM-880　MIDインターフェース　ローランド
10960,【送料無料】moddict パッチケーブル 6種 48本セット ホワイト モジュラーシンセ ユーロラック patch cable モディクト
10961,1円〜 ヤマハ ライブストリーミングミキサー AG03 MK2
10962,NOVATION LaunchControl XL (MIDI コントローラー Launch Control)
10963,【ジャンク品】Roland ローランド TD-1 音源モジュール 電子ドラム
10964,05S263■KORG　アナログステップシーケンサー　SQ-1　元箱付き■
10965,MOTU Ultralite Mk1 完全動作美品
10966,KORG コルグ microKEY 25鍵 MIDIキーボード
10967,PreSonus V-FIRE * Roland R-BUS - FireWire変換
10968,UAD-2-SATELLITE TB2 QUAD CORE
10969,MOTU オーディオインターフェイス Audio Express USB/FireWire400両対応
10970,即決◆新品◆送料無料AKAI Professional MPK mini Play MK3 / スピーカー内蔵 ミニキーボード コントローラー
10971,■KORG■真空管アンプ搭載アルペジエーター■Electribe MX EMX-1■中古■　★即決★
10972,PRESONUS プレソナス STUDIO 26c オーディオインターフェイス USBケーブル付き★動作未確認品【TB】
10973,即決◆新品◆送料無料AKAI Professional EWI5000J White ウインド・シンセサイザー
10974,ZOOM / Thunderbolt　インターフェース●G054E003
10975,behringer ベリンガー U-PHORIA UMC204HD
10976,正規品 Celemony Melodyne 5 Essential 歌ってみた
10977,Roland SN-U110-05 Orchestral Strings サウンドライブラリー PCM ROMカード
10978,AKAI S2800 赤井電機 サンプラー PA機器 音楽制作機器★ジャンク品【TB】
10979,Audient iD22 オーディオインターフェイス
10980,KORG DS-DAC-10(USB接続 1bit DAC・ヘッドホンアンプ、PCM:24bit/192kHz、DSD:1bit/5.6MHz(DSD128))
10981,★中古品★サンプラー SP-404SX ROLAND
10982,★中古★ROLAND JV2080 ローランド★MIDI音源 Expansion Board×2付★動作確認済み★
10983,Native Instruments Komplete Audio 6 オーディオインターフェイス 【ジャンク品】
10984,【ジャンク品】 Roland EDIROL UM-550 ローランド エディロール MIDIインターフェイス　動作未確認の為※電源なし
10985,送料無料【 Endorphin.es 2HP Power (black) 】モジュラーシンセ ユーロラック シンセサイザー Eurorack modular
10986,★超希少★VL物理モデル音源搭載★YAMAHA MIDI音源　MU-100＋プラグインボード増設：PLG100-VL
10987,サンプリングCD Welcome to Japan Vol2
10988,S11879◎steinberg UR22mkⅡ　 USB オーディオインターフェイス　音出しOK【訳アリ】250609
10989,中古現状品(通電確認のみ) Roland EDIROL PCR-300 MIDIキーボードコントローラー　本体のみ
10990,Roland TR-6S
10991,Roland ローランド MKS-20 音源モジュール★ジャンク品【TB】
10992,数量限定値下げ izotope AIボーカルミキシングツール NECTAR 4 ELEMENTS　DTM
10993,YAMAHA QY10 MIDI音源内蔵型シーケンサー 動作確認済み (専用ケースと電源アダプタ付き)
10994,☆【1R0605-5】 YAMAHA ヤマハ デジタルリズムプログラマー リズムマシン RX17 ジャンク
10995,ZOOM ズーム ST-224 サンプラー ◆ST5/31◆
10996,【 C 】6224 YAMAHA QY100 シーケンサー リズムマシン ヤマハ 元箱付き
10997,★ ★ Roland sp 404 mk2 サンプラー★ ★
10998,Novation Circuit ノベーションサーキット グルーヴボックス
10999,Teenage Engineering ポケットオペレーター リズムマシン PO-24 office 【正規輸入品】
11000,【G】AKAI MPK mini MIDIキーボード アカイ 230243
11001,△ Roland ローランド 楽器アクセサリー SC-88VL MIDI音源モジュール ACアダプター 日本製 1.85kg
11002,[極美品] MOTU M4 フルカラーディスプレイ搭載 4in 4out オーディオインターフェース [RLM49]【梅田店在庫】
11003,ROLAND ローランド SOUND Convas 音源モジュール SC-88ST Pro
11004,【G】Focusrite Scarlett Solo オーディオインターフェイス ファーカスライト 230481
11005,1円～ 8TA50520525 BOSS ボス Dr.Rhythm ドクターリズム リズムマシン DR-880 電化製品 通電動作未確認 現状品
11006,あ//つH5507 Roland ローランド　MIDI キーボードコントローラー　A-500S 通電OK
11007,【 G 】2733 Roland FC-300 MIDIフットコントローラー ローランド 2482825
11008,AMDEK RMK-100 Roland dr-55
11009,Modbap PER4MER モジュラーシンセ マルチエフェクター ユーロラック Doepfer
11010,AKAI S3200 アカイ 音響機器　オーディオ　通電不可　サンプラー　ジャンク
11011,【オススメ品】Roland サウンドモジュール CM-500 ローランド
11012,21 AKAI EWI3000m EWI3000 ウインドシンセ
11013,YAMAHA ヤマハ RX7 リズムマシン★簡易検査品
11014,UA-4FX Roland EDIROL オーディオインターフェイス ジャンク
11015,★AKAI EB-16 FX Effects Board MPC2000/MPC2000XL★OK!!★MADE in JAPAN★
11016,KORG EX M1R 音源モジュール 説明書付き コルグ【現状販売品】25F 北HH2
11017,Roland UA-101 オーディオインターフェース 本体のみ 中古 Y10139244
11018,IK Multimedia AYE1/0 オーディオインターフェース《U7894
11019,#542 BOSS DR-110 リズムマシン 動作未確認
11020,NOISE TOASTER シンセサイザー・ジャンク品
11021,04S64■ALESIS　音源モジュール　D4　ドラム音源■
11022,■【訳あり】digidesign オーディオインターフェース Digi 002 接続ケーブル、インストールディスク、ガイド
11023,YAMAHA MU50 整備済品
11024,Make Noise 0-CTRL コントローラー/ステップシーケンサー 説明書付き メイクノイズ 25F 北TO2
11025,Roland A-49 MIDIキーボード 49鍵盤 DTM DAW シンセ ベロシティ バスパワー 中古 良好 O10122977
11026,YAMAHA RX-21
11027,【動作未確認】Steinberg UR44 USB オーディオ インターフェース 音響機材 スタインバーグ
11028,1円 RME Babyface Pro FS オーディオインターフェース 説明書/元箱付き 25F 北TO2
11029,AKAI S20 16サンプラー 16bit STEREOPHRASE SAMPLER ※ジャンク品 《U8124
11030,ROLAND ローランド SC-8850 音源モジュール (中古)
11031,Roland TR-626 RHYTHM COMPOSER ローランド リズムコンポーザー ジャンク品
11032,★M-AUDIO M-TRACK 2×2 C-SERIESV オーディオインターフェイス エムオーディオ USBケーブル付き USED 19340★！！
11033,expert sleepers FH-2 モジュラーシンセ ユーロラック 25F 北TO2
11034,B842 [中古] BOSS FC-50 シンプル設計のMIDIフットコントローラー！
11035,Arturia Minilab 3 midi コントローラー
11036,RME Fireface UCX II オーディオインターフェース オーディオ機器 ジャンク
11037,●営TT982-120 Roland ローランド EDIROL PC-50 MIDI Keyboard Controller MIDIキーボードコントローラー 音楽機材 /a
11038,RME HDSPe RayDat
11039,KORG リズムボックス リズムマシン 本体 KR mini スピーカー内蔵 取説 元箱付き 音響機材 楽器周辺機器 コルグ
11040,【J】YAMAHA MU50 音源モジュール ヤマハ 096610
11041,【WD-8278】YAMAHA QY70 ヤマハ MUSIC SEQUENCER ミュージックシークエンサー リズムマシン 現状品 東京引取可 同梱可【千円市場】
11042,【WD-8285】M-AUDIO MIDI キーボード KEYSTATION mini32 DTM 32鍵盤 本体のみ 通電確認済 現状品 東京引取可【千円市場】
11043,【中古】 サンプラー ROLAND SP-555 DJサンプラー ローランド
11044,KORG volca beats（外装難あり品）（送料込み）
11045,QU-BIT Electronix Data Bender モジュラーシンセ ユーロラック 25F 北TO2
11046,◆ROLAND/GROOVE SAMPLER グルーブサンプラー SP-808(002)◆
11047,18.75 YAMAHA◆ヤマハ ミュージック シーケンサー QY20 MUSIC SEQUENCER ◆箱付き ジャンク
11048,Akai Professional サンプラー 8パッド SDカードスロット MPX8
11049,Siam Modular Takaab 2LPG - Dual Passive Low Pass Gate ユーロラック　モジュラーシンセ
11050,Intellijel Designs Bifold ユーロラック モジュラーシンセ
11051,YAMAHA TX81Z シンセサイザー 音源 モジュール ヤマハ ジャンク O10161890
11052,BEHRINGER ベリンガー BCF2000 B-CONTROL FADER ②
11053,RME FIREFACE 800 オーディオインターフェース
11054,【中古良品】Doepfer / A-100 P9 Portable Case PSU2 + 5Vアダプター　質実剛健！ユーロラック・モジュラーシンセ・スタンダードケース
11055,現状　AKAI　アカイ　SL203 25070105
11056,Focusrite Clarett 8PreX オーディオインターフェース　フォーカスライト　美品USED 通電確認済み
11057,Roland MIDIパッチベイ A-880
11058,Oeksound soothe2 Windows
11059,★ジャンク品★セッショントレーナー GB-4 KAWAI 河合楽器製作所
11060,rh 【ジャンク品】 ローランド QUAD-CAPTURE DUO-CAPTURE EX U-PHORIA UMC22 MIDI hi◇96
11061,Roland MC-303 グルーヴボックス
11062,iZotope RX11 v11.2.0 Advanced Windows
11063,Roland ローランド FC-200 MIDIフットコントローラー エクスプレッションペダル内蔵 音響機材 ジャンクW10183943
11064,SOMA LYRA-8 シンセサイザー アナログ ドローン 国内正規品 送料無料
11065,★AKAI S3000XL/S1000/S2000/S01/S2800/S5000 other FLOPPY DISK 10枚セット★OK!!★
11066,BOSS RRV-10 エフェクター DIGITAL REVERBE ボス
11067,★Steinberg/スタインバーグ USB3.0 オーディオインターフェイス UR22C/全機種dspMixFxテクノロジー対応/通電OK/ジャンク扱い&1029005711
11068,iZotope RX11 v11.2.0 Advanced Windows
11069,PRESONUS プレソナス STUDIO 26c オーディオインターフェイス USB接続MIDIインターフェース　USBケーブル付き★動作未確認品【TB】
11070,【美品】 AKAI professional ★ アカイ ★ ウインドシンセサイザー ★ EWI4000S ★ 取説・ACアダプター・充電式電池・ケース付き
11071,BGM124H Roland ローロンド SC-155 SOUND CANVAS 音源モジュール 通電のみ確認済み グレー系
11072,q C89 80サイズ発送　中古　現状品　Roland TR-626 RHYTHM COMPOSER ローランド リズムコンポーザー
11073,HAGIWO MOD2 ハード組立済 DIYドラム音源モジュール　Eurorack モジュラーシンセ　①
11074,【 G 】9983 Artiphon INSTRUMENT 1 MIDIコントローラー アーティフォン 3070174
11075,【動作確認済】Roland EDIROL SD-90 音源モジュール Studio Canvas
11076,zoom AMS-24 オーディオインターフェース
11077,AVerMedia アバーメディア LIVE STREAMER NEXUS AX310 オーディオミキサー コントロールセンター 中古 N10199956
11078,◆ NEEWER NW-100 オーディオインターフェース 中古 現状品 250511Y7313
11079,KORG NANOKEY-ST nanoKEY Studio MIDI キーボード 音響 コルグ 中古 O10215455
11080,中古★Focusrite フォーカスライト Scarlett スカーレット 2i2 インターフェース★1円スタート
11081,【送料無料】Saramonic SmartRig+ Di サラモニック iOS用 オーディオインターフェイス Lightning接続
11082,1円 動作品 Roland ローランド MC-50 MKII マイクロコンポーザー MICRO COMPOSER 電源アダプター付き
11083,MASCHINE CONTROLLER　MIDIコントローラー
11084,□Focusrite/Saffine 6 USB 2.0 ブラック 本体のみ オーディオインターフェース【USED】
11085,数量限定値下げ izotope AIボーカルミキシングツール NECTAR 4 ELEMENTS　DTM
11086,☆298☆ Roland ローランド コンパクト サンプラー SP-404SX
11087,KORG コルグ M1R 音源モジュール★簡易検査品【TB】
11088,【送料無料】Doepfer A-100 LC1V ユーロラック モジュラーシンセ 電源付ケース ドイプファー
11089,Akai Professional　APC40　 USB MIDIコントローラー
11090,○ Roland EDIROL ローランド エディロール UA-101 10イン10アウト オーディオインターフェース ソフトケース付き 通電確認済み
11091,KAWAI K1r - MIDI SYNTHESIZER
11092,ジャンク　1010music bitbox もじ モジュラーシンセ ユーロラック　サンプラー　シルバーパネルと黒パネル　 音源モジュール　dtm daw
11093,【ジャンク】M-AUDIO OXYGEN61【ピッチ不良】
11094,Behringer RD-6-TG
11095,PRESONUS プレソナス STUDIO 26c オーディオインタフェース USB-C接続 MIDI対応 USB録音機器 USB-Cコード付き★動作未確認品【TB】
11096,Universal Audio オーディオインターフェース Apollo Twin X DUO
11097,Roland SC-88Pro 音源モジュール
11098,【2507111004】 FOSTEX パーソナル・モニター 6301B-H 制作、放送業務や小規模拡声などに便利なアンプ内蔵小型パワード・モニター
11099,【2507111004】 FOSTEX パーソナル・モニター 6301B-H 制作、放送業務や小規模拡声などに便利なアンプ内蔵小型パワード・モニター.
11100,AKAI MPC2000 XL ディスプレイ ジャンク
11101,Roland UA-1010 OCTA-CAPTURE ローランド オーディオ インターフェース 音響 機器 ジャンク F10194701
11102,【極美品】YAMAHA MG-10XU
11103,HAGIWO MOD1 ハード組立済 DIYモジュール　Eurorack モジュラーシンセ　②
11104,Steinberg USB3.0 オーディオインターフェイス UR22C スタインバーグ ◆ 72E8B-4
11105,TASCAM US-366 オーディオインターフェース　通電確認済み　Z034
11106,【C】Steinberg UR22C オーディオインターフェイス スタインバーグ 232533
11107,YAMAHA QY100 シーケンサー リズムマシン ヤマハ
11108,【中古動作品】Mxio XD EX8000 マイクプリアンプ　オーディオインターフェース
11109,【Gt-2】 Roland A-49 キーボード 動作確認済み ローランド 1301-46
11110,【e25080012】 【通電確認済み】 Roland 音源モジュール SC-88Pro SOUND Canvas ローランド CANVAS 取扱説明書付
11111,TASCAM MiNiSTUDIO CREATOR US-42B オーディオインターフェース 音響機器 中古 C10160073
11112,P481-H29-1719 YAMAHA ヤマハ AG03 多機能ミキシングコンソール ウェブキャスティングミキサー 通電確認済み 箱付き IE
11113,中古★steinberg スタインバーグ UR22mkII オーディオインターフェース ★1円スタート
11114,【G】YAMAHA MFC10 MIDIフットコントローラー ヤマハ 3106937
11115,♪Avid HD I/O 16x16 デジタル ProTools アビッド デジタルオーディオインタフェース 中古♪
11116,Instruo/Divkid Ochd　Dopefer モジュラ　ユーロラック
11117,1307【ジャンク】 ZOOM ズーム R8 Recorder:Interface:Controller:Sampler マルチトラックレコーダー サンプラー DTM DAW EDM DJ 音楽器材
11118,APOGEE ONE オーディオインターフェイス　アポジーワン　プロツールス
11119,ジャンク品 スタインバーグ Steinberg 24bit/192kHz対応 USBオーディオインターフェイス UR-RT2
11120,《ジャンク扱い》 BOSS SP-303 Dr.Sample サンプラー/ボス/店頭/他モール併売《楽器・山城店》A3770
11121,【簡易動作確認済み】 BOSS / ボス Dr.sample ドクターサンプル サンプラー 音楽 音響機器 SP-303
11122,YAMAHA ヤマハ　TX81Z 音源モジュール　本体のみ　通電OK その他動作未確認　中古現状品　(140s)
11123,Sonible Plugin Collection Windows
11124,S◆中古品◆音楽機器/MIDIコントローラー 『nanoPAD 2 BK SLIM-LINE USB CONTROLLER』 KORG/コルグ トリガー・パッド×16 (ベロシティ対応)
11125,中古　Roland SC-88ST PRO SOUND CANVAS　ジャンク
11126,E-mu PROTEUS/1 Plus ORCHESTRAL ジャンク
11127,Roland/ローランド D-110/音源モジュール【ジャンク品】
11128,Roland VP-9000 バリフレーズプロセッサ　サンプラー ローランド　通電確認済み
11129,IK MULTIMEDIA AXE I/O Solo 中古品です。
11130,Lexicon PCM Total Bundle Windows
11131,Neve 88M オーディオインターフェース
11132,【 G 】2079 YAMAHA WX11 MIDIコントローラー ヤマハ 058463
11133,【 J 】1041 BOSS SP-202 サンプラー ボス 3110504
11134,Abstract Data ADE-32 ・Octocontroller ・ユーロラック ・ユーティリティ
11135,14/140☆Roland　M-DC1　音源モジュール　SOUND EXPANSION　サウンド・エクスパンション　説明書・箱有　ローランド　写真追加あり☆う2
11136,Oeksound soothe2 Windows
11137,★ Roland ローランド P-330 音源モジュール 中古 現状品 250605B6728
11138,【1001】★付属品多数★ PreSonus AudioBoX iTwo オーディオインターフェース DTM 趣味 楽器 音楽 配信 録音 マイク 歌ってみた 作曲
11139,KORG リズムマシン ELECTRIBE EMX-1 シーケンサー コルグ ジャンク品 送料込み
11140,ALESIS アレシス DM PRO
11141,【 G 】1193 Focusrite Scarlett 2i2 USBオーディオインターフェース フォーカスライト 3096683
11142,★04★UNIBRAIN☆Firewire（IEEE1394）ケーブル各種およびPCI-eカード☆16台一式☆ギリシャ本社から個人輸入☆ほぼ未使用☆ユニブレイン★
11143,K0636 MOTU UltraLite AVB オーディオインターフェース ジャンク
11144,Decibel Eleven / Switch Dr. デシベルイレブン / スウィッチドクター フルプログラマブルMIDIコントロールペダル
11145,音楽ツクール かなでーる2
11146,★E-MU Proteus (1000/2000/Orchestra/Virtuoso/Lead/Phatt/B-3/Earth/Orbit/Turbo) other ボタン9セット★
11147,infrasonic Windy 6 オーディオ Midi インタフェース MIC マイク LINE ライン FIRE WIRE ファイヤーワイヤー 稀少品 即有り
11148,★ROLAND U-20 SWITCH BOARD★OK!!★MADE in JAPAN★
11149,★E-MU Proteus (1000/2000/Orchestra/Virtuoso/Lead/Phatt/B-3/Earth/Orbit/Turbo) other ツマミ ノブ ５個セット★
11150,V.A. / Extensiveresearch Collections Vol.1 [レコード８枚分・スクラッチネタ・サンプリングネタ CD] [正規ライセンス盤]
11151,MIDIインターフェイス(Mac用 OS9時代の物)
11152,BEHRINGER USBオーディオインターフェース U-PHORIA UM2 開封未使用品
11153,2hp lunchbox + PWR 電源 ユーロラック モジュラーシンセ ケース 42HP EURORACK
11154,C4055★ Roland ローランド P-55 SOUND Canvas 音源モジュール ピアノモジュール 通電確認のみ 現状品
11155,KOMPLETE KONTROL S49 MK2 リミテッドエディション 安い　　おすすめ　やさしい
11156,★Roland SP-808 other RCM6038T-A DISPLAY★OK!!★MADE in JAPAN★
11157,ジャンク 【ジャンク】 nektar GPX88 MIDIキーボード
11158,YAMAHA KX25中古現状品
11159,★Akai S5000/S6000 8 Channel Analog Output Card IB-S508P (9～16 Channel) ★OK!!★MADE in JAPAN★
11160,ヤマハ YAMAHA RX7 デジタルリズムプログラマー 現状品 通電確認のみ　内蔵バッテリー要交換
11161,MiDiPlus X2 mini MIDI キーボード
11162,DiGiGrid DLS / SoundGrid DSPサーバー内蔵　オーディオ・インターフェイス 56122Y
11163,Roland ローランド Super MPU インターフェース 未確認 現状品 ジャンク
11164,AKAI CD-ROM Sound Library 1 / 2 / 3 の３枚セット / サンプラー用CD
11165,ECHO AUDIOFIRE4 オーディオインターフェイス
11166,送料無料■Vestax■べスタックス■USBオーディオインターフェース■VAI-40■中古■USB Audio Interface
11167,ミュージックバンク MiDiデータ Music Bank T-スクエア 2 MBR-23 MBY-23 当時物 現状品 希少品 レトロ
11168,Focusrite Scarlett 2i2 StudioPack (gen3) オーディオインターフェイス
11169,送料込み KORG コルグ MR-16 MIDI リズムサウンドユニット ドラム リズムマシン
11170,096D335A♪ NOVATION LAUNCHKEY 61 MK2 MIDIキーボード　電子ピアノ コントローラー 中古
11171,Apogee Jam+
11172,Focusrite Scarlett 18i8 3rd Gen オーディオインターフェイス ほぼ未使用
11173,N833　コルグ　MIDI　コントローラー　黒　nanoKEY2
11174,＊中古品＊ Roland ローランド サンプラー SP-404MK2
11175,◆Hexa Midi Syncro Cable◆ヘクサケーブル◆５ｍ
11176,◆◇ヤマハ RX7 DIGITAL RHYTHM PROGRAMMER デジタルリズムプログラマー　通電確認済み ◆
11177,★Korg microKEY-25 MIDIキーボード コルグ
11178,YAMAHA　RY9
11179,【C】 AKAI MPC LIVEII サンプラー アカイ 095046
11180,M-AUDIO Fast Track Pro オーディオインターフェース　 動作未確認　ジャンク品
11181,☆KORG リズムボックス KR-11 COMPACT RHYTHM BOX☆
11182,KORG コルグ ダイナミックフレーズシンセサイザー KAOSSILATOR KAOSS PAD 純正ACアダプター 4.5V 動作確認済み
11183,正規品 Celemony Melodyne 5 Essential 歌ってみた
11184,s23556-ty [送料950円] 100円スタート ジャンク◎M-AUDIO Fast Track オーディオインターフェイス [091-250211]
11185,【カタログのみです】 Roland ローランド　SOUND Canvas サウンド キャンバス シリーズ　SC-8820　SC-8850　SK-88Pro　SC-88ST Pro
11186,YAMAHA/ヤマハ ＊ モバイルシーケンサー/リズムマシン [QY100] 音源・伴奏パターン・シーケンス機能内蔵 ＊ #1757
11187,★Roland EDIROL UA-4FX オーディオインターフェイス 未チェック 現状品 管理番号02103
11188,novation LAUNCHKEY25 MK4 ほぼ未使用
11189,Focusrite　Saffire　6USB　オーディオインターフェースLINE6 BASS POD XT アンプシミュレーター ジャンク
11190,YAMAHA TG77用 高輝度ブルー LEDバックライト液晶ディスプレイ
11191,APOGEE duet for iPad & Mac
11192,AKAI サンプラー S950 ☆【現状品 動作未確認】
11193,Roland　ローランド　SC-55mkⅡ　SOUND Canvas　サウンドキャンバス　音源モジュール　器材　①
11194,MALEKKO ユーロラックモジュール VARIGATE8+ シーケンサー (モジュラーシンセ DOEPFER MAKENOISE INTELLIJEL ALM 4MS TIPTOP MUTABLE WMD)
11195,Roland JV-2080 中古動作品 内部バッテリー新品交換済
11196,Plinky synth v3 ジャンク　高機能タッチ式シンセサイザー　ユーロラック　モジュラーシンセ
11197,KOMPLETE KONTROL S49 Native Instruments S-シリーズMIDIキーボードKeyboadネイティブ・インストゥルメンツ/コンプリート・コントロール
11198,【J】Artiphon INSTRUMENT1 A100 MIDIコントローラー アーティフォン
11199,YAMAHA ヤマハ MU500 音源モジュール ACアダプター付き★動作品
11200,ユーロラックモジュール リボン電源ケーブル 5本組 (モジュラーシンセ DOEPFER MOOG INTELLIJEL MAKENOISE 4MS ALM TIPTOP WMD ERICA 2HP)
11201,【ト長】 Antelope Audio ZEN GO SYNERGY CORE USBオーディオ インターフェイス アンテロープオーディオ 元箱付き IA951IOC56
11202,ELEKTRON OCTATRACK DPS-1 保護カバー付
11203,【1円～売切ります！】美品　ヤマハ AG03MK2　ストリーミングミキサー
11204,★Roland UA-25EX オーディオインターフェース Cakewaik 24bit ローランド USED 14998★！！
11205,ZOOM SAMPLETRAK ST-224 ズーム サンプラー★簡易検査品
11206,蘇さ(YKY28) BOSS SP-505 Groove Sampling Workstation サンプラー　通電確認済み　中古品　100サイズ
11207,蘇や(YKY29) 音響機器 Roland MC-307 gloovebox リズムマシン　通電確認済み　中古品　120サイズ
11208,Steinberg/スタインバーグ UR12 USB オーディオインターフェース【通電確認済】 /000
11209,KAWAI R-50 III ドラムマシン
11210,M-Audio Keystation KS61ES 61鍵 USB・MIDI出力 Windows11で正常動作 内部清掃済み
11211,2233[M]◆Roland ローランド◆MULTI TIMARE SOUND MODULE/MT-32/音源モジュール/サウンドモジュール/本体のみ/音響/機材/日本製/ジャンク品
11212,ジャンク YAMAHA SU700 サンプラー
11213,【動作確認済】AKAI デジタルサンプラー S3000i メンテナンス済
11214,MASCHINE STUDIO（筐体のみ）
11215,【希少】ALESIS Nano piano 音源モジュール アレシス【現状品】
11216,Roland CM-64 音源モジュール ローランド　通電確認
11217,BOSS DR-01S リズムマシン ドラムマシン●G020Y028
11218,【中古動作品】MAKE NOISE / Rene Mk.1　CV/GATEシーケンサーの定番！現行機に比べ操作がしやすい ユーロラック モジュラー
11219,【中古動作品】MAKE NOISE / Phonogene Mk.1　大名機！さながらテープレコーダーを自在に操るモジュラーサンプラーの貴重な初期型
11220,【送料無料】E-mu SP1200 ビンテージサンプラー サンプリングドラムマシン 現状品
11221,美品 MOTU モツ M2 オーディオインターフェイス 音響器材 オーディオ機器 音楽機材 本体
11222,Arturia Delay TAPE-201 DTM
11223,[美品]RME MADIface USB
11224,★TASCAM US-4x4 USBオーディオ/MIDIインターフェース 低ノイズUltra-HDDAマイクプリアンプを搭載
11225,KA6893/オーディオMIDIインターフェース/メーカー不明 iRig Pro Duo
11226,【簡易動作確認済/美品】TASCAM US-2x2 オーディオインターフェース タスカム 配信/ストリーミング/宅録/60サイズ
11227,【簡易動作確認済】Roland Rubix22 ローランド USBオーディオインターフェース 2in/2out 24bit/192kHz対応 配信/ストリーミング/60サイズ
11228,Native Instruments KOMPLETE KONTROL S61 mk2
11229,★★★【動作品】YAMAHA CBX-K1 MIDI KEYBOARD ベロシティ付の37鍵ミニ鍵盤を採用したMIDIキーボード
11230,【未使用未開封】Roland OCTA-CAPTURE UA1010 オーディオインターフェース
11231,Roland EDIROL SD-90
11232,Roland ローランド 電子ドラム 音源モジュール TD-20X ジャンク 直接お渡し歓迎 ANK644252相
11233,EDIROL エディロール USBオーディオインターフェース AUDIO Capture USB AUDIO Interface UA-3D
11234,02S176■KORG　リズムマシン　ES-1MKⅡ　動作良品■
11235,iZotope Nectar 4 Advanced Windows
11236,【ヤフオク】 TASCAM US-2x2 ※箱なし 【No.1507】
11237,■RME■128chモバイルデジタルオーディオインターフェイス■USB MADIインターフェイス■MADIface　USB ④
11238,Roland UA-25 EX
11239,【動作保証付き】Roland SC-D70 ローランド 音響機材
11240,【簡易動作確認済】Roland QUAD-CAPTURE UA-55 24bit 192kHz USB 2.0 オーディオインターフェイス 配信/ストリーミング/宅録/60サイズ
11241,S10057◎YAMAHA　ヤマハ　トーンジェネレーション　音源モジュール　MU50　アダプタ 48120075-A1 付属【訳アリ】250304
11242,KORG M3R 音源モジュール　ジェラルミンケース付き
11243,楽U298-148♪【100～】Roland groovebox MC-505 動作未確認未検品
11244,Focusrite Scarlett2i2 オーディオインターフェイス【ジャンク】
11245,Celemony Melodyne Studio 5 v5.4.2 Windows
11246,ROLAND USB-MIDIインターフェースSuperMPU64 UM-4
11247,YAMAHA ヤマハ RX7 リズムマシン ジャンク
11248,ローランド Roland ED UA-30 USB AUDIO INTERFACE オーディオインターフェース 動作未確認
11249,Roland ローランド SOUND Canvas SC-88ST Pro サウンドキャンバス DTM 音源モジュール 動作確認OK
11250,【 C 】2140 steinberg UR22C オーディオインターフェース スタインバーグ
11251,【 C 】2146 ZOOM UAC-2 オーディオインターフェース ズーム
11252,Roland ローランド SN-U110-11 Sound Effects ロムカード 【動作未確認】 PCM DATA ROM FOR U-110 サウンドライブラリー ROMCARD
11253,ROLI BLOCKS Lightpad Block ジャンク品
11254,【 G 】2180 KORG MICROKEY2 -37 MIDIキーボード コルグ
11255,AKAI MPC2000 MPC2000XL MPC4000 MPC3000 MPC60　MPC60Ⅱ 中古パッドセンサー ②
11256,Instruo Lion 美品
11257,KORG KR-11 コンパクト リズム ボックス ドンカマチック
11258,【中古品】Ableton Liveコントローラー　Push3 Standalone　スタンドアロン版　エイブルトン　MIDIパッド（11625030503822HD）
11259,K5C113◆新古品◆ APOGEE アポジー One USB Audio I/O Interface オーディオインターフェイス
11260,[良品] Focusrite Scarlett 2i2 Gen3 2in2outでギターとマイクの同時録音も可能 [NLF97]【神戸店在庫】
11261,STEINBERG/スタインバーグ UR22C 32bit/192kHz オーディオインターフェース【通電確認済】 /060
11262,Roland ローランド SC-D70 音源モジュール デジタル サウンド モジュール サウンドキャンバス SOUND Canvas DIGITAL MODULE ROLAND ED
11263,YAMAHA MU2000 音源モジュール ヤマハ　通電のみ
11264,Roland BRIDGE CAST
11265,BEHRINGER U-PHORIA UMC1820
11266,YAMAHA ヤマハ MU1000 音源モジュール★ジャンク品
11267,【G】ARTURIA MINI LAB 3 MIDIキーボード アートリア 3017267
11268,YAMAHA AG03
11269,JUG Beat Box JB-105 ビートボックス リズムマシン ドラムサウンド 島村楽器（オリジナル）
11270,PreSonus AUDIO BOX GO オーディオ ボックス オーディオインターフェイス USBケーブル付き 中古 N9823934
11271,ICON QCon Pro G2 モーターフェーダー MIDIコントローラー 中古美品
11272,【極上美品★動作品】Roland ローランド VS-700C コンソール Console Cakewalk ィジカルコントローラー VS-700R対応
11273,Roland ローランド UA-1010 OCTA-CAPTURE オーディオインターフェース 音響機材 中古 S9797713
11274,ジャケットダメージ特価 貴重 サンプリングCD 「 DISTORTED REALITY 」輸入盤 AUDIO CD SPECTRASONICS
11275,YAMAHA ヤマハ MU80 音源モジュール ※ジャンク《A6141
11276,PRESONUS ( プレソナス )/FaderPort 8 フィジカルコントローラー
11277,Alm busy Pamera new workout モジュラーシンセ 限定色　美品 ユーロラック dtm daw
11278,H1307 BOSS ボス DB-88 Dr.Beat 電子メトロノーム リズムマシン
11279,【 G 】3221 M-AUDIO TRIGGER FINGER PRO MIDIコントローラー エムオーディオ
11280,YAMAHA MU1000 音源モジュール シンセサイザー 音楽 ヤマハ 音響機器
11281,iZotope RX11 Advanced Windows
11282,Dirtywave M8 tracker model 01
11283,MOTU モツ USBオーディオインターフェイス UltraLite mk3 Hybrid
11284,オーディオインターフェース（UR22mkⅡ） スタインバーグ Steinberg
11285,EDIROL　POWER INDICATORR1R2　MIDI 　KEYBOARD CONTROLLER　PCR-M80 ローランド キーボード Roland MIDIキーボード　(G)
11286,Roland SC-88Pro 【電解コンデンサ交換済み】
11287,iCON Pro Audio / PLATFORM M+
11288,管理番号=Ea3161726【中古】Roland OCTAPAD II & NOVATION LAUNCHPAD MK1 MIDIパッドコントローラーセット JUNK ジャンク 現状渡し
11289,送料無料 希少 KAWAI EC-16 DC-32 DC-16 CARD RAM
11290,ツw275/YAMAHA MUSIC SEQUENCER QY100 + 電源アダプター PA-3C/簡易動作確認済 現状品/ヤマハ シーケンサー リズムマシーン MIDI 宅録 DTM
11291,送料無料 NEKTAR IMPACT LX49+ MIDIキーボード
11292,【ジャンク】National RD-9844 リズム発生器 取扱説明書付 リズムマシン ドラムマシーン Panasonic　アナログ音源
11293,【 J 】3459 Roland DTM-88PRA SC-88Pro 音源モジュール ローランド
11294,BOSS DR-880 Dr. Rhythm 中古
11295,Roland S-330 デジタルサンプラー
11296,NOVATION launch control ノベーション　ランチコントロール MIDIコントローラー
11297,AKAI MPC1000 BK アカイ サンプラー 128MBsound libraryカード付属 通電のみ
11298,Elektron Model samples
11299,★AKAI Z4/Z8 LID 蓋★OK!!★
11300,MOTU モツ 828mkII オーディオインターフェース ※ジャンク品 〓5734
11301,Celemony Melodyne Studio 5 Windows
11302,【中古・生産終了品】Mutable Instruments / Grids　3次元的アルゴリズムにより多彩かつ瞬間的にパターンを生み出すドラム・シーケンサー！
11303,★☆Native Instruments/ネイティブインストゥルメンツ KOMPLETE AUDIO 2 オーディオインターフェース☆★
11304,YAMAHA QY300 シーケンサー　バックライト液晶　フロッピーエミュレータ
11305,E-MU Orbit 9090 V2 The Dance Planet 音源モジュール　簡易チェック済み　中古品
11306,Metric Halo LIO-8 3d / USB-C / LAN / Mac専用
11307,【D】ACE TONE FR-15 RYTHEM PRODUCER リズムマシン エーストーン
11308,ALM Busy | ASQ-1 シーケンサー モジュラーシンセ
11309,KORG MIDI音源モジュール AG-10 本体のみ 2台セット 室内保管品 非喫煙環境です
11310,iZotope Nectar 4 Advanced Windows
11311,※動作未確認　LYNX Studio Technology L-22　その他付属品あり
11312,N833 TASCAM タスカム US-2×2 オーディオインターフェース　本体 中古　未確認　現状品
11313,BIAS BS-2 パーカッションシンセサイザー
11314,Steinberg/スタインバーグ UR22 mk II オーディオインターフェース 通電確認済み /000
11315,digidesign デジデザイン XMON モニターインターフェイス★ジャンク品【TB】
11316,ACE TONE RHYTHM PRODUCER FR-15 ドラムマシン 通電のみ確認 現状品
11317,YAMAHA P50-m 整備済品
11318,★1個 バラ売り★YAMAHA W5/W7/V50/QS300 other 鍵盤★1個 バラ売り★
11319,MOTU 828　オーディオインターフェース
11320,YAMAHA ヤマハ A4000 SAMPLER サンプラー★動作未確認品
11321,Native Instruments KOMPLETE KONTROL S49
11322,★AKAI Professional EWIマウスピース / EWI Solo EWI5000 EWI4000s EWI USB用 ★新品/メール便
11323,AKAI CD3000 取扱説明書 アカイ サンプラー
11324,電子ドラムセット ローランド Beat Machine 音楽機器 Roland T-8
11325,【動作確認済】AKAI サンプラー X7000 S700 拡張ボード ASK70 akai Professional
11326,S6502 中古 RME Fireface UCX オーディオインターフェイス 通電確認のみ Driver CDがありません
11327,送料込み 中古 Roland SBX-80 SYNC BOX ローランド シンクボックス ジャンク
11328,【G】YAMAHA FB-01 音源モジュール ヤマハ 116105
11329,Steinberg UR44 オーディオインターフェース
11330,TEYUN Q-12 オーディオインターフェイス 検品済
11331,Tiptop Audio Buchla 257t モジュラーシンセ ユーロラック デュアルCVプロセッサー モジュレーション制御に
11332,03S250■AKAI　MPK mini mk3　MIDIコントローラー　動作品■
11333,YAMAHA ヤマハ GO46 オーディオインターフェース　ほぼ新品
11334,M-AUDIO KEYSTATION49 MK3 49鍵 中古
11335,AKAI S950 Stratos 増設メモリーカード
11336,Roland A-49 MIDIキーボードコントローラー ブラック
11337,[QS][C5191910] Steinberg スタインバーグ MIDEX8 MIDIインターフェース
11338,Native instruments オーディオインターフェース KOMPLETE Audio 6
11339,Steinberg スタインバーグ UR22mkII オーディオインターフェイス 音響機器 USB 箱付き 取扱説明書付き
11340,ZOOM AMS-22 使用時間短いです。
11341,Steinberg Cubase Pro 13 その他　ライセンス譲渡
11342,KORG KR-11 Compact Rhythm Box
11343,【 G 】300 YAMAHA TX16W デジタルサンプラー ヤマハ
11344,オーディオインターフェース steinberg UR22
11345,Roland オーディオインターフェース UA-1010　動作未確認　中古ジャンク品（管：2C2-M）
11346,YAMAHA RY8 ポータブルリズムマシン シーケンサー 音響機材 ヤマハ 中古 W9904852
11347,YAMAHA■ミュージックデータプレーヤー　MDP10
11348,【D】Steinberg UR22C オーディオインターフェイス スタインバーグ 3005204
11349,1円【ジャンク】AKAI アカイ/サンプラー/MPC4000/62
11350,Roland ローランド TM-2 トリガーモジュール ドラム音源モジュール ACアダプター/マウンティイングプレート/取説/元箱付き★簡易検査品
11351,Roland MIDI KEYBOARD CONTROLLER A-49 BLACK 中古 ローランド MIDIキーボードコントローラー 本体・箱のみ wa◇96
11352,K【売り切り】Steinberg UR22C オーディオインターフェース スタインバーグ 32bit USB3 2チャンネル レコーディング 宅録 配信 DTM DAW
11353,1円スタート！ZOOM RT-223 RhythmTrak リズムマシン
11354,Roland リズムマシン CR-68 ローランド リズムボックス Roland CompuRhythm
11355,iZotope RX11 Advanced Windows
11356,【開封未使用品】 KORG VOLCA BEATS ANALOGUE RHYTHM MACHINE コルグ アナログリズムマシン ドラムマシン ★ 71793-34
11357,未使用 ZOOM BTA-1 AR-48 L-20 H3-VR用 Bluetooth Adaptor
11358,waldorf blofeld black 限定版 中古
11359,【1円スタート！】Neve モジュール 2台まとめて トーンジェネレータ コンデンサ 音響機器 ※現状渡し その20
11360,【 C 】575 Roland SONIC CELL 音源モジュール ローランド
11361,AKAI MPK mini mk3 Black Edition 専用ケース付き MIDI キーボード
11362,AUDIENT iD4 mk2オーディオインターフェース
11363,スタインバーグ STEINBERG UR824 オーディオインターフェース 中古 通電確認済み
11364,★ジャンク品★デジタルボイスプロセッサー DVP-1 KORG
11365,HOTONE AMPERO CONTROL MIDIフットコントローラー ホットトーン スイッチャー 元箱 通電OK 現状品
11366,Rolandローランド・ミュージ郎V3，サウンドモジュールCM-300、通電のみ確認ジャンク品扱い
11367,☆EDIROL Roland UA-25EX USB オーディオキャプチャー 中古 動作未確認
11368,E-MU Ultra Proteus 通電OK
11369,【B-2】 Akai MPD218 パッドコントローラー 動作確認済み アカイ 3158-1
11370,◎【通電のみ確認】ZOOM RT223 リズムトラック 現状品◎Z-2539
11371,【よろづ屋】YAMAHA MU100 TONE GENERATOR ヤマハ トーンジェネレーターMIDI TG300B 音源モジュール シンセサイザー ジャンク
11372,☆ TASCAM タスカム US-122MKII インターフェースオーディオ 中古 現状品 250407B9656
11373,送料無料! Doepfer / A-140-2V Dual Mini ADSR エンベロープ ユーロラック モジュラーシンセ 中古 intellijel makenoise 美品
11374,Bastl Instruments KASTLE ２台セット 美品
11375,送料無料! Doepfer / A-110-4SE Thru Zero Quad VCO オシレーター ユーロラック モジュラーシンセ 中古 intellijel makenoise 美品
11376,★AKAI MPC2000/DR8/DR16 JOG/SHUTTLE (BLACK 黒)★OK!!★
11377,【ほぼ未使用】KORG iPhone/iPad用モバイル MIDI/AUDIO インターフェイス plugKEY (ブラック)
11378,□ KAWAI カワイ MDK7 MIDIキーボード 中古 現状品 250406B5030
11379,Roland ローランド A-800PRO-R MIDIキーボード★動作未確認品
11380,【 G 】772 BEHRINGER BCR2000 MIDIコントローラー ベリンガー 本体のみ
11381,BOSS DR-770　ボス リズムマシン Dr.Rhythm シーケンサー
11382,美品 動作確認済 Pioneer DJ TORAIZ SP-16 サンプラー　Dave Smith
11383,【 C 】 Y7070 RME ADI-2 Pro オーディオインターフェース 【元箱付き】
11384,YAMAHA AG03 ミキシング コンソール ミキサー 音響機材 オーディオ ヤマハ
11385,u57161　　中古　ローランド　JV-1010 orchestra expansion搭載　音源モジュール
11386,美品！BOSS JamStation JS-5
11387,iZotope RX11 Advanced Windows
11388,【再掲】RME UFXⅢ FS対応モデル
11389,AKAI MPC1000 サンプラー 中古品 BLACK
11390,【動作確認済】Roland デジタルサンプラー S-550 メンテナンス 改造品
11391,YAMAHA QY300専用 Gotek FDDエミュレーター(USBドライブ)
11392,akai mpc Live2 akai mpc mpc
11393,Malekko Heavy Industry Varigate8+ モジュラーシンセ シーケンサー ユーロラック
11394,behringer　U-PHORIA　UM2
11395,YAMAHA（ヤマハ） フットコントローラー FC7
11396,04S293■CASIO　デジタルホーン　DH-200　元箱付き■
11397,スタインバーグ UR44C オーディオインターフェース
11398,ROLAND ローランド QUAD-CAPTURE UA-55 オーディオインターフェース
11399,メンテ済 AKAI MPC3000 最新OS！
11400,YAMAHA AG06 ウェブキャンスティングミキサー ヤマハ ミキシングコンソール オーディオインターフェイス 動作品 音響機材 箱付き DAW DTM
11401,【 G 】979 YAMAHA VL70-m 音源モジュール ヤマハ 本体のみ
11402,KORG ELECTRIBE SX ESX-1SD コルグ エレクトライブ 真空管搭載 サンプラー 通電・簡易動作確認済み 300425
11403,【正規輸入品】XSONIC AIRSTEP フットコントローラー Bluetooth USB MIDI リレー
11404,K3384H◆通電確認済◆BOSS ボス　リズムマシン　Dr.Rhythm DR-3 欠品有り　長期保管品　現状渡し◆中古◆
11405,キーボードレコーダー シーケンサー　Roland JSQ-60 EDIROL KORG まとめ
11406,Roland SOUND Canvas SC-55mkII MIDI音源モジュール　SC-55mk2
11407,☆1円〜☆ Ableton エイブルトン Push2 Live用コントローラー HWPU02 MIDIコントローラー
11408,AKAI XR10 16BIT PCM DRUM MACHINE アカイ 16ビット ドラムマシン リズムマシン 赤井電機【音出し動作確認済み】【現状品】
11409,[極美品] Black Magic Design ATEM Mini 映像配信時の強い味方になってくれる便利な1台 [WK832]【難波店在庫】
11410,Roland（ローランド）SOUND Canvas MIDI SOUND GENERATOR SC-55　通電確認済みですがジャンク扱いです。アダプタ・ケーブル・説明書あり
11411,Doepfer A-138sV Performance Mixer Slim モジュラーシンセ ユーロラック パフォーマンスミキサー
11412,AKAI Professional アカイ MPC LIVE サンプラー ¶ 71E12-1
11413,★AKAI EB4JS PC EFFECT FX PCB BOARD Z4/Z8/MPC4000★OK!!★MADE in JAPAN★
11414,【送料無料】SOUND Canvas MIDI 音源モジュール Roland ローランド SC-55 GS音源 中古動作品
11415,Akai Pro MIDIキーボードコントローラー ミニ25鍵USB ベロシティ対応8ドラムパッド 音楽制作ソフト MPK mini mk3
11416,KORG M3-M XPANDED EXB-M256 付 難あり シンセサイザー コルグ
11417,アカイのサンプラー.MPC2000XLです
11418,★動作OK★ Sound Blaster THX オーディオインターフェース
11419,ROLAND JV2080
11420,MOTU M2 オーディオインターフェース楽器周辺機器その他
11421,★デジタルボイスプロセッサー DVP-1 KORG 箱付　通電OK 動作未確認　ジャンク
11422,Steinberg IXO12 USB オーディオ インターフェース ホワイト 250428RM460032
11423,☆【1K0417-4】 KORG コルグ リズムマシン KR mini DC9V ジャンク
11424,AKAI アカイ S20 デジタルサンプラー★動作未確認品
11425,★AKAI S2800/S3000XL/CD3000/CD3000XL/S3200XL/S5000/S6000 other SOUND LIBRARY SAMPLE WAVE MIXING★
11426,中古 ミュージ郎 付属品 FD フロッピーディスク
11427,ジャンク KORG コルグ 01R/W 音源モジュール
11428,【G】Roland Edirol SD-90 MIDI音源 ローランド エディロール 229352
11429,Roland ローランド 音源モジュール SOUND Canvas サウンドキャンバス SC-55mkⅡ 本体のみ 通電確認済み ジャンク
11430,YAMAHA/FGDP-50 フィンガードラムパッド
11431,ヤマハ YAMAHA MU80 XG音源モジュール・ACアダプター・マニュアル・ボイスリスト（中古品・送料出品者負担）
11432,動作品 Sony DRB-G1 BEAT BOX with DISTORTION リズムマシン ソニー DTM 962605
11433,KORG nanoKontrol MIDIコントローラー　本体のみ
11434,Creative SB-DM-PHDR2 オーディオインターフェース サウンドブラスター RCA端子付き USB Sound Blaster Digital Music Premium HD
11435,Y08/480 M-AUDIO M-TRACK 2x2 C-SERIES オーディオインターフェース HDH40 ヘッドホン付き 通電確認済み 現状品
11436,【音出し確認済み】ローランド 音源モジュール SC-88ST Pro 電源アダプター Roland GMシステム GMスコア MIDI ハチプロ 現状渡し ジャンク
11437,●I0509C Roland ローランド MIDI 音源モジュール SOUND CANVAS サウンドキャンバス SC-88VL ブラック 音響機器 本体のみ ジャンク品
11438,送料本文 KORG MICRO KEY AIR コルグ USB 小型 MIDI キーボード MIDI出力確認 現状 即決有り MIDI KEYBOARD 即決5980円 管理番号1305
11439,DR-770
11440,【動作確認済み】ZOOM Sample Trak ST-224 サンプラー/60サイズ
11441,Y06/499 ほぼ未使用 クリエイティブ E-MU 0202 USB オーディオインターフェイス
11442,★YAMAHA/ヤマハ R Series RUio16-D 【オーディオインターフェース】USB-eLicenser付
11443,YAMAHA RX7 リズムマシン DIGITAL RHYTHM PROGRAMMER ヤマハ ビンテージ ハードケース付 送料込
11444,送料無料 Roland ED UA-100G ローランド オーディオインターフェース オーディオインターフェイス
11445,BOSS　DR.BEAT　　DB－８８
11446,"Lynx Hilo AD/DAコンバーター　ヘッドホンアンプ 黒 Black (Aurora, Burl, rme, mytek, crane, lavry, antelope, prism, universal audio)"
11447,UR24C スタインバーグ
11448,リズムマシン ヴィンテージ DONCA MATIC Mini POPS 5
11449,Roland HUMAN RHYTHM COMPOSER R-8 リズムマシン
11450,【G】novation Launchkey 37 MK4 MIDIキーボード ノベーション 3060145
11451,【送料無料】digidesign MBOX2 MINI　USBオーディオインターフェイスゆうパケットプラス発送
11452,[ジャンク(故障品) / MIDI音源] YAMAHA MOTIF-RACK ES
11453,apogee DA-16X ジャンク/送料無料
11454,AKAI S-1100HD サンプラー アカイ●G050Y111
11455,AKAI S-5000 サンプラー アカイ●G050Y108
11456,☆【1H0328-8】 Roland ローランド ギターシンセサイザー GR-09 12V ジャンク 再
11457,B341-SG6-701 CASIO カシオ RZ-1 サンプリング リズムマシン 通電確認済 IG
11458,ZOOM RT-223 RhythmTrak リズムトラック リズムマシン ズーム ドラムマシン 音響機器 動作未確認
11459,Roland 谷村有美 MIDI DATA MIDIデータ Sweet Collection SMF FD
11460,日本ハモンド Rhythm Ace FR-6＜動作確認済み＞NIHON HAMMOND リズムマシン ドラムマシン ビートボックス ※引取り可 □
11461,ローランド Roland HANDYPAD PAD-5 リズムマット リズムマシン ※ジャンク品 ☆6538
11462,AKAI/アカイ EWI3020 ウインドシンセサイザー MIDIコントローラー/100サイズ
11463,◆Roland ローランド TD-6V パーカッションサンドモジュール◆-53
11464,AKAI APC KEY25 USB MIDIキーボードコントローラー 軽量 25鍵 音響機器 中古 T9945205
11465,【超美品・完動品】Solid Starte Logic SSL 2+（正規品）
11466,★E-MU Proteus (1000/2000/Orchestra/Virtuoso/Lead/Phatt/B-3/Earth/Orbit/Turbo) other ツマミ ノブ ５個セット★
11467,MOTU M2
11468,Roland SoundCanvas SC-88 Pro 動作確認済
11469,【 G 】1970 NATIVE INSTRUMENTS AUDIO KONTROL1 オーディオインターフェイス ネイティブインストゥルメンツ
11470,ジャンク NATIBEINSTRUMENTS KOMPLETE AUDIO 1 オーディオインターフェース
11471,YAMAHA ヤマハ MIDI音源モジュール トーンジェネレター TG100 通電確認のみ 現状品 管理番号 05330
11472,AKAI 音源モジュール SG01V アダプター欠品 未チェック 現状品 管理番号05331
11473,0705k2707 KORG コルグ microKEY2-37 MIDIキーボード 37鍵盤
11474,TASCAM US-144mkII オーディオインターフェース 051
11475,☆【1H0516-10】 SIMMONS シモンズ ドラムマシン CLAP TRAP HANDCLAP SYNTHESIZER ST.ALBANS ジャンク
11476,Roland ローランド 音源モジュール CS-88VL SOUND Canvas 通電確認済み / CS-88 / Roland MAC MIDI INTERFACE 　052818
11477,【美品】Make Noise Mimeophon モジュラーシンセ ステレオ ディレイ
11478,■□Avid HD MADI Pro Tools HDX用 オーディオインターフェース アビッド□■027389030□■
11479,◆Roland ローランド UA-22 オーディオインターフェース DUO-CAPTURE EX 通電確認のみ 現状品◆H30511
11480,Roland U-110 ジャンク品　電源入らない
11481,IK Multimedia(アイケーマルチメディア) iRig Stream(ωゆ22-10-17)
11482,【 G 】2130 Roland SC-8850 音源モジュール ローランド
11483,【G】Roland A-49 MIDIキーボード ローランド 3047190
11484,☆YAMAHA ヤマハ☆ ウインドシンセ☆WX7☆ MIDIコントローラー☆
11485,★☆Roland/ローランド RhythmArranger TR-66 ヴィンテージ リズムボックス 通電OK 動作未確認ジャンク品☆★
11486,Roland/ローランド SR-JV80-04 VINTAGE SYNTH 音源ボード エクスパンションボード 250528
11487,RME　Babyface Pro FS　国内正規品　ほぼ新品
11488,RME FIREFACE UFX オーディオインターフェイス プリアンプ コンバーター 中古 ジャンク H10081534
11489,【美品】Focusrite Saffire PRO 40／FireWireオーディオインターフェース(最大20in/20out)
11490,激安！Maker hart Just Mixer S ステレオ3入力/2出力 超小型音声ミキサー/電池とUSB電源可能オーディオミキサー
11491,iZotope Ozone 11 Advanced Windows
11492,【美品】KORG / SQ-64 ポリフォニック・ステップシーケンサー
11493,Roland　オーディオインターフェース　DUO-CAPTURE EX　UA-22 動作品
11494,1円スタート BOSS ボス Roland ローランド SP-202 コンパクトサンプラー 1円~
11495,CD-ROM / AKAI CD3000 / THE HOLLYWOOD EDGE THE SUPER SINGLE / SOUND EFFECTS LIBRARY
11496,★Roland ローランド SP-404 サンプラー★
11497,Antumbra Knit モジュラーシンセ ユーロラック
11498,【美品】MOTU ultra lite mk5 動作品 付属品有り オーディオインターフェース 18in 22out
11499,１円スタート ◎Steinberg UR22mkII オーディオインターフェイス 24bit/192kHz ZQ54830 スタインバーグ 本体 音響機材
11500,★192kHz対応★ Roland Quad-Capture (UA-55)　オーディオインターフェース
11501,Ts584211 アンテロープ 音響機器 オーディオインターフェース ZEN GO Synergy Core ANTELOPE 中古
11502,HAGIWO MOD1 ハード組立済 DIYモジュール　Eurorack モジュラーシンセ　②
11503,T05 E-MU PROFORMANCE 9102 音源モジュール
11504,u57096　中古　DONNER 　DMK-25　 MIDIキーボード
11505,AKAI MPK mini MIDIキーボード アカイ 250514GP020598
11506,avid digidesign 192 I/O 美品
11507,steinberg スタインバーグ オーディオインターフェイス UR22C レコーディングパック 14S101
11508,zoom ズーム MRT-3B micro RhythmTrak リズムマシン 通電確認済み
11509,吉 極美品 ほぼ未使用 KORG コルグ リズム・ボックス KR-11 リズムマシン ヘッドホン/ライン・アウト端子搭載 電池駆動可 ACアダプター付き
11510,LYNX STUDIO TECHNOLOGY ( リンクススタジオテクノロジー ) / LT-HD AURORA Hilo用
11511,Steinberg UR22 mkII オーディオインターフェース スタインバーグ 音響機材 ジャンク
11512,□現状品□ YAMAHA MU90 音源モジュール ヤマハ ※デモプレイで音出し確認済み (2746963)
11513,音出しOK YAMAHA ヤマハ RX21 DIGITAL RHYTHM PROGRAMMER リズムマシン
11514,【未使用に近い美品】ARTURIA Mini Lab 3 Universal MIDI Controller アルトリア MIDIコントローラー
11515,SMF 月刊ピアノ 伴奏くん 安室奈美恵 河村隆一 エンヤ セリーヌ・ディオン
11516,ジャンク Focusrite Scarlett Solo 3rd Gen オーディオインターフェイス 250602SK090247
11517,YAMAHA ヤマハ MEP4 MIDI EVENT PROCESSOR MIDIコントローラー★動作未確認品【TB】
11518,☆361　M-AUDIO オーディオインターフェース air 192 / 4 VOCAL STUDIO PRO
11519,Roland ローランド UA-1010 OCTA-CAPTURE オーディオインターフェース 通電確認のみ 現状品 管理番号06114
11520,Roland SC-55 MKⅡ MK2 soundcanvas サウンドキャンバス ローランド　起動確認済
11521,Xaoc Devices OstrawaとUSTKA セット　美品
11522,centrevillage Cerasus Mixer 美品
11523,akai professional Z8 サンプラー　 音源モジュール　mpc
11524,Roland SC-88VL SOUND Canvas JUNK ローランド サウンドキャンバス 　本体のみ　現状品
11525,KAWAI R-50 III デジタル ドラム マシン カワイ 音響機材 中古 ジャンク H10090648
11526,RME オーディオインターフェース●FIREFACE UCX 中古●送料無料
11527,KAWAI GB-4 Session Trainer セッショントレーナー カワイ 通電OK その他動作未確認　アダプター無し本体のみ　中古現状品(80s)
11528,YAMAHA ヤマハ QY300 ミュージックシーケンサー リズムマシン QYシリーズ 取扱説明書/元箱付き★簡易検査品【TB】
11529,1円スタート 美品 MOTU モツ LP32 AVA-ADATオーディオインターフェース 付属品多数 1円~
11530,【美品・箱説付属品あり・オマケ付き】RME FIREFACE UC USBオーディオインターフェース
11531,【希少・ヴィンテージ】YAMAHA ショルダーキーボード KX5（ブラックレザーサテン）専用ケース付き／外観美品
11532,Roland SC-88 その2
11533,♪TASCAM iXZオーディオインターフェース タスカム　タスカム マイク&ギター オーディオインターフェイス iphone/Android 0612-44L @60♪
11534,Strymon StarLab Eurorack リバーブモジュール 箱・電源付 美品
11535,Roland MIDIパッチベイ A-880
11536,Boss Dr.sample SP-303 【ジャンク品】
11537,★★★スタインバーグ Steinberg オーディオインターフェイス UR22mkⅡ（Ｃ匿名★★★
11538,AKAI S3000XL サンプラー
11539,コルグ KORG nano PAD & nano KEY ②点セット 動作未確認
11540,A2　Roland　ローランド　MC-303　groovebox　グルーヴボックス　リズムマシン　説明書付き　現状品
11541,74★〇 AKAI S5000 V2 DIGITAL SAMPLER USB SCSI AES 8 output / 検 アカイ サンプラー Roland ensoniq KORG s1000 s6000 s3200 〇★
11542,YAMAHA FB-01
11543,LINE6 Mobile In iPhone/iPad用 オーディオインターフェイス
11544,(志)VOCALOID/ボーカロイド 鏡音リン・レン 音楽ソフト クリプトン/crypton キャラクターボーカルシリーズ02 ボカロ DAW DTM(o)0618L
11545,PreSonus プレゾナス オーディオインターフェース AudioBox i Two コンデンサーマイク M7 ヘッドホン HD7 DTM 配信 ゲーム実況
11546,Aphex Systems 10/4 インターフェイス 124A 10dBV オーディオ機器 通電確認済み 中古 ジャンク T10096157
11547,Roland MIDIインターフェース UA-100 ローランド【20
11548,【188229】YAMAHA ヤマハ ライブストリーミングミキサー ホワイト AG03MK2 本体のみ
11549,ZOOM リズムマシン RhythmTrak RT-123 本体のみ リズムトラック ドラムマシン 音響機材 器材 ズーム
11550,Steinberg UR22C USB3.0 32bit 192kHz オーディオインターフェース
11551,【 C 】 Y8904 KORG microKEY 37 MIDIキーボード コルグ 3058049
11552,YAMAHA TG77用 高輝度ブラック LEDバックライト液晶ディスプレイ
11553,SOUND SCAN12 アナログ＆シンセ・ベース
11554,★TASCAM US-42 オーディオインターフェース MINI STUDIO タスカム USBケーブル付き USED 19329★！！
11555,RME ADI-2 FS DAC USBオーディオインターフェイス DAコンバーター 元箱 付属品
11556,6/22★Roland ローランド★DM-32N-4 音源モジュール 本体【中古/現状品/動作未確認ジャンク】
11557,M-Audio Keystation 88 MIDIキーボード 88鍵
11558,YAMAHA /ヤマハ RY30 HYTHM PROGRAMMER リズムプログラマー RY30 リズムマシン 通電確認済み 90年代 USED
11559,★AKAI S5000/S6000 other SKYNET AKI-9085 Electric Unit★OK!!★
11560,Roland SP-404MKII サンプラー 中古 T10152152
11561,74409 steinberg UR22C ステインバーグ USB AUDIO INTERFACE オーディオ インターフェース 音響機器 音楽 ①
11562,YAMAHA ヤマハ シーケンサー ミュージックシーケンサー QY100 通電のみ確認　ジャンク
11563,☆KORG 音源モジュール EX-800 PROGRAMMABLE POLYPHONIC SYNTHE MODULE シンセモジュール コルグ ジャンク パーツ取りにもどうぞ【20
11564,AKAI アカイ MPD218 MIDI パッドコントローラー USB
11565,RME Babyface Pro FS オーディオインターフェース レコーディング 高音質 ベビーフェイス 音響機材 アールエムイー 中古 C10162402
11566,Focusrite Scarlett Solo オーディオインターフェイス オーディオ 音響機材 ジャンク T10127581
11567,YAMAHA ヤマハ QY300 ミュージック シーケンサー リズムマシン 未チェック 現状品 管理番号 06251
11568,【J】YAMAHA MU100 ① 音源モジュール ヤマハ 096607
11569,【動作確認済】Steinberg オーディオインターフェース UR22C
11570,【 G 】428 YAMAHA DTXPRESS 音源モジュール ヤマハ 3057173
11571,YAMAHA ミュージックシーケンサー　QY70 動画有
11572,◆ジャンク/YAMAHA/MIDIデーターファイラー MDF3 (007)◆
11573,Roland/EDIROL UA-25EX
11574,iZotope Velvet Windows
11575,【 G 】8327 Roland　 M-VS1　音源モジュール　ローランド　210103
11576,★美品★KORG EMX-1SD ELECTRIBE MX Electlive シーケンサー 音源モジュール リズムマシン サンプラー
11577,正規品　TOONTRACK SUPERIOR DRUMMER 3
11578,営AB151-100T Steinberg スタインバーグ USB2.0 オーディオインターフェース UR824 箱付き 2011年製 通電動作未確認 現状品
11579,AKAI MPD-32
11580,[動作確認済] AKAI PROFESSIONAL MPK mini アカイプロフェッショナル MIDIキーボード コントローラー 8パッド 25鍵 箱付 現状品
11581,AKAI CD3000XL サンプラー 通電確認済み 他動作未確認 CD-ROM SOUND LIBRALY 7枚セット付き ジャンク品◆5952
11582,【JL-07】Cubase ARTIST バージョン不明 パッケージ版 ダウンロードコード USB-eLicenser付属 mac＆windows DTM DAW steinberg【未開封】
11583,Roland SP-606 Sampling Workstation サンプラー 器材 電源アダプタ付属
11584,【通電確認品】MASCHINE Mikro Mk3 Native Instruments フィンガードラム MIDIコントローラー/60サイズ
11585,ローランド Roland SC-88Pro SC-88 ROLAND SoundCanvas 音源モジュール サウンドキャンバス SOUND Canvas 動作未確認　ジャンク現状品
11586,Roland A-37 76鍵 MIDIキーボード
11587,4点セット　iZotope Ozone11 Advanced RX11 Advanced Nectar 4 Advanced Neutron 5
11588,HAGIWO MOD2 ハード組立済 DIYドラム音源モジュール　Eurorack モジュラーシンセ　③
11589,Roland Rubix44 USB AUDIO INTERFACE オーディオインターフェイス
11590,RME アールエムイー FireFace UC オーディオインターフェース 美品 付属品有り ◆ST6/48◆
11591,Roland UA-1000 オーディオインターフェース ローランド EDIROL
11592,【G】Roland SD-90 音源モジュール ローランド 231812
11593,AKAI professional MPC One
11594,S) Focusrite フォーカスライト Scarlett Solo Studio オーディオインターフェース コンデンサーマイク 音響機器 機材 @100 (6)
11595,YAMAHA TG55 トーンジェネレーター 音源モジュール シンセサイザー AWM2音源 DTM MIDI ヤマハ 音響機器 ジャンク S10183869
11596,YAMAHA ヤマハ SU200 サンプリングユニット サンプラー PA-3B 電源アダプター付き 5307058041
11597,Roland 音源モジュール ローランド TM-2 傷あり　通電のみ確認　ジャンク
11598,MOTU 16A
11599,【2台セット】 TASCAM USB2.0 AUDIO MIDI Interface US-144初代 と US-144MKII との 2台セット ジャンク(動作無保証) 送料799円~(諸条件有)
11600,audio-technica AT-UMX3 オーディオテクニカ USBオーディオミキサー オーディオインターフェース 宅録 配信 音響機材 中古 良好 O10165285
11601,B218 通電OK Roland ローランド JV-2080 音源モジュール シンセサイザー 音響機器
11602,★ M-AUDIO KEYSTATION MINI32 MK3 MIDIキーボードコントローラー 音楽制作 音楽 オーディオ機器 通電確認済み 動作未確認 ブラック
11603,Steinberg UR22mkII オーディオインターフェース スタインバーグ 通電確認のみ 現状品 管理番号07102
11604,ROLAND ローランド EDIROL STUDIO CANVAS SD-80 MIDI音源 モジュール □ 72CDB-8
11605,ValhallaDSP Bundle Windows
11606,10388-01★KAWAI/カワイ/DIGITAL MIDI SEQUENCER/Q-80/デジタルミディシーケンサー/打ち込み/通電確認済み/電源アダプターなし★
11607,YAMAHA FB-01＜音出し確認済み＞ヤマハ MIDI音源モジュール シンセサイザー MADE IN JAPAN □
11608,Novation LaunchControl XL Mk2 中古美品 MIDIコントローラー
11609,◆ Steinberg UR22C オーディオインターフェース USB3.0 32bit 192kHz スタインバーグ ◆
11610,"YAMAHA PLG150-VL プラグインボードCD,箱と取説有　音と動作確認済み"
11611,展示品 YAMAHA TG100 MIDI音源モジュール トーンジェネレーター 検 TG300 TG77 TG55
11612,Qu-bit Electronix Bloom モジュラーシンセ ユーロラック
11613,希少〜中古＆新品AKAI S3000シリーズ、MPC2000、S6000用カーソル、ノブ、ボタンセット
11614,1円【ジャンク】AKAI アカイ/サンプラー/MPC-2000XL/67
11615,【 C 】179 Roland INTEGRA-7 音源モジュール ローランド 196447
11616,YAMAHA ヤマハ MOTIF-RACK XS トーンジェネレーター中古
11617,ジャンク扱い 起動確認のみ QUASIMIDI POLYMORPH クアジミディ ポリモーフ ドイツ製 音源モジュール バーチャルアナログシンセサイザー
11618,APOGEE オーディオインターフェイス duet アポジー オーディオ インターフェイス jk714お
11619,動作未確認 Mackie マッキー Onyx Satellite Base Station Recording System レコーディングシステム
11620,M-AUDIO Keystation49 mk3 MIDI キーボード コントローラー 音響機材 中古 Y10204373
11621,KORG　wavestation A/D シンセサイザー 音源モジュール
11622,電子楽器 AKAI professional MIDI STEREO DIGITAL SAMPLER S3200XL CD3000 ジャンク
11623,Steinberg UR44
11624,Roland リズムマシン CR-68 ローランド リズムボックス Roland CompuRhythm
11625,【G】Roland CM-64 音源モジュール ローランド 3109336
11626,正規品 iZotope Tonal Balance Control 2 インテリジェント ミックス マスタリング ツール
11627,AKAI APC mini MIDIコントローラー
11628,(限定カラー)SONICWARE LIVEN Lofi-12 【Lo-fiサンプリンググルーヴボックス】 レトロサンプラー
11629,【ジャンク】コルグ　05R/W
11630,EDIROL Roland UA-1D USB Digital Audio Capture ローランド
11631,BOSS DR-202 リズムマシン ボス 250128154101
11632,★ローランド　サウンドモジュール?　SC-mk55II SC-55MK2　ジャンク
11633,□ Roland 音源モジュール EDIROL STUDIO CANVAS SD-20 ローランド 音響機器 オーディオ機器 本体のみ 動作未確認 現状品 □25072103Y
11634,TASCAM US-32オーディオインターフェイス/marantz MPM-1000 コンデンサーマイク付 250630SK280713
11635,digidesign デジデザイン MH192 オーディオインターフェース DAW★動作未確認品【TB】
11636,B0547 Focusrite Saffire Pro 24
11637,1307【ジャンク】 KORG コルグ ELECTRIBE ES-1 エレクトライブ サンプラー リズムマシン ②
11638,ジャンク　KURZWEIL MircroPiano マイクロピアノ
11639,正規品 Steinberg Cubase Elements 14 最新版　パッケージ版
11640,KORG コルグ MS20iC USB/MIDIコントローラー★動作未確認品
11641,ZIP disk 6枚 AKAI MPC2000など
11642,YAMAHA MU1000 音源モジュール シンセサイザー ヤマハ 【中古現状品】
11643,YAMAHA ヤマハ　P50-m 音楽モジュール　トーンジェネレーター
11644,オーディオインターフェース　behringer　U-PHORIA　UMC22　中古美品
11645,【G】YAMAHA MU80 音源モジュール ヤマハ 3117273
11646,☆【1W0722-13】 Roland ローランド MIDIインターフェース SD-50 ⑨ MOBILE STUDIO CANVAS 動作保証
11647,【送料無料】ROLAND SC-88Pro ローランド サウンドモジュール
11648,Ploytec PIL SQUARED πλ2 プロイテック ピーエルスクエアド MIDI コンパクトシンセサイザー
11649,u57930　中古　ROLAND　SC-88PRO　音源モジュール～通電のみ確認～
11650,HAGIWO MOD1 ハード組立済 DIYモジュール　Eurorack モジュラーシンセ　③
11651,P2509★ RME オーディオ機器 Babyface オーディオインターフェース
11652,EDIROL UA-25 USB オーディオインターフェース　通電確認済み　Z041
11653,YAMAHA ヤマハ QY300 ミュージック シーケンサー リズムマシン　動作確認済
11654,【動作確認済】ローランド SC-55/SB-55 ACアダプタ付属 MIDIケーブル1本付 MIDIデータ=危機/ムーンライト伝説付き
11655,KORG(コルグ) MIDIキーボード nanoKEY Studio DTM/25鍵盤
11656,steinberg UR22mkII スタインバーグ オーディオインターフェース 音響機材 中古 O10261861
11657,【送料無料！】 美品 Roland SP-404MKII ローランド サンプラー
11658,ROLAND ローランド サンプラー SP-404 MK II 250723RM410703
11659,★Steinberg CI 1 オーディオインターフェース スタインバーグ USED 21488★！！
11660,正規品 Komplete 15 Select Band Native Instruments
11661,ジャンク Roland CR-68 CompuRhythm リズムボックス) ローランド リズムマシン 音響機材 動作未確認
11662,■ONKYO/オンキヨー■USBデジタルオーディオプロセッサー/ウェイビオ■WAVIO SE-U55SX2(B)■中古■ ★即決★
11663,★ ARTURIA アートリア Mini Lab 3 MIDIキーボード 中古 現状品 250801C4545
11664,Korg wavestation A/D カード3枚 マニュアル 基本動作確認済み
11665,Roland EDIROL UA-1000 USBオーディオキャプチャー
11666,■□Avid HD MADI Pro Tools HDX用 オーディオインターフェース アビッド□■027389016□■
11667,●M-AUDIO◆M-AUDIO/M-TRACK SOLO/オーディオインターフェイス●
11668,★☆KORG USB MIDIキーボード microKEY-37 マイクロキー 37鍵☆★
11669,【オススメ】 ☆ BOSS Dr.Rhythm DR-660 リズムマシン ☆ ボス／ダンスミュージック／音響機器
11670,【 G 】1754 PAINTAUDIO MIDI CAPTAIN MIDIコントローラー ペイントオーディオ 3085444
11671,【G】NATIVE INSTRUMENTS MASCHINE+ グルーヴプロダクションスタジオ ネイティブインストゥルメンツ 3095369
11672,【 D 】8726 YAMAHA CBX-K1XG MIDIキーボード ヤマハ 3085634
11673,[KM0242] 中古品 AKAI professional MPC1000 BK サンプラー 音出しOK EXM128 JJOS 3.16 アカイ 黒
11674,KORG ELECTRIBE ESX-1SD サンプラー 中古
11675,EDIROL UA-5 AUDIO Capture 動作確認済 難あり
11676,【G】Teenage Engineering EP-133 K.O. II サンプラー リズムマシン 3094915
11677,AKAI ウィンドシンセ　EWI3020（コントローラーのみ）
11678,AKAI アカイ EWI5000 ワイヤレス ウインドシンセサイザー ◆ST7/28◆
11679,ROLAND ローランド MC-50 MICRO COMPOSER　稼働品
11680,Studiologic SL88 studio シンセサイザー キーボード 電子ピアノ 電子キーボード ブラック
11681,【C】KORG MICROKEY2-61Air MIDIキーボード コルグ 3059476
11682,AKAI S1000 サンプラー Sampler #2
11683,Xfer Records Serum 2 Windows
11684,新品■ モノモジュラーシンセ ユーロラック ロングパッチングケーブル 100cm x 20本 モノラルケーブル シールド 3.5mm パッチシンセ 未使用
11685,【 G 】1252 BOSS DR-660 リズムマシン ボス 3092700
11686,【おまとめ】PreSonus/プレゾナス AudioBox i Two/M7/HD7 オーディオインターフェース/コンデンサーマイク /ヘッドホン 他 /080
11687,サンプリングCD ELECTRIC BASS GROOVES 2枚組
11688,★即決★パラダイス セッションズ★ベイエリアからイビザのビーチへ～チルアウト系ハウス音源集★DVD★
11689,美品!【YAMAHA】RX21 シーケンサー リズムマシン 高品質のPCM録音による音源を採用。多彩な機能をシンプルにまとめました。9音色を搭載。
11690,4ms noise swash masf m.a.s.f make noise wmd erica endorphin moog intelliel doepfer ノイズ オシレーター メルツバウ merzbau 秋田昌美
11691,CREATIVE SB0271 Sound Blaster Digital Music LX　USBオーディオインターフェース
11692,■PEAVEY DPM SPECTRUM BASS MIDI音源モジュール シンセサイザー DV-1611A付き
11693,Herbs and Stones Liquid Foam (Eurorack)　モジュラーシンセ　ユーロラック
11694,★DANCE & GROOVE DRUMS SOUND SCAN Akai CD-ROM AUDIO TRACKS Vol.11★OK!!★
11695,【現品限り・未開封品】Kazutoki Umezu / FAKESAX [サンプリングCD]
11696,The Hollywood Edge The Super Single For AKAI CD3000 CD-ROM Sound Effects Library 効果音 ライブラリー サンプリング その他
11697,●Roland DUO-CAPTURE mk2 オーディオインターフェース ローランド
11698,★AKAI IB-802T SMPTE IN/OUT Expansion Board★L5155B5010★OK!!★MADE in JAPAN★
11699,新品■ モノモジュラーシンセ ユーロラック ロングパッチングケーブル 100cm x 10本 モノラルケーブル シールド 3.5mm パッチシンセ
11700,Akai MPC3000 /LE 専用 オペレーションボードMpc3000/LE brand new operation boards
11701,AXIOM PRO 61 - ジャンク （ ブルースクリーン オブ デス） -　MID コントローラー　－
11702,MOTU 828 mk3 FireWire オーディオインターフェース
11703,Studiologic Numa & SLシリーズ専用　3本ペダル　（SLP3-D）
11704,★Roland SRX-09 WORLD COLLECTION EXPANSION BOARD★OK!!★MADE in JAPAN★
11705,[M-TN 902] TASCAM US-125M オーディオインターフェース
11706,★　IK　★　オーディオインターフェース　【 iRig HD2 】
11707,Roland TORCIDO ディストーション　ユーロラック
11708,1円　1円〜　完動品　Roland D-550 音源モジュール　ローランド
11709,[3月末まで特価] YAMAHA TG77用 高輝度ホワイト LEDバックライト液晶ディスプレイ
11710,Frap Tools Quad Stereo Channel、G - Group 2016 、Masterone 3点セット
11711,Roland SN-U110-09 GUITAR & KEYBOARDS PCM DATA ROM サウンドライブラリー ローランド
11712,Roland ローランド マスターキーボード A-33 MIDI コントロールキーボード ジャンク
11713,★AKAI MPC2000/MPC2000XL other SKYNET SNP-9541 Electric Unit POWER SUPPLY 6個セット★OK!!★
11714,Apogee PSX-100　現行機種 Symphonyがクリアすぎると感じる人にオススメ　ロックにおすすめ
11715,ROLAND（ローランド）音源モジュール U-110
11716,Roland CUBE-20XL 音響機材
11717,Roland RSC-15AT シリアルMIDIケーブル
11718,★M-AUDIO　KEYSTATION MINI 32 MK3 USB★
11719,MEINL マイネル PTOPCAJ4MH-M スラップトップカホン エレキ
11720,E-MU 9098 Proteus Orchestra 128ボイス バーチャル オーケストラ 音源モジュール 中古 N9697043
11721,レア! メンテ済 AKAI MPC2000XL アカイ サンプラー 限定 リミテッドカラー 取説 リズム打ち込み入門 サンプリング CD-ROM セット/DJ機材/DU
11722,ほぼ未使用　After Later Audio Atom (uElements) モジュラーシンセ　ユーロラック　元箱付属品完備　国内正規品　mutable
11723,Roland ローランド SC-55 Sound Canvas 音源 モジュール　本体のみ
11724,☆LinnDrum リンドラム LM-2 ドラムマシン 美品動作品　　ヴィンテージ機材
11725,UNIVERSAL AUDIO Apollo Twin MKII Quad【美品】
11726,Roland UA-55 QUAD-CAPTURE USBオーディオインターフェース
11727,サ)[通電確認済] NATIVE INSTRUMENTS KOMPLETE KONTROL M32 MIDIキーボード コンプリート コントロール 管理OR
11728,KORG コルグ microKEY Air MIDIキーボード MICROKEY2-25AIR 25鍵盤 本体 通電のみ確認済みです☆
11729,★ALESIS アレシス　D４　ドラム音源モジュール 【動作品です】
11730,928 音響祭 Roland ローランド 音源モジュール LA/PCM SOUND MODULE CM-64 DM-64N-4 中古品 通電のみ確認
11731,"デジタルRGB からVGAモニタに接続する変換ケーブル！8p DIN to D-Sub15ピン(メス3列) / Roland S50,S330,S550,S750,S760 & S770 / 15khz用"
11732,【Yamaha RY30】【少々難あり】ヤマハ リズムマシン ドラムマシン Ⅱ
11733,217 Roland octa CAPTURE オーディオインターフェース
11734,UNIVERSAL AUDIO PolyMAX Synth ビンテージ・アナログシンセ プラグイン
11735,YAMAHA ヤマハ MIDI コントローラー キーボード 49鍵 DTM DAW 電子ピアノ CBX-K3 動作未確認 MI-250207026
11736,Boss dr-550 ボス DR-550 ドクターリズム ドラムマシン 動作不明 本体のみ 送料無料 ☆
11737,AKAI S20 16サンプラー　16bit STEREOPHRASE SAMPLER　USB仕様
11738,[250164] 完全動作品 Solid State Logic (SSL) ソリッド・ステート・ロジック/SSL 2 オーディオインターフェース
11739,【動作確認済】Roland 電子ドラム ドラムトリガーパッド PDX-6 2台セット
11740,KORG K25 USB MIDIキーボード25鍵 　おまけ(音源モジュール　SC-55mkII)
11741,◇ digidesign デジデザイン 882 STUDIO アンプ 中古 現状品 250205K2219
11742,KORG 定番 USB MIDIコントローラー nanoPAD2 BK　オーディオテクニカ　3mマイクケーブル付属
11743,★Roland SC-8850 音源モジュール SOUNDCanvas ローランド サウンドキャンバス 電源コード付き USED 15057★！！
11744,Arturia Keystep Pro Chroma モジュラーシンセ dtm daw モジュラーシンセ　midi 鍵盤
11745,中古美品：AKAI professional APC40 MKII
11746,★AKAI EB4JS PC EFFECT FX PCB BOARD Z4/Z8/MPC4000★OK!!★MADE in JAPAN★
11747,【ジャンク】BOSS ボス/リズムマシン/Dr.Rhythm/DR-55/67
11748,KORG　MIDIキーボード　Micro　key-37 美品　楽器　DTM 鍵盤
11749,Roland CD-5 CD-ROM PLAYER
11750,YAMAHA ヤマハ MU90R TONE GENERATOR トーンジェネレーター MIDI音源
11751,S) Roland ローランド groovesampler グルーブサンプラー SP-808 Pro 音響機器 オーディオ @100 (2)
11752,新品未使用 Random*Source Serge Sequencer8 XL (SEQ8XL)
11753,【動作未確認】 Roland/ローランド EDIROL USB対応 64チャンネル MIDI インターフェース Super MPU64
11754,Roland SD-20 EDIROL STUDIO Canvas MIDI音源モジュール ローランド 通電確認のみ 現状品
11755,Digidesign 888 24 I/O　ジャンク
11756,FOCUSRITE ( フォーカスライト )Scarlett Solo (gen. 4) オーディオインターフェイス 第4世代
11757,管理番号=b2953292【中古】デジタル商品 8個セット Digidesign BEHRINGER ZOOM その他 JUNK ジャンク 現状渡し
11758,TASCAM US-366 オーディオインターフェース 動作未確認　ジャンク
11759,B126★Roland Cakewalk オーディオキャプチャー／UA-4FXCW オーディオインターフェイス
11760,KORG コルグ TRTK-49 MIDIキーボード★動作未確認品
11761,midiman DigiPatch 12x6　DIGITAL AUDIO PATCHBAY　ミディマン　オプティカルパッチベイ【動作品】
11762,ESI GIGAPORT eX
11763,●【中古/通電確認のみ】YAMAHA リズムマシン リズムプログラマー RHYTHM PROGRAMMER RY20 生産終了 元箱・取説なし
11764,ZOOM ズーム SB-246 リズムマシン ストリート ボックス ヒップホップ ビート クリエイター STREETBOXX HIP HOP RHYTHM MASCHINE
11765,02S182■YAMAHA　MU80 音源モジュール　元箱付き■
11766,中古 AKAI アカイ MPC Studio PC用MPCコントローラー AKAI PRO 登録解除済 新規登録可能
11767,Behringer UMC22 オーディオインターフェース
11768,ARTURIA MIDIキーボード（MIDIコントローラ）MinLab mkⅡ　　DTM、DAW、コンピュータミュージックなどに
11769,正規品 Universal Audio Century Tube Channel Strip ヴィンテージチューブプリアンプ UAD
11770,自作品 Windows95で動作確認済 シリアル MIDIケーブル 約４３ｃｍ miniDin8ピン DSub25ピン(CA240810)
11771,Intellijel Designs Quad VCA モジュラーシンセ ユーロラック
11772,SW0224-1-3 現状品 YAMANHA ヤマハ TX81Z FM 音源 トーンジェネレータ シンセサイザー 楽器 機材 通電のみ確認済 120サイズ
11773,【国内正規品】Cubase Pro 14 通常版 Win＆Mac ダウンロード版
11774,digidesign デジデザイン MH192 オーディオインターフェース★動作未確認品【TB】
11775,ROSENDAHL ローゼンダール nanosyncs クロックジェネレーター　業務用/音響機器★動作未確認品【TB】
11776,EDIROL USB オーディオキャプチャー UA-25 24bit 96KHz 通電確認のみ レターパックプラス発送(600円)対応 管理番号9343
11777,[良品] Roland PC-50 MIDIキーボード/コントローラー [NLN08]【梅田店在庫】
11778,[良品] Focusrite Scarlett 2i2 Gen3 コスパに優れた定番オーディオインターフェース [NLG01]【神戸店在庫】
11779,[超美品] KORG SQ-64 新世代のシーケンシング・ハードウェア [NL559]【神戸店在庫】
11780,サンプリングCD WATERDROP&NATURE SOUNDS 水の音　ノイズ　環境音楽　アンビエントなどに
11781,【1円スタート！】ベリンガー　Behringer X-TOUCH ONE DAW フィジカルコントローラー
11782,OYAIDE PA-02 V2(TRS-XLR(メス) 3m
11783,Roland CM-300 GS SOUND MODULE
11784,●Steinberg UR22mkⅡ オーディオインターフェース　本体のみ　中古品
11785,☆Novation Launchkey Mini MK2 The mini production keyboard for Ableton Live☆ MIDIキーボード コントローラー
11786,【ヤフオク・格安スタート】TASCAM US-1x2HR #1
11787,RME Fireface400 +YAMAHA PA-6 + Thunderbolt3-Thunderbolt2アダプタ + Thunderbolt2-firewire800アダプタ + firewire800-400アダプタ
11788,MIDIMAN　USB　MIDISPORT　2×2　未チェック品
11789,★AKAI FMX008M 8MB FLASH ROM BOARD (L5211B5020)★OK!!★MADE in JAPAN★
11790,【Ｇ】Focusrite Scarlett 2i2 Gen2 オーディオインターフェイス フォーカスライト 3002663
11791,Elektron Syntakt モジュラーシンセ シンセ
11792,KORG M3R 整備済品
11793,BOSS DR-55 リズムマシン Dr.Rhythm ボス ドクターリズム
11794,Roland SC-55mkⅡ
11795,UNIVERSAL AUDIO Apollo Twin X DUO | Neve1073 他プラグイン同梱
11796,[新品同様] audio-technica AT-UMX3 マイクロホンメーカーが手掛けるライブ配信向けUSBオーディオミキサー [NL301]【神戸店在庫】
11797,正規品 Eventide Quadravox ハーモニー 自動生成 ピッチシフト・ハーモナイザープラグイン
11798,03S27■Roland　groobox MC-505 リズムマシン■
11799,【現状品】ZOOM SampleTrak ST-224 本体のみ
11800,【新古】M-AUDIO M-Track Duo Mトラックデュオ
11801,ジャンク JSU5000 USBインターフェース　Sunbuck
11802,BOSS SP-505 サンプラー
11803,★Roland SN-R8-01 Contemporary Percussion SOUND LIBRARY★OK!!★MADE in JAPAN★
11804,【USED】1円スタート ≪ KORG PAD KONTROL ≫ 動作未確認 通電未確認 電源ケーブルなし 箱なし 取扱説明書付 リズムボックス JUNK ジャンク
11805,送料無料 VOLT 176 UNIVERSAL AUDIO オーディオインターフェース
11806,サンプリングCD「Creative Essentials Sampling CD Series Vol.8　SPICES OF INDIA スパイス・オブ・インド」輸入盤・ジャケ盤面新品同様
11807,【動作確認済】【送料無料】AKAI サンプラー用メモリ EXM3008 8MBメモリ S2800/S3000/S3000i/S3200/CD3000/MPC3000
11808,【美品】Roland SH-4D【送料無料】
11809,YAMAHA MU100 トーンジェネレーター 音源モジュール 電源アダプターと取説付き　“ジャンク品”
11810,Universal audio arrow ユニバーサルオーディオ オーディオインターフェイス　アロー UAD thundervolt サンダーボルト
11811,Ableton Push2 AbletonLive専用コントローラー エイブルトン
11812,TASCAM タスカム US-366 オーディオインターフェース★動作未確認品
11813,【C】ELEKTRON OCTATRACK DPS-1 サンプラー 3003206
11814,レア サンプリング CD 「 DANGER CHEMICAL BEATS 」輸入CD サンプリング素材
11815,Groove Center XW-PD1
11816,YAMAHA ヤマハ トーンジェネレーター TG55 オーディオ機器 音源モジュール ②
11817,【B-3】 Native Instrument MASCHINE MIDIコントローラー 通電確認済 中古品 2374-48
11818,YAMAHA MU80 TONE GENERATOR ヤマハ
11819,Acid Rain Technology Chainsaw モジュラーシンセ
11820,【G】YAMAHA RX7 リズムマシン ヤマハ 3036504
11821,KORG drumlogue HYBRID DRUM MACHINE 未使用品
11822,Akai Pro MIDIキーボードコントローラー ミニ25鍵USB ベロシティ対応8　ドラムパッド　MIDIキーボード MIDI 　　C2041　　80サイズ発送
11823,M-AUDIO trigger finger pro PC USB MIDI コントローラー DTM 現状品 元箱付き
11824,Stylophone Theremin スタイロフォン テルミン スタイロフォンテルミン dtm daw モジュラーシンセ　ドローン
11825,YAMAHA ヤマハ TENORI-ON サンプラー シーケンサー 付属品有り
11826,現状でのお渡し◆ YAMAHA RX11 ◆ ヤマハ デジタル リズム プログラマー　取説、元箱付属です♪ジャンク品扱い RX-11
11827,STEINBERG スタインバーグ オーディオインターフェース UR22MKII □ 7166C-1
11828,YAMAHA PLG100-SG　音源モジュール
11829,ローランド　SOUND CANVAS SK-88 Pro （未使用、側面、移動による浅いこすれ傷あり）
11830,ST0324 YAMAHA/ヤマハ WX7 ウインドシンセサイザー MIDIコントローラー 希少
11831,uO_C (Ornament & Crime) モジュラーシンセ ユーロラック
11832,珍★ レア・ COLUMBIA Analog Rhythm Box・CRB-101・コロンビア・アナログ・リズムボックス・ビンテージ・’70s・レトロ・暖かい音・即決！
11833,【G】ROLAND SOUND CANVAS MIDI音源モジュール ローランド 3002386
11834,★AKAI MPC2000 FRONT PANEL CASE★
11835,E-MU EM8986 1010 PCIe Card オーディオインターフェイス PCI-e サウンドカード 1616mに
11836,032015.RX120. YAMAHA.リズムマシン. ヤマハ.通電確認済み.ジャンク
11837,METRIC HALO メトリックハロ Mobile I/O ULN-2 オーディオインターフェース 付属品有り
11838,美品 KORG microKEY Air コルグ マイクロキー エアー　37鍵
11839,★Roland ローランド オーディオインターフェイス QUAD-CAPTURE UA-55 未チェック 現状品 管理番号03363
11840,NOVATION LAUNCH CONTROL XL MIDIコントローラー
11841,YAMAHA XGears HELLO MUSIC セット
11842,n82945-ty 中古○Ableton Move スタンドアロン ポータブルガジェット エイブルトン [091-250202]
11843,★Roland EXPANSION BOARD SRX-07 MADE IN JAPAN★
11844,ZOOM リズムトラック RT-223 本体のみ　通電OK その他動作未確認　中古現状品　(80s)
11845,maono オーディオインターフェース AU-AM200-S1 オーディオミキサー 通電確認のみ マイク欠品
11846,戸田店【現状品】03-172 YAMAHA ヤマハ RX 15 DIGITAL RHYTHM PROGRAMMER 通電確認済み
11847,"E-MU E6400 ULTRA 128MB/RAM, SD SusanoMonster SD/SCSI 変換アダプター付き HD80ギガ 正常動作品 日本語マニュアル"
11848,A316 ★ROLAND ローランド SOUND Convas 音源モジュール SC-88Pro/G ジャンク品
11849,〈即決〉 NATIVE INSTRUMENTS KOMPLETE AUDIO1 オーディオインターフェイス DTM ポッドキャスト ドイツ
11850,Mark of the Unicorn /MOTU・USB MIDIインターフェイス MIDI EXPRESS XT 前期
11851,[良品] TASCAM US-2x2HR IOSデバイス対応のインターフェース [OLH73]【難波店在庫】
11852,★steinberg オーディオインターフェース UR22mk2 II
11853,Polyend Polyend Play 動作確認なしの為　ジャンク
11854,ヤマハ YAMAHA ウェブキャスティングミキサー オーディオインターフェース 6チャンネル AG06 インターネット配信に便利な機能付き 音楽
11855,Klevgrand Stark
11856,ARTURIA KEYLAB ESSENTIAL 61★MIDI 61鍵キーボード
11857,MIDI Interface
11858,1304 【ジャンク】Roland ミュージ郎５５ SC-55ｍｋⅡ CANVAS SOUND 音源モジュール
11859,(a280) ヤマハYAMAHA SU10 サンプリングユニット
11860,MIDI 音源モジュール　 Roland　 MT-32
11861,KORG PCM EXPANSION BOARD ORCHESTRAL COLLECTION EXB-PCM06 EXB-PCM02
11862,Steinberg IXO12 USB オーディオ インターフェース 音響機材 中古 良好 Y9772553
11863,管68（未確認現状、即発送）AKAI professional アカイ MIDIキーボード LPK25 キーボード 25鍵 ミニ鍵盤 MIDIコントローラー
11864,【 G 】12 DigiGrid DLI オーディオインターフェイス 本体のみ
11865,Roland EDIROL UA-25EX 動作可　中古品
11866,"【新品未開封】Sonarworks SoundID Reference for Speakers & Headphones 測定マイク付属 (Trinnov, Arc, ソナーワークス)"
11867,アウトレット特価 Blackstar POLAR2 ブラックスター USBオーディオインターフェイス 2チャンネル入力
11868,Belden非メッキ６口WN1512K ２P or 3Pプラグ電源タップ
11869,☆☆　Roland SP-404　世界のミュージシャンやDJに愛されるサンプラー　☆☆
11870,ZOOM SampleTrak ST-224 サンプラー レア
11871,VOLT 176 未使用品
11872,KGNY5099 Behringer ベリンガー オーディオインターフェース UMC204HD 現状品
11873,【希少】Roland ローランド Groove Effects EF-303 リズムマシーン
11874,25博/B102268-4/SY3000/M051-10/【名古屋】digidesign 192 DIGITAL I/O オーディオインターフェース
11875,【動作美品】MOTU Ultralite AVB 18in18out USB2.0 オーディオインターフェイス *424216
11876,PreSonus AudioBox iTwo M7 オーディオインターフェース コンデンサーマイク プレソナス 1円~　M0266
11877,Arturia KeyLab Essential 61 mk3 キーボード コントローラー 音響機器 中古 K9850829
11878,★Roland ローランド　MT-90ｓ　Music Player　再生専用　ミュージックプレイヤー　★通電確認済　★説明書付き
11879,Focusrite Scarlett 2i2 4th Gen4 フォーカスライト　オーディオインンターフェース　現行型！
11880,【未使用】Celemony Melodyne 5 essential (iZotope Nectar4 の付属品)
11881,【動作確認済】【送料無料】AKAI サンプラー用メモリ EXM3008 8MBメモリ S2800/S3000/S3000i/S3200/CD3000/MPC3000
11882,ROLAND CM-64
11883,【動作OK】Apollo Twin MKII/SOLO オーディオインタフェース　Thunderbolt アナログ2イン/6アウト、デジタル8イン Universal Audio
11884,MPD218 AKAI 新品同様
11885,M-Track Solo M-Audio USBオーディオインターフェース 音楽制作ソフト付 Mac Win 再生 ライブ配信 宅録 コンボジャック
11886,KORG コルグ microKEY-37
11887,YAMAHA　DTXPLORER　本体のみ
11888,AKAI S3000XL サンプラー FD×5付属
11889,★即決落札＝10日間動作保証付★RME UFX★動作品★電源ケーブル付属★
11890,iZotope RX11 Advanced Windows
11891,【極美品】Elektron Syntakt ド定番 アナログ / デジタル ドラムマシン / シンセサイザー チップチューン SuperSaw ハードテクノ STK-1
11892,Roland ローランド リズムマシン R-70 HUMAN RHYTHM COMPOSER DTM/DAW 音源モジュール ドラムマシン ジャンク
11893,YAMAHA FB-01 動作チェック済み FM音源モジュール
11894,【G】RME Babyface オーディオインターフェース 3010513
11895,★TASCAM タスカム US-20x20 オーディオインターフェース MIDIインターフェース 未チェック 現状品 管理番号04116
11896,universal audio apollo 8 duo
11897,Instruo eas モジュラーシンセ ユーロラック ロジックモジュール
11898,Focusrite Clarett 8Pre ISA マイクプリ
11899,[美品] VOX AC1 RhythmVOX 豊富なリズムパターンをはじめ多彩な機能を搭載 [PLQ66]【梅田店在庫】
11900,★ Roland ローランド TR-707 リズムコンポーザー 音出し確認済 中古 250401Y8278
11901,【 G 】 Y7243 UNIVERSAL AUDIO APOLLO TWIN X QUAD オーディオインターフェース ユニバーサルオーディオ　 【元箱付き】
11902,CASIO リズムマシン RZ-1 音出し簡易確認済み
11903,Focusrite フォーカスライト CLARETT+ 8Pre USB オーディオインターフェイス　18入力/20出力　未使用品　外箱若干痛みのみ　送料無料
11904,正規品 Native Instruments Ignition Keys Pops EDM HipHop向けキーボード音源
11905,04S162■Roland　サンプラー　PMA-5　動作品■
11906,Klevgrand Stark　送料無料
11907,♪KORG　コルグ　TR-Rack　動作品♪
11908,Roland FC-200 MIDI フットコントローラー　中古動作品
11909,Steinberg CMC-CH Cubase コントローラー 通電OK 動作未確認 250416SK040342
11910,【MIDIケーブル付】ROLAND USB MIDIインターフェイス「UM-2」
11911,[良品] Novation LAUNCHPAD Pro Abletonに最適なMIDIコントローラー [PL130]【神戸店在庫】
11912,美品【グルーブボックス】 NOVATION ( ノベーション )/Circuit
11913,☆激レア☆ 高精度MIDIクロック・ジェネレーター『E-RM MIDIclock+』
11914,【A-2】 Boss SP-202 サンプラー 動作確認済み ボス 1995-6
11915,中古 Ableton Push 2 (u82998)
11916,管119（中古現状、即発送）TASCAM US-144mkII US-144mk2 タスカム USBオーディオインターフェース
11917,YI キ4-276 BEHRINGER ベリンガー UM2 USBオーディオインターフェイス
11918,RME Hammerfall DSPSystem Multiface ２台＋PCI Busカード　動作品ですがジャンク扱い。付属：ACアダプタ、日本語マニュアル、製品箱
11919,【動作確認済み】AKAI MPC1000 サンプラー ブラック アカイ
11920,【 J 】826 Roland TR-66 リズムアレンジャー リズムマシン ローランド
11921,【G】KOMPLETE KONTROL MIDIキーボード 228943
11922,Roland SP-404SX コンパクトサンプラー ローランド 通電確認済み
11923,BOSS Dr.Rhythm Section DR-5 ドクター・リズム・セクション ボス・リズムマシン ジャンク
11924,【 G 】4918 BOSS Dr.Rhythm DR-670 リズムマシン ボス
11925,送料無料A032 AKAI RIFF-O-MATIC U400 サンプラー バリアブル・テンポ/コンスタント・ピッチ・フレーズ・レコーダー ジャンク
11926,ARTURIA DrumBrute Creation Edition ドラムマシン フルアナログ リズムマシン 音響機材 中古 S9962433
11927,【中古品】TASCAM US-2×2 オーディオインターフェース 【通電のみ確認済み 未メンテ品】°
11928,【 G 】4917 Roland HUMAN RHYTHM COMPOSER R-8 リズムマシン ローランド
11929,【G】ROLAND M-OC1 音源モジュール ローランド 116663
11930,Celemony Melodyne Studio 5 Windows
11931,８４７，Roland　MSQ-100　前橋市から
11932,iZotope Equinox Windows
11933,Casio カシオ MDMIマスターキーボード GZ-5 本体のみ 現状品 電子楽器
11934,Roland EDIROL UA-25 オーディオインターフェース
11935,041 Zoom R8 ライブ同期　オーディオインターフェース
11936,ローランドグルーヴサンプラー●Roland SP-808 groove sampler●zipディスク●ケース付
11937,iZotope Neutron 5 Windows
11938,Y12/374 YAMAHA ヤマハ MIDIキーボード KX25 通電確認済み 現状品
11939,美品　Steinberg UR22mkII オーディオインターフェース　 音響機材 スタインバーグ
11940,ZOOM RhythmTrak RT-123
11941,ヤマハ YAMAHA ミュージックシーケンサー QY10 リズムマシン music sequencer 楽器 箱付き
11942,Roland 楽器器材 デジタルサンプラー S-550
11943,【 C 】1012 UNIVERSAL AUDIO VOLT 276 オーディオインターフェイス ユニバーサルオーディオ
11944,【 J 】978 YAMAHA MU80 音源モジュール ヤマハ 本体のみ
11945,中古 ジャンク Steinberg UR22mkII オーディオインターフェース
11946,Elektron Digitakt II 専用カバー付き
11947,AKAI MPC1000 サンプラー オーディオ 音響機器 アカイ 中古 T9882435
11948,【中古美品】ableton move
11949,P4L ISO-001U　Eurorack　最強アイソレーター　Doepfer モジュラ　Intellijel
11950,【通電確認済み】 YAMAHA MUSIC ACCOMPANIMENT PLAYER QR10 ヤマハ リズムマシン シーケンサー カバー付き 音響機材 音響機器 S2（1）
11951,steinberg UR22 mkII オーディオ インターフェース スタインバーグ 中古 W9946639
11952,iZotope RX11 Advanced Windows
11953,♪▲【Roland ローランド】ポータブルシーケンサー PMA-5 0319 4
11954,【 C 】 Y7635 Roland Rubix 24 オーディオインターフェース ローランド
11955,YAMAHA ヤマハ　TMX 電子ドラム トリガーモジュール 音源モジュール
11956,Doepfer A-106-5 12dB SEM Multimode Filter モジュラーシンセ ユーロラック make noise moog masf
11957,PreSonus プレソナス AudioBox iTwo オーディオインターフェイス オーディオ 音響機材 ジャンク W9960379
11958,A206-N35-4269 KORG コルグ 05R/W SYNTHESIS MODULE 音源モジュール 通電確認済み 現状品2
11959,Roland ローランド SC-88 音源モジュール MIDI音源 GS音源
11960,Roland MT-300S＜簡易動作確認＞※電源コード欠品 ローランド スピーカー内蔵 ミュージックプレーヤー シーケンサー MIDI音源 ※引取り可□
11961,★ YAMAHA ヤマハ YME8 MIDIエキスパンダー 中古 現状品 250401E6837
11962,【G】Roland SC-88PRO 音源モジュール ローランド 3040864
11963,AKAI APC40 MIDIコントローラー アカイ 音響 音楽 趣味 中古 T9882436
11964,【G】AKAI MPC500 サンプラー アカイ 3042236
11965,♪ Roland ローランド Rubix22 インターフェース 中古 現状品 250507B9801
11966,☆ 超號金 ロボットアニメコレクション MIDIファイル フロッピーディスク DTM 旧規格帯付 アニソン マジンガーZゲッターロボ ライディーン
11967,1円〜 AKAI professional S3200XL MIDI STEREO DIGITAL SAMPLER アカイ サンプラー ステレオ 音響機器 オーディオ 機材 当時物 ラック版
11968,箱・取説付『KORG EM-1』コルグ ELECTRIBE MUSIC PRODUCTION STATION エレクトライブ リズムマシン シーケンサー
11969,1円スタート！ YAMAHA QY100 シーケンサー ヤマハ ケース付き
11970,Roland XV-5050 シンセサイザー音源モジュール
11971,KORG MINI POPS 3 アナログリズムマシン 1969年
11972,YAMAHA QY100 シーケンサー リズムマシン
11973,★E-MU Proteus 2000 Motherboard PC613★OK!!★
11974,★E-MU MEMORY (FLASH ROM SUPPORT Memory 8MB)★OK!!★
11975,美品・動作確認済み AKAI S5000 V2 DIGITAL SAMPLER USB SCSI AES 8 output (サンプラー roland ensoniq korg yamaha s1000 s6000 s3200)
11976,YAMAHA QY70 XG音源内蔵 シーケンサー ヤマハ
11977,Roland MC-303 シーケンサー リズムマシン 音響機材 ローランド 動作未確認
11978,【MTP AV/ジャンク】通電確認のみ MOTU Midi Timepiece USB MIDI インターフェイス
11979,★Steinberg HALion7 正規ライセンス譲渡　拡張音源付★
11980,Roland QUAD-CAPTURE インターフェイス 音響機材 ローランド ジャンク W9978326
11981,[即日発送] steinberg　スタインバーグ　CI1　USBオーディオインターフェース　オーディオ機器　音響機器　2014年製　YAMAHA　現状品　361
11982,Roland Sound Canvas SC-88ST PRO&SC-88 PRO 音源モジュール サウンドキャンバス ローランド ジャンク品 80ｓ
11983,05S83■E-MU　音源モジュール　Vintage Keys■
11984,FY2381200 YAMAHA AUDIOGRAM6 USBオーディオインターフェース USBケーブル ホワイト 動作未確認
11985,OYAIDE d+ USBケーブル ClassS　1.0m
11986,BEHRINGER ベリンガー U-PHORIA UMC22 オーディオインターフェース USB 0423V
11987,Roland MIDIキーボード PCR-300 EDIROL ローランド キーボード 音響機器 機材 オーディオ 音楽 コントローラー MIDI
11988,YAMAHA ヤマハ USB オーディオインターフェイス UW500 音源モジュール MU500 通電確認済み 現状品
11989,BOSS 　JamStation　ジャムステーション　JS-5　 音出し確認済　日本製　送料600円～
11990,ZOOM ズーム RhythmTrak リズムトラック RT-234 リズムマシン アダプタ付き AD-0006A 通電確認済
11991,KORG Nano KEY / USB Keyboard
11992,iZotope Ozone 11 Advanced Windows
11993,79年・名器・希少・箱説付き・BOSS DR-55 Dr.Rhythm ビンテージ リズムマシン 動作確認済み。美品。
11994,【 C 】1631 Roland SC-88 音源モジュール ローランド
11995,◆ YAMAHA ヤマハ TX16W サンプラー 中古 現状品 250409J6167
11996,送料無料 Roland ローランド SUPER MPU64 64CH MIDI processing unit OBZS-MPU64
11997,Novation Launchkey Mini 25 MK4 MIDIキーボード ノベーション 25鍵 ミニ鍵盤 コントローラー パット 楽器 音響 中古 良好 S10005313
11998,YAMAHA QY70 XG音源内蔵 シーケンサー ヤマハ
11999,AKAI MPC2000 MPC2000XL MPC4000 MPC3000 MPC60　MPC60Ⅱ 中古パッドセンサー ①
12000,日本ハモンド Rhythm Ace FR-6 ビンテージリズムボックス　通電確認　エーストーン
12001,BOSS リズムパートナー DR-01S ほぼ未使用
12002,"AKAI Z8 サンプラー v.1.48, CF2G, メモリー512M"
12003,☆ AKAI アカイ S3000XL サンプラー 動作未確認品 希少
12004,V020329★ヤマハ yamaha rx120
12005,【G】E-MU PROTEUS 1000 音源モジュール イーミュー 3065706
12006,Steinberg UR22 mk2 mkⅡ オーディオインターフェース スタインバーグ 250512RM390450
12007,akai professional EB4JS PC EFFECT FX PCB BOARD エフェクトボード　Z4/Z8/MPC4000 サンプラー
12008,【G】 Roland XV-5080 音源モジュール ローランド ① 3046503
12009,LYNX STUDIO TECHNOLOGY/ CBL-AES1604　AES16e用ブレイクアウトケーブル　中古品
12010,NOVATION LaunchPad MKII ノベーション MIDIコントローラー 中古 N10020062
12011,AKAI Professional MPC ONE+ スタンドアローン サンプラー 音響機材 アカイプロフェッショナル 中古 良好 Z10023728
12012,【63-1-0523】【中古/60】Roland ローランド BRIDGE CAST 配信 ミキサー オーディオインターフェース
12013,1円〜 RME FIREFACE UFX オーディオインターフェース 動作未確認 現状品 y180-3683767【Y商品】
12014,【質Banana】動作品 Roland/ローランド SC-88ST SOUND Canvas サウンドキャンバス DTM 音源モジュール 現品限り♪
12015,Y06/592 NI Native Instruments KOMPLETE AUDIO 6 オーディオインターフェース 動作未確認 現状品
12016,EDIROL by Roland UA-4FX オーディオインターフェース USB Audio Capture エディロール
12017,AKAI MPK mini MK3 MIDIキーボード
12018,ほぼ未使用　M-AUDIO MIDIキーボード　KEYSTATION MINI32 Mk3
12019,【初期化済】YAMAHA/MU2000/トーンジェネレーター/音源モジュール/ヤマハ【送料無料】
12020,◇【中古】TASCAM iXZ タスカム iPad iPhone iPod touch用オーディオインターフェイス 同梱不可　1円スタート
12021,【A-3】 Akai MPK mini MIDIキーボード アカイ 元箱付き 美品 3536-3
12022,Yamaha DJX-ⅡB ヤマハ シンセサイザー シーケンサー リズムマシン
12023,【中古】UA universal audio VOLT2 オーディオインターフェース i/o ユニバーサルオーディオ UNIVERSAL AUDIO
12024,RME Digiface USB
12025,[c25050393]Roland ローランド TD-20 電子ドラム Roland 音源モジュール V-Drums 本体のみ
12026,◇【Cyberstep サイバーステップ】KDJ-ONE ポータブルオーディオワークステーション 音源モジュール
12027,YAMAHA UW500
12028,PRESONUS プレソナス STUDIO 26c オーディオインターフェイス USB-C MIDIインターフェース USB接続 USBケーブル付き★動作未確認品【TB】
12029,05S260■Roland　エクスパンションボード　SR-JV80-10■
12030,Steinberg スタインバーグ UR22C オーディオインターフェイス USB3.0 音楽制作 音響機材 中古 W10077809
12031,YAMAHA PA-6 トランス式 電源アダプター MU1000/MU2000/MU128 RME製品にもオススメ
12032,Roland Rubix24 オーディオインターフェース ローランド
12033,◆YAMAHA/オーディオインターフェースAUDIOGRAM 3（063）◆
12034,★ 送料無料 即決 EDIROL UM-2EX USB MIDIインターフェース ローランド　Roland　★
12035,YAMAHA ヤマハ ミキシングコンソール AG03 インターフェース 音響機器☆良品☆[51-0601-O1]
12036,KORG/コルグ KO-1 KAOSSILATOR ダイナミック・フレーズ・シンセサイザー【簡易動作確認済】 /000
12037,KORG KR-55 Pro リズムマシン ドラムマシン
12038,★ AKAI PROFESSIONAL アカイ MIDIキーボード コントローラー MPK mini 限定モデル ホワイト ジャンク品 0.73kg
12039,Roland CM-500 GS/LA SOUND MODULE 本体 取説 サウンドモジュールアダプター
12040,即決◆新品◆送料無料AKAI Professional EWI5000J + WSS-100 ウインド・シンセサイザー + スタンド
12041,BEHRINGER ベリンガー U-CONTROL UCA222 USBオーディオインターフェイス
12042,Roland TR-606 Drumatix ローランド　ドラムマシーン
12043,EUPHONICS MC MIX
12044,Basimilus Iteritas Alia - Noise Engineering シルバーパネル付き モジュラーシンセ ユーロラック
12045,ROLAND/ローランド SC-88Pro DTM-88PW サウンド キャンバス SCシリーズ MIDI音源モジュール オーディオ機器 SoundCanvas（57280S2）
12046,Roland ローランド STUDIO CAPTURE UA-1610 16in 10out オーディオインターフェース スタジオキャプチャー 外箱つき
12047,【ZS-1420】KAWAI/カワイ デジタルドラムマシン R-50e リズムマシン 河合楽器 通電確認済
12048,RME Babyface Pro FS オーディオインターフェース ベビーフェイス 音響機材 アールエムイー 中古 T10102770
12049,【楽】MOTU 828 現行型 オーディオインターフェース おまけ付き
12050,ヤマハ　音源モジュール　MU100
12051,【通電確認済み】 YAMAHA/ヤマハ VIRTUAL ACOUSTIC TONE GENERATOR ヴァーチャルアコースティック トーンジェネレーター VL70-m
12052,17654-03★TASCAM オーディオインターフェース US-366 USB 2.0 Audio interface★
12053,送料無料【4ms Listen Four】モジュラーシンセ ユーロラック シンセサイザー Eurorack modular
12054,PreSonus Revelator io24
12055,送料無料 Steinberg UR12 USB オーディオインターフェイス 24 bit /192kHz スタインバーグ
12056,★ジャンク品★BOSS DR-5 ドクターリズムセクション Dr リズムセクション ボス
12057,【オススメ品】Roland サウンドモジュール U-220 ローランド
12058,MOTU MIDIインターフェース MIDI Timepiece MTP AV USB
12059,○A　佐前⑥13　KAWAI セッショントレーナー PreSonus モニターコントローラー ドラムマシン バッキングマシン GB-２ GB-1
12060,送料680円～ ジャンク 通電のみ確認済み BOSS DR-550 Dr.Rhythm ボス リズムマシン SN.FC03445 管理F
12061,中古 YAMAHA オーディオインターフェース AG03 MK2 ミキサー
12062,TASCAM US-322　ジャンク7944
12063,蔵出◆ ローランド Roland UA-4FXⅡ stream station 中古 通電確認のみ ◆ 箱・本体のみ 説明書無し
12064,MOTU M2 オーディオ 2-in 2-out インターフェイス モツ 音響機材 中古 W10095542
12065,VPFET CV106AD(デジタル音声信号(光/同軸)→アナログ音声(ライン/ヘッドホン) コンバーター(最大24bit/192KHz))
12066,Roland ローランド A-49-BK MIDIキーボード コントローラー 49鍵 シンセ鍵盤搭載　USBケーブル付き★動作品【TB】
12067,■S.M.S.L./SMSL■Bluetooth5.0対応ハイレゾUSB-DAC■D300/Bluetooth難■中古■ ★オークション★
12068,【G】ROLAND EDIROL SD-80 MIDI音源モジュール ローランド 3071986
12069,【 G 】 Y8684 RME Fireface 400 オーディオインターフェース 【元箱付き】 3104643
12070,4ms Quad Pingable LFO 美品 モジュラーシンセ ユーロラック
12071,F502 美品中古 動確済 NATIVE INSTRUMENTS ネイティブインストゥルメンツ MIDI M-シリーズキーボード KOMPLETE KONTROL M32
12072,1円〜 UNIVERSAL AUDIO UAD-2 Satellite オーディオインターフェイス 箱付 通電のみ確認済 現状品 3809818
12073,Roland MT-32 PR-100 2台セット
12074,【1円〜】M-AUDIO M-TRACK SOLO 動作確認済み オーディオインターフェース
12075,【 G 】2756 RANE SL4 オーディオインターフェース レーン 2482872
12076,Roland S-550 RC-100 計2点
12077,【訳あり】4ms QCD モジュラーシンセ ユーロラック
12078,MOTU 896 ジャンク　部品どり　②
12079,即決 ローランド Roland PK-5 Dynamic MIDI Pedal ベースペダル 足鍵盤 使用頻度少 良品♪
12080,【4サイズ有/希望サイズ要メッセージ】 POP GROUP「Y-最後の警告」モチーフ 半袖Ｔシャツ ON-U SOUND sonntaagtshirts DUB レゲエ パンク
12081,MOTU M2　本体のみ
12082,Roland　Rhythm　composer　TR-707
12083,TASCAM US-800 USB2.0Audio/MIDI Interface 通電確認のみ 現状品 管理番号06162
12084,Erica Synths Black System3(屋外持ち出し無し)
12085,★AKAI S2000 MIDI STEREO DIGITAL SAMPLER★OK!!★MADE in JAPAN★
12086,FOCUSRITE Scarlett Solo gen 3 オーディオインターフェイス 周辺機器 USB-C Windows/Mac対応 フォーカスライト 中古 T10138224
12087,DIGIDESIGN　PROCONTROL　MAINUNIT MIXER
12088,iZotope Nectar 4 Advanced Windows
12089,Tiptop audio stackable cable 150cm (ユーロラック)美品　計27本
12090,Roland MIDI音源モジュール SOUND Canvas SC-55mkII サウンドキャンバス ローランド【20
12091,【動作良好】YAMAHA MU2000
12092,◎音源モジュール Roland SC-8850 SOUND Canvas 通電のみ確認 現状品◎Z-2817
12093,arturia audiofuse rev.2 アートリア オーディオインターフェース《U8107
12094,midiplus miniEngine USB PORTABLE MIDI SOUND GENERATOR 通電確認済み 付属品あり
12095,【 G 】 Y8906 Apogee Duet オーディオインターフェース アポジー 【元箱付き】 3068797
12096,IK Multimedia iRig HD2 中古
12097,YAMAHA TX802用 ブラック LEDバックライト液晶ディスプレイ
12098,美品 ◎KORG コルグ TRITON taktile USB MIDI コントローラー トライトン・タクタイル 25鍵 取扱説明書付き TRTK-25
12099,YAMAHA TG77用 高輝度ブルー LEDバックライト液晶ディスプレイ
12100,MOTU 16A
12101,未使用 KORG リズムボックス KR mini リズムマシン スピーカー内蔵 コンパクト 楽器 機材 器材 周辺機器 コルグ
12102,◇Roland ローランド UA-55 オーディオインターフェース 中古 現状品 250608S8533
12103,KORG ( コルグ ) / KR mini リズムボックス
12104,ANIMEX SCRAMBLE2 アニメックススクランブル2 '96～'97アニメテーマ曲集 smf midi data ミディ データ
12105,◆ TASCAM iU2 Audio MIDI USB Dock インターフェース TEAC MAC
12106,ACE TONE FR106 リズムボックス　日本ハモンド　動作品
12107,6280 BEHRINGER U-PHORIA UM2 USB オーディオインターフェース ベリンガー 音響機材
12108,正規品Waves IDX Intelligent Dynamics DTM
12109,■□Avid HD MADI Pro Tools HDX用 オーディオインターフェース アビッド□■027389028□■
12110,Malekko Heavy Industry Noise 3HPサイズ
12111,【中古】ZOOM ズーム ハンディオーディオインターフェース U-44
12112,【動作未確認】Roland JV-2080 音源モジュール ローランド 1円~　Y8469
12113,ジャンク YAMAHA QY700 シーケンサー
12114,【C】Roland SC-88PRO 音源モジュール ローランド 096606
12115,E-MU Proteus1 XR 動作確認済/取扱説明書付
12116,【 G 】7061 AKAI S950 サンプラー アカイ 3084588
12117,中古 AVID MBox Pro アビット オーディオインターフェース
12118,YAMAHA MU50 整備済品
12119,YAMAHA/ヤマハ RX21L Digital Rhythm Programmer/リズムプログラマー リズムマシン【簡易動作確認済】 /100
12120,ZOOM UAC-2 USB3.0 オーディオインターフェイス
12121,KORG nanoKEY-FD BK Black 25鍵 USB-MIDI キーボード 完全動作美品
12122,I050H 090 ROLAND ローランド MIDIキーボード・コントローラー A300 Pro 本体のみ 現状品 ジャンク
12123,■NATIVE INSTRUMENTS KOMPLETE KONTROL M32 マイクロサイズキーボード ネイティブ インストゥルメント USED 19722■！！
12124,MEDELI DD502（J）メデリ　電子ドラム　音源モジュール　通電OK
12125,ローランド Roland SC-88VL SOUND Canvas GM音源モジュール【動作品】
12126,06S92■YAMAHA　音源モジュール　MU500■
12127,BEHRINGER ベリンガー MIDIフットコントローラー FCB1010 現状品 a5741
12128,【動作確認済】【送料無料】Kurzweil K2000/K2500 Daughter Board and ROMs(1&2)
12129,e) MIDIキーボード A-49 Roland
12130,Behringer perfect pitch pp1 ベリンガー モジュラーシンセ ユーロラック dtm daw
12131,M-Audio ProFire 2626 オーディオインターフェース 通電のみ確認済み 現状品
12132,◇ZOOM ズーム RT-223 リズムトラック 中古 現状品 250408R7178
12133,06S156■Roland　デジタルサンプラー　MS－１■
12134,PRESONUS プレソナス STUDIO 26c オーディオインターフェイス USBケ－ブル付き★動作未確認品【TB】
12135,Roland A-880 MIDIパッチベイ　動作確認済み
12136,ヤマハ　AG03 本体のみ未チェック品
12137,SP-202 サンプラー BOSS ローランド Roland
12138,ば-230 Focusrite フォーカスライト オーディオインターフェース FOCUSRITE SCARLETT SOLO 3RD GEN G3 未開封
12139,M-AUDIO Fast Track オーディオインターフェイス　現状品
12140,YAMAHA ヤマハ ミュージックシーケンサー QY70　ジャンク
12141,【 B 】745 Native Instruments KOMPLETE AUDIO 2 オーディオインターフェース ネイティブインストゥルメンツ 075166
12142,♪▲【Roland ローランド】SOUND Canvas 音源モジュール SC-55mkⅡ 0707 4
12143,【G】Roland R-8 リズムマシン ローランド 3071031
12144,中古 ★　Steinberg　オーディオインターフェイス　：　UR12（ジャンク扱い）
12145,Roland CR-78 Compu Rhythm ローランド リズムマシン アナログ ドンカマ 通電確認済 打ち込みドラムマシン楽器エフェクタービンテージ中古
12146,【ト福】YAMAHA ヤマハ QY100 ミュージックシーケンサー MUSIC SEQUENCER MIDI音源 シンセサイザー 音楽機材 楽曲制作 LDZ01LLS62
12147,Elektron Analog Rytm MKII
12148,ww3153 Roland EDIROL SD-90 音源モジュール ローランド
12149,UAD VOLT176 オーディオインターフェース
12150,Steinberg UR12 USB オーディオインターフェイス 24bit 192kHz スタインバーグ 音響機材 中古 W10210791
12151,【 G 】9930 ROLAND QUAD-CAPTURE UA-55 オーディオインターフェース ローランド 3105474
12152,Roland R-5 リズムマシン ローランド
12153,XGスタンダード音源●YAMAHA MU50●中古品
12154,【レア】　MFB MEGAZWERG アナログ セミモジュラー　　　Doepfer eurorack modular synth　モジュラーシンセ ユーロラック
12155,National SY-50 AUTOMATIC RHYTHM アナログ リズムボックス
12156,Avid HD I/O 16x16 Digital +8×8 Digitalオプションカード
12157,Roland ローランド FC-200 MIDI フットコントローラー ◆SR7/12◆
12158,PRESONUS プレソナス STUDIO 26c オーディオインタフェース USB-C接続 MIDI対応 USB録音機器 USB-Cコード付き★動作未確認品【TB】
12159,【 J 】7075 BOSS Dr.Groove DR-202 リズムマシン ボス 3084602
12160,MOTU - UltraLite-mk5 18x22 USBオーディオインターフェース　中古
12161,Roland R-8M ドラム パーカッション 音源モジュール
12162,BOSS ボス DR-5 リズムセクション 2台セットまとめ 中古 現状品
12163,Roland A-49 MIDI キーボード 　音楽 楽器 　中古現状品
12164,FOCUSRITE Scarlett 2i2 【動作確認済】
12165,make noise 0-ctrl モジュラーシンセ ユーロラック シーケンサー
12166,Anatek Pocket Record - MIDI 未確認
12167,Critter & Guitari / Pocket Piano ポケットピアノ
12168,Steinberg スタインバーグ 2x2 USB2.0 24bit/192kHz オーディオインターフェース UR22mkII
12169,steinberg UR22 オーディオインターフェイス スタインバーグ 未使用 Z10153213
12170,ローランド SC-8850 音源モジュール 動作確認済
12171,AKAI APC mini
12172,7-333♀Roland/ローランド 音源モジュール SOUND Canvas SC-88♀
12173,AN25-07 ジャンク扱い スタンダード ミディ ファイル STANDARD MIDI FILES SMF 3.5FD フロッピー EDIROL ザ・プロレス 動作未確認
12174,AN25-07 ジャンク扱い スタンダード ミディ ファイル STANDARD MIDI FILES SMF 3.5FD フロッピー ジャパニメ JAPANIME NO.1 動作未確認
12175,【 G 】590 TASCAM US-2x2 オーディオインターフェース タスカム 196798
12176,未確認　 AKAI Professional MPC STUDIO
12177,☆【1W0722-10】 Roland ローランド MIDIインターフェース SD-50 ④ MOBILE STUDIO CANVAS 動作保証
12178,KORG コルグ nanoKEY2 MIDIキーボード ★229v20
12179,サンプリングCD EuroTech
12180,【ジャンク】[中古] Roland V-STUDIO 20 動作未確認のためジャンクでの販売 2010年製 [SL737]【神戸店在庫】
12181,♪最終値下げ！　ZOOM（ズーム）UAC-232 USB AUDIO CONVERTER　オーディオインターフェース
12182,IK Multimedia AmpliTube 5 MAX Windows
12183,Steinberg スタインバーグ UR22C オーディオインターフェイス USB3.0 音楽制作 音響機材 中古 O10253284
12184,外装のみ ALESIS Control Pad USB MIDIコントローラー アレシス【基板など中身なし・パッドなど素材として】★231h20
12185,正規品 定番ピアノ音源 XLN Audio Addictive Keys Studio Grand DTM ボカロ tiktok
12186,音源モジュール【S12850◎】Roland　V-Drums　ローランド　TD-12　電子ドラム　250728
12187,MIDIケーブル 3m×2本 1m×2本
12188,Focusrite フォーカスライト Scarlett 8i6 USB オーディオインターフェース DTM MIDI対応 ★ジャンク品【TB】
12189,【C】Solid State Logic SSL2 オーディオインターフェース ソリッドステートロジック 3095039
12190,★AKAI　REMIX16★
12191,Overloud TH-U Premium Windows
12192,YAMAHA ヤマハ AG03 オーディオインターフェイス ライブストリーミング 音響機材 オーディオ 中古 Y10264374
12193,★YAMAHA FLOPPY DRIVE TEAC FD-235HF 7566 U5★OK!!★
12194,Avid ProTools HD Native
12195,Roland VP-9000 バリフレーズプロセッサ　サンプラー　通電確認済み
12196,正規品 メロトロン音源 GForce M-Tron Select DTM
12197,KAWAI R-50III デジタルドラムマシン 通電OK その他動作未確認　本体のみ　付属品なし　中古現状品(80s)
12198,Arturia ARTURIA MIDIキーボード コントローラー KeyStep 37
12199,RME ADI-2 DAC FS（AKM版）DAコンバーター
12200,Apogee Duet Firewire オーディオインターフェース
12201,【簡易動作確認済】Roland オーディオインターフェース QUAD-CAPTURE UA-55 ローランド 配信/ストリーミング/宅録/60サイズ
12202,■Scarlett 8i6 Focusrite フォーカスライト オーディオインターフェース オーディオ機器 箱付 電源コード有 通電未確認 動作未確認
12203,☆ STEINBERG スタインバーグ UR-RT4 インターフェイス 中古 現状品 250807S8518
12204,【 G 】9415 AKAI EWI3000m　EWI3000　音源モジュール　アカイ　ソフトケース付き　211498
12205,Toontrack EZdrummer 3 Windows
12206,数量限定値下げ izotope AIボーカルミキシングツール NECTAR 4 ELEMENTS　DTM
12207,AKAI S3200XL 動作未確認
12208,★☆ MPC ONE ☆★
12209,Clavia Nord Micro Modular
12210,digidesign デジデザイン MH192 オーディオインターフェース DAW★動作未確認品【TB】
12211,【T-2】 Focusrite Scarlett solo オーディオインターフェイス フォーカスライト マイクセット DTMスタートセット 4301-70
12212,081 MOTU ultralite mk3 hybrid オーディオインターフェース
12213,KORG サンプラー　ELECTRIBE ES-1mkⅡ 超美品　箱あり　AKAI YAMAHA MPC コルグ
12214,♪▲【Roland 他】オーディオインターフェース 他３点セット cakewalk UA-25EX/ATH-DWL5500T/TC-1100B まとめ売り 0801 23
12215,蘇さ(HY1069)　BOSS　ボス　DR-55　Dr.Rhythm　ドクターリズム　リズムボックス　リズムマシン　動作未確認　箱付き　ジャンク品　60サイズ
12216,【G】Expressive E Touche MIDIコントローラー エクスプレッシブ・イー 3069108
12217,Roland ローランド 音源モジュール SC-88 中古現状品
12218,M-vave Chocolate Plus Controller MIDI エフェクターボード ギター ベース フットスイッチャー
12219,【 C 】 Y10151 YAMAHA WX5 ウインドMIDIコントローラー ヤマハ 3109577
12220,【J】KORG microKEY2-61 MIDI キーボード コルグ
12221,8-20-12 Roland ROLAND S-760 デジタルサンプラー 中古 元箱付き
12222,【 J 】9676 ② BEHRINGER　X-TOUCH MINI　MIDIコントローラー　ベリンガー　元箱付き　211047
12223,Xfer Records Serum 2 Windows
12224,Celemony Melodyne Studio 5 v5.4.2 Windows
12225,ARTURIA Keystep Pro キーステップ　プロ　中古　 シンセサイザー MIDI キーボード 送料無料 USB 小室哲哉 軽量
12226,□T/787☆ローランド Roland☆MIDIキーボード☆EDIROL CONTROLLER PC-50☆ジャンク
12227,★Roland SOUND CANVAS SC-55MK2 SC-55MKII (MT-32) General MIDI GS★OK!!★MADE in JAPAN★
12228,★AKAI CD3000/CD3000i/S3200XL other FLOPPY DISK TEAC FD-235HF Series ケーブル★OK!!★
12229,Opcode Studio64X MIDI Interface インターフェイス -z928
12230,★AKAI CD3000XL other NI05-05-5 NICHIA (L6042B502F)★Inverter★OK!!★MADE in JAPAN★
12231,Avid HD I/O 16x16 Digital オーディオI/O Protools HD 動作確認済み *383678
12232,TASCAM iu2 テスコム オーディオ MIDI インターフェース 動作未確認品
12233,YAMAHA TX-802 VOICE ROM 3本セット
12234,★Roland SR-JV80-03 PIANO EXPANSION BOARD★OK!!★MADE in JAPAN★。
12235,★E-MU Proteus (1000/2000/Orchestra/Virtuoso/Lead/Phatt/B-3/Earth/Orbit/Turbo) other ボタン9セット 黒★
12236,【使用数回のみの美品/動作OK】IK Multimedia/アイケーマルチメディア　iRig Pro I/O　ハイエンドオーディオ　MIDIインターフェイス
12237,送料無料！【2hp Kick (Black)】ユーロラック　モジュラーシンセ
12238,ジャンク サンプラー AKAI MPC STUDIO
12239,仙台市若林区～当時物レアアイテム良好品/Roland ローランド Rhythm TR-700 リズムボックス リズムマシン オーディオ機器 ヴィンテージ
12240,YAMAHA TX802用 ブラック LEDバックライト液晶ディスプレイ
12241,S7997◇ティアック TASCAM オーディオインターフェース US-125M ケーブル付き 音出しOK【訳あり】241007
12242,YAMAHA DM3 Series 保護 フィルム OverLay Brilliant for ヤマハ デジタルミキサー DM3シリーズ 液晶保護 指紋防止 高光沢
12243,★YAMAHA PLG100-SG FORMANT SYNGING PLUG-IN BOARD★OK!!!★MADE in JAPAN★
12244,MIDIケーブル 黒 1m
12245,即決◆新品◆送料無料AKAI Professional LPD8 MK2 / MIDIパッド・コントローラー
12246,Chompi Sampler Pink And Gold Limited edition 未使用
12247,Roland Cakewalk オーディオキャプチャー UA-4FXCW オーディオインターフェイス動作確認済
12248,DigiLink mini cable 25 ft. 7.62m 9180-58221-01 Protools Avid Digidesign デジリンクケーブル
12249,kh00724 micro RhythmTrak zoom MRT-3B　本体のみ　電源OK　ジャンク品
12250,【クーポン4000円引き！】Mangrove｜Mannquins by Whimsical Raps 【ユーロラック】モジュラーシンセ【VCO名機】
12251,通電OK digidesign MH068 デジデザイン オーディオ インターフェイス 888/24 I/O 機器　②
12252,★ROLAND A-90/A-90EX MAIN BOARD Assy 00789167★OK!!★MADE in JAPAN★
12253,Ginko Synthese BATTLE　シンセサイザーでDJプレイ　 モジュラーシンセ　 ユーロラック　doepfer masf moog make noise
12254,Roland Super MPU MIDIインターフェース S-MPU/AT ローランド
12255,★☆★ジャンク？ TASCAM US-428 DAWコントローラー USBオーディオ MIDIインターフェース
12256,【ジャンク】tc electronic Desktop Konnect 6 オーディオインターフェイス　FireWire接続
12257,サンプリングCD「MINT/PIANO」状態良好/KAERU CAF/カエル・カフェ/ピアノ・サンプリング
12258,"旧規格角2P(2SQ)→3P変換プラグ。ビンテージAC電源コード、AC電源ケーブル。AKAI,KAWAI,KORG,ROLANDのアナログシンセや初期のサンプラー"
12259,スタインバーグ Steinberg USB3.0 オーディオインターフェイス UR22C
12260,Make Noise DPO
12261,That's CM Show !! 白石ひとみ KACA-0036 HITOMI SHIRAISHI KAERU CAFE カエルカフェ 廃盤 サンプリングCD
12262,AKAI アカイ S01 MIDI DIGITAL SAMPLER サンプラー★動作未確認品
12263,【中古】Roland / GO:MIXER
12264,ローランド Roland UA-4FX USBオーディオ　キャプチャー
12265,サンプリングCD PRO SAMPLES Vol.18 スタインウェイ グランドピアノ Steinway Grand Piano 2CD 送料185円 AIFF AKAI EXS24 HALION WAV
12266,MIDIキーボード KOMPLETE KONTROL M32 / Native Instruments
12267,※5月末まで※26本もの真空管を搭載したブティック・アナログ・シンセサイザーKNIF AUDIO KNIFONIUM DTM Plugin Alliance
12268,Arturia Audiofuse オーディオインターフェース　動作未確認
12269,YAMAHA ヤマハ リズムプログラマー RY10 リズムドラムマシン ポリフォニック
12270,ZOOM MRT-3B MICRO RHYTHM TRAK 中古品
12271,動作未確認 Roland UA-4FX Audio Capture EDIROL ローランド
12272,◆ LINE6 TONE PORT UX1 オーディオインターフェース ◆
12273,★1個 バラ売り★YAMAHA W5/W7/V50/QS300 other 鍵盤★1個 バラ売り★
12274,★ROLAND P-330 DIGITAL PIANO★OK!!★MADE in JAPAN★
12275,NEC　PC-98用　TEQO　OD98-KYK 3632-A52788-84B
12276,Roland SR-JV80-12 Hip Hop Expansion Board 動作品
12277,■AKAI MIDIパッチベイ ME30PII 通電のみ確認 ジャンクで
12278,Roland S-MPU64 インターフェース
12279,Roland XV-5080 ジャンク扱い
12280,[超美品] KORG KR MINI リズムマシン/ドラムマシン/練習のおともに！ [NL130]【神戸店在庫】
12281,TC ELECTRONIC / LEVEL PILOT X ボリュームコントローラー XLR接続
12282,ユーロラックモジュラー ブランドステッカー5枚組 MAKENOISE MALEKKO BLACKMARKET MODULAR (モジュラーシンセ DOEPFER INTELLIJEL 4MS ALM)
12283,roland jv-880
12284,●REIYIN DA/DD コンバーター ヘッド アンプ
12285,●ヤマハ MU128 音源モジュール YAMAHA 日本製 TONE GENERATOR 音響機材 トーンジェネレーター M1957
12286,ZOOM ズーム U-24 ハンディオーディオインターフェース★動作未確認品
12287,●ベスタクス VCM-100 USB MIDIコントローラー Vestax USB MIDI CONTROLLER レコーディング 音響機材 M1963
12288,MOTU PCI-324 貴重！ MOTU PCI-324 AUDIO OSX
12289,YAMAHA ヤマハ RX7 リズムマシン★ジャンク品
12290,フィジカルコントローラー　PreSonus FaderPort
12291,Roland MC-303 グルーヴボックス groovebox ドラムマシーン ローランド　発送サイズ80
12292,■ALESIS D4 ドラム音源モジュール【ジャンク扱い】
12293,KURZWEIL K2000R 音源モジュール 音響機器 中古 ジャンク C9700294
12294,★中古★ YAMAHA PLG 150 AN Modulars Synthesis Plug-in System プラグインボード ★美品★
12295,M-AUDIO Axiom Pro 49 MIDIキーボード　※一部スライドキーのノブ欠品　※動作品　※本体のみ
12296,送料無料 中古美品 BOSS DR-01s + BOSS FS-6 Rhythm Prtner + Dual Foot Switch 2024年7月9日新品購入
12297,#6354 Boss SP-303 ボス サンプラー Roland ローランド SmartMedia 32MB スマートメディア DJ 音楽機材 編集 通電確認
12298,□現状品□ Roland OCTA-CAPTURE UA-1010 オーディオインターフェイス ローランド (2746672)
12299,超レア】アカイプロフェッショナルAKAI Tom Cat アナログリズムマシン 動作品
12300,Steinberg UR22 mkⅡ スタインバーグ オーディオインターフェース
12301,KORG DDD-5　リズムマシン
12302,1円スタート 美品 YAMAHA MU2000 トーンジェネレーター 通電動作確認済み HELLO!MUSIC!2000AUDIO HMS-2000AW MIDI音源モジュール 箱 取説付
12303,BOSS Dr.Rhythmドクター・リズム DR-880 中古送料込み
12304,△A082-I30-6217 AKAI アカイ S2800 MIDI STEREO DIGITAL SAMPLER ステレオ デジタル サンプラー 通電確認済み 箱付き
12305,RME Fireface 800 オーディオインターフェース
12306,f146*80 【現状品】 【１円～】ZOOM ズーム RythmTrack RT-234 リズムトラック ドラムマシン 通電・音出しOK
12307,正規品 Celemony Melodyne 5 Essential 歌ってみた
12308,N252 KORG/コルグ/nano KEY2/MIDIキーボード 中古 未確認 現状品
12309,E-MU Ultra Proteus #9212 Expressive Orchestra ROM card 【動作未確認】 イーミュー メモリーカード ロムカード E-Mu Systems
12310,Steinberg UR12 スタインバーグ オーディオインターフェース 本体のみ (847)
12311,【G】RANE SL4 オーディオインターフェース レーン
12312,AKAI EWI USB＜通電確認＞アカイ ウインドUSBコントローラー ※引取り可 □
12313,YAMAHA RX21 DIGITAL RHYTHM PROGRAMMER リズムマシン
12314,YAMAHA ヤマハ RX5 リズムマシン ドラムマシン シーケンサー プログラマー デジタル DIGITAL RHYTHM PROGRAMMER
12315,Roland ローランド GS/LAサウンドモジュール CM-500 MIDI音源 簡易動作テスト済み
12316,正規品 iZotope Neutron 4 Elements AIミキシング
12317,【ヤフオク】TASCAM US-2x2HR【No.1480】
12318,【1円スタート】M-AUDIO EVOLUTION MK225C ジャンク
12319,Antumbra Atom Micro モジュラーシンセ ユーロラック モジュラー
12320,NIBBLER - SCHLAPPI ENGINEERING モジュラーシンセ ユーロラック
12321,即決◆新品◆送料無料AKAI Professional EWI5000J White ウインド・シンセサイザー
12322,Roland ローランド SOUND Canvas SC-88 音源モジュール DTM-88NPR 現状【EB1029】
12323,YAMAHA DTX Version2.0 DRUM TRIGGER MODULE
12324,Roland ローランド SP-404 サンプラー
12325,【中古品】ARTURIA Minilab mk2 MIDIキーボードコントローラー【通電確認のみ/本体のみ】'
12326,PreSonus FIREPOD FireWireオーディオインターフェース 通電のみ確認
12327,Roland Cloud Ultimate Membership 最上位プラン 3ヶ月無料クーポン 約7500円相当
12328,Avid Digidesign Command 8 コントローラー 動作品 美品
12329,T【M7-26】【140サイズ】Waldorf microwave XT/ウェーブテーブル シンセサイザー/※動作未確認・傷・汚れ有
12330,YAMAHA AG03MK2 Black 美品 新古品
12331,Solid State Logic SSL UF1 DAWコントローラー シングルフェーダー コントローラー 音響機材 中古 美品 Z9788422
12332,[良品] Focusrite Scarlett 2i2 Gen3 コスパに優れた定番オーディオインターフェース [NLF93]【神戸店在庫】
12333,◆ 　ZOOM RT-223 RhythmTrak Drum Machine リズムトラックマシーン ドラムマシン 　#31169　◆
12334,ＫＯＲＧ　０３Ｒ／Ｗ　ＹＡＭＡＨＡ　ＲＥＶ５００　ＢＥＨＲＩＮＧＥＲ　Ｍｏｄｅｌ　ＭＤＸ２１００　の取扱説明書　送料込みです。
12335,MIDIフットコントローラー　YAMAHA　MFC10　説明書付き
12336,iRig Keys 37 Pro USB　MIDI キーボード　 IK Multimedia　(F上)
12337,【Time+Space Creative Essentials】 vol.4 DANCE VOCALS 【サンプリングCD】
12338,【Time+Space Creative Essentials】 vol.9 Guitar Separates 【サンプリングCD】
12339,YAMAHA AG03 ヤマハ オーディオインターフェース
12340,RME インターフェイスに付属していたFireWireケーブル 1本 4ｍ4～50cmくらい
12341,正規品 Lunacy Audio CUBE Mini 3Dインターフェース サンプラー&ベクトル シンセ プラグイン
12342,【M-AUDIO M-TRACK DUO 本体 オーディオインターフェース エムオーディオ 音響機材】
12343,iZotope RX11 Advanced Windows
12344,YAMAHA PA-6 トランス式 電源アダプター MU1000/MU2000/MU128 RME製品にもオススメ
12345,MASCHINE MK2
12346,使用時間少　Qu-bit Electronix Data Bender　モジュラーシンセ　ユーロラック　元箱付属品完備　国内正規品
12347,PreSonus FADERPORT DAWコントローラー
12348,KURZWEIL カーツウェル Micro Piano MIDI音源モジュール ACアダプター付き★簡易検査品
12349,360 Systems　Audio Matrix 16　16×16 CROSSPOINT SWITCHER　MIDI
12350,● midiキーボードオキシゲンoxygen8 ●
12351,Roland SR-JV80-02 Orchestral expansion board
12352,iRig Keys 37 Pro USB
12353,【中古】BOSS ボス/Gigcaster 8 (GCS-8) 配信用オーディオミキサー
12354,ローランド Roland SC-88PRO 電源のみ確認済ジャンク扱い
12355,AKAI Professional EIE オーディオインターフェース
12356,【ジャンク】 Steinberg UR44C USBオーディオインターフェース
12357,Roland SC-88 【電解コンデンサ交換済み】
12358,★ROLAND MC-500/MC-50/MC-300 MRM-500 FLOPPY DISK Standard Midi File Converter MRM-MC55-6★OK!!★
12359,KORG 　nanoKEY２
12360,Focusrite/フォーカスライト Vocaster One Studio オーディオインターフェース マイク ヘッドホン セット 動作確認済み /080
12361,AKAI サンプラー CD3000i (ジャンク)
12362,オーディオインターフェース　US-4x4　USBオーディオ/MIDIインターフェース　TASCAM　管Y1002N
12363,◆Roland ローランド MT-32 音源モジュール MULTI TIMBLE SOUND MODULE◆
12364,Tokyo Tape Music Center Model 158 モジュラーシンセ ユーロラック
12365,RME Babyface Pro
12366,03S143■Roland　サンプラー　リズムマシン　MC-808■
12367,YAMAHA ヤマハ ACアダプター PA-1505 DC15V RY8 RY30用 ■JHC13
12368,APOGEE one by APOGEE オーディオインターフェース
12369,YAMAHA TG55 Voice Data Card DIGI Synthesizer Sound1
12370,RME Fireface UFX（直輸入品）
12371,CME WIDI-25TRS35 WIDI Jack オプションケーブル
12372,美品 KORG コルグmicroKEY2 Air （マイクロキー・エアー） 49鍵盤
12373,【6053】IK Multimedia iRig Pro I/O オーディオインターフェイス
12374,KORG electribe electribe2-BL メタリックブルー シーケンサー サンプラー
12375,steinberg スタインバーグ UR22 MkII オーディオインターフェイス 音響機材 中古 S9833794
12376,DIGIDESIGN 888/24
12377,現状品 1000円スタート！ オーディオインターフェイス RME Fireface UFX ※通電確認しました。本体比較的綺麗です！
12378,Y06/100 Roland ローランド GI-10 GUITAR MIDI INTERFACE MIDIインターフェース 通電確認済み 現状品
12379,YAMAHA ヤマハ AG03MK2 ウェブキャスティングミキサー インターフェース 3ch 箱あり 動作確認済み ▽080032
12380,【C】 YAMAHA QY100 ミュージックシーケンサー ヤマハ 088650
12381,☆動作未確認品◇YAMAHA REV100 リバーブ DIGITAL REVERBERATOR ヤマハ
12382,☆ STEINBERG ( スタインバーグ ) UR12 USBオーディオインターフェイス
12383,ELECTRO SMITH 電源1 モジュラーシンセ　ユーロラック　dtm daw
12384,オーディオインターフェイス Focusrite Scarlett 4i4 4th Gen
12385,After Later Audio Pique 1U 美品
12386,ZA1119/TRAKTOR SCRATCH A10 箱 取説付 トラクタースクラッチ オーディオインターフェイス Native Instruments 保管品
12387,YAMAHA ヤマハ MU500 TONE GENERATOR トーンジェネレーター通電OK
12388,Steinberg UR242 スタインバーグ オーディオインターフェース オーディオ機器
12389,M-Audio USB MIDIキーボード 32鍵 Keystation Mini 32 MK3
12390,動作未チェックの為ジャンク品★YAMAHA QY300 MUSIC SEQUENCER / ヤマハ ミュージック シーケンサー★1円スタート
12391,RME Babyface Pro FS
12392,ROLI Songmaker Kit seaboard block/Lightpad M/Loop Block
12393,[New In Box] Arturia Keystep Pro - SEQUENCER midi/usb keyboard + eurorack compatible outputs + introduction software
12394,【ジャンク扱い】BOSS DR-550MKⅡ Dr.Rhythm リズムマシン ドラムマシン ドクターリズム ボス (管理番号：059112)
12395,Fabfilter Total Bundle Windows
12396,1円〜☆YAMAHA ヤマハ DTXPL/DTXPLORER/電子ドラム 音源モジュール
12397,ALESIS DM5 ドラム音源モジュール 純正アダプター アレシス サウンドモジュール
12398,サンプリングCD まとめ売り 9枚/ terminalhead underfire・loops for ACID・E-MU SOUND LIBRARY・The Funk Master・SAMPLEHEADS　他
12399,AKAI S1000 アカイ サンプラー ※通電× ジャンク
12400,【ジャンク】[中古] Native Instruments Komplete Audio 1 シンプルで高音質なオーディオインターフェイス [NLG42]【神戸店在庫】
12401,Metric Halo メトリックハロ オーディオインターフェース LIO-8 現状品 直接お渡し歓迎 BMK650398小
12402,03D99■PreSonus　STUDIO 24C オーディオインターフェース 元箱付属■
12403,KORG microKEY 49 MIDIキーボード
12404,中古 Roland AIRA P-6 Sampler 2015年1月
12405,サンプリングCD「Street Beats　by poogie bell for ACID」輸入盤・美品・ジャケ盤面新品同様
12406,YAMAHA AG03 ミキシングコンソール ミキサー 音響機材 オーディオ ヤマハ 中古 H9839947
12407,【 C 】131 ZOOM U-24 オーディオインターフェース ズーム 本体のみ
12408,※5月末まで※26本もの真空管を搭載したブティック・アナログ・シンセサイザーKNIF AUDIO KNIFONIUM DTM Plugin Alliance
12409,TASCAM iXZ オーディオインターフェイス
12410,【 G 】195 AKAI APC40 MIDIコントローラー アカイ 本体のみ
12411,(a305)MIDIキーボード キーボード Xkey CME
12412,Tascam US-200 オーディオインターフェース 動作品
12413,フィンガードラムパッド YAMAHA FGDP-50
12414,【中古】 サンプラー ローランド ROLAND SP-404SX サンプラー
12415,KORG SG-Rack STAGE PIANO 音源モジュール ジャンク品扱い
12416,Roland P-6 CREATIVE SAMPLER AIRA COMPACT クリエイティブサンプラー アイラコンパクト
12417,YAMAHA ヤマハ QY300 ミュージック シーケンサー リズムマシン ソフトケース付き 中古 W9904851
12418,◇M-AUDIO　エムオーディオ AIR 192/4 オーディオインターフェース 通電可◇25-4-M189
12419,Roland Rhythm Plus PB-300 リズムマシン　ジャンク
12420,YAMAHA ヤマハシーケンサーQY-300
12421,Elektron Model:Cycles
12422,AKAI CD3000
12423,【良品】Roland Dr.Rhythm リズムマシン DR-880
12424,【JUNK】Sound Master Memory Rhythm SR-88 リズムマシン 80年代？ アナログ ビンテージ 動作未確認 ジャンク 昭和レトロ レア 電子ドラム
12425,Fabfilter Total Bundle Windows
12426,【美品・送料無料】KORG Drumlogue
12427,NEKTAR (ネクター) IMPACT GX49 動作確認品 美品
12428,【G】BOSS RD-110 アナログリズムマシン ボス 116443
12429,【送料無料】AVID HD OMNI
12430,【良品】YAMAHA MOTIF-RACK ES 音源モジュール シンセサイザー
12431,RME オーディオインターフェース Fireface オーディオインターフェイス USBオーディオ
12432,YAMAHA ヤマハ MU500 音源モジュール ACアダプター付き C595
12433,YAMAHA ヤマハ MU1000 音源モジュール★ジャンク品
12434,【 C 】473 Roland TR-606 ドラムマシン リズムマシン ローランド
12435,【ほぼ新品】Novation Circuit Mono Station 2DCO アナログシンセ デッドストック AFX Aphex Twin DCO版のDFAM? パラフォニック
12436,送料無料 Roland TR-909 T-shirt 海外 ローランド 808 Tシャツ ハウス テクノ 楽器ロゴ グレー
12437,Roland INTEGRA-7 Super Natural Sound Module
12438,◎N715【未使用】LINE6 ライン6 Sonic Port VX オーディオインターフェース マイク内蔵 (ma)
12439,a8 ROLAND ローランド MIDI PROCESSING UNIT プロセッシングユニット MPU-401 MIDIインターフェース 現状品
12440,通電のみ確認済み Roland SC-88 ローランド音源モジュール サラウンド モジュール ジャンク 原上品
12441,RME Babyface オーディオインターフェース 付属品多数
12442,Verbos Electronics Dual Four Pole モジュラーシンセ ユーロラック デュアル4ポールフィルター
12443,AKAI MPC3000専用 SD化完全キット SCSI外部ポート使用可能 穴あけ加工不要 期間限定特価！
12444,【1円スタート！】Neve モジュール 2台まとめて トーンジェネレータ コンデンサ 音響機器 ※現状渡し その4
12445,【美品】 Akai Professional アカイ プロ APC MINI MK2 USB MIDI コントローラー 64個 RGB パッド MIDI ミキサー
12446,Tascam iXR オーディオ/MIDIインターフェース 動作品
12447,☆【1R0409-17】 Roland ローランド PCMサウンドモジュール 音源モジュール U-110 100V ジャンク
12448,Solid State Logic 電源コードがない
12449,【 J 】7042 Roland　MKS-50　音源モジュール　ローランド
12450,BOSS Dr.Sample SP-303 サンプラー ボス
12451,02D67■Roland　SP-404 サンプラー■
12452,Akai Professional USB MIDIキーボードコントローラー 8パッド MPK mini MK2
12453,YAMAHA QY10 ハンディシーケンサー
12454,ROLAND MC303 シーケンサー ローランド 音響機材 ジャンク W9906140
12455,新品同様！FOCUSRITE　Scarlett 18i20 3rd Gen
12456,【ZS-1174】Roland/ローランド オーディオインターフェース UA-55 QUAD-CAPTURE オーディオチャプター オーディオ機器 音響機器 動作品
12457,steinberg スタインバーグ オーディオインターフェイス UR12【DDAR3004】
12458,美品 YAMAHA AG03MK2 + Audio-Technica AT2035 ヤマハ3chウェブキャスティングミキサー/オーディオテクニカ コンデンサーマイク ∩ 71AEE-1
12459,【 G 】6646 Roland R-5 リズムマシン ローランド
12460,YAMAHA プラグインボード PLG100-DX FM音源
12461,Focusrite(フォーカスライト) Scarlett 18i20 オーディオインターフェイス
12462,ローランド CR-78 リズムマシン　動作確認ジャンク品
12463,RME Advanced Remote Control ARC for Fireface UCX UFX ADI-8 QS
12464,【#in】【箱付き】YAMAHA ZG01pack ゲームストリーミングパック ヤマハ アニメ
12465,M-AUDIO M-TRACK DUO オーディオインターフェイス
12466,●【通電のみ確認】Native Instruments KOMPLETE KONTROL S61 MIDIキーボード
12467,【 E-MU PROTEUS2 orchestralエミュー音源モジュール】音楽器材/趣味/練習/通電OK/A74-405
12468,中古MIDIキーボード　M-AUDIO　Keystation 61 MK3
12469,AVID pre-HD
12470,[美品] YAMAHA CBX-K1XG MIDIコントローラー/音源搭載 [XK908]【難波店在庫】
12471,M-AUDIO Fast Track
12472,YAMAHA　RMIX　SEQUENCE　REMIXIER　シーケンサー　リズムマシン　音出し確認済
12473,AKAI アカイ MPC Professional RENAISSANCE サンプラー
12474,ensoniq MIRAGE用 SOUND DISK ♯5.2 PIANO 1985年 送料無料（検索）8bit・ STRINGS OF LIFE
12475,16.83 YAMAHA◆ヤマハ MUSIC SEQUENCER QY70 ミュージックシーケンサー◆リズムマシン
12476,【ジャンク】TASCAM SERIES 102i 訳ありのため1円スタート！ [OL042]【神戸店在庫】
12477,AKAI アカイ MPC 3000 サンプラー ドラムマシン 中古 美品 通電OK
12478,ROLAND ローランド Live Streaming studio for Smartphones Roland GO:LIVECAST 限定ロゴ入りケース付き 新品未使用品
12479,BOSS DR-670 リズムマシン Dr Rhythm 音出ました
12480,中古 Teenage engineering EP-133 K.O.II サンプラー
12481,Roland U-110 PCM SOUND MODULE ラック音源
12482,【レア】SM Pro Audio V-Machine VST/VSTiプラグインプレイヤー
12483,Roland オーディオインターフェース QUAD-CAPTURE UA-55
12484,Roland　ローランド　音源モジュール　SOUNDCANVAS　SC-8850【ジャンク】【通電確認済】
12485,AKAI アカイ デジタルサンプラー S3000XL 動作未確認　ジャンク 送料無料
12486,Davies 1900hタイプ Clone 6.35mm Round Shaft　19個セット　モジュラ　ユーロラック
12487,【A-3】 Roland SC-88Pro SoundCanvas 音源モジュール ローランド 簡単なチェックのみ 1907-2
12488,Roland MIDIキーボード A-500S 49鍵、USB MIDIケーブル UM1-EX ※どちらも適合OSに注意
12489,【ジャンク品】LINE 6 UX2 ToneDirect wa◇95
12490,TTT様　専用　YAMAHA NUAGE FADER（Ncs500-FD）／NUAGE MASTER（Ncs500-CT） 2台セット
12491,【 G 】993 TASCAM US-4×4 オーディオインターフェース タスカム
12492,【 C 】 Y7563 Novation Launchpad Mini MK3 MIDIコントローラー ノベーション 【元箱付き】
12493,Roland　ローランド　音源モジュール　SOUNDCANVAS　SC-8850
12494,送料無料 エリカシンセ ブレード パッチケーブル ブラック 3種 15本セット モジュラーシンセ Erica Synths Braided patch cable
12495,PRESONUS プレソナス STUDIO 26c オーディオインターフェイス USB接続MIDIインターフェース　USBケーブル付き★動作未確認品【TB】
12496,KORG nanoKEY2 MIDIキーボード ブラック
12497,Solid State Logic MADIコンバーター　XLogic Delta-Link（光ケーブル付き）
12498,ELEKTRON Machinedrum SPS-1 MK2 【動作品/電源/製本マニュアル付属】
12499,Roland SC-88ST PRO サウンドキャンパス 音源モジュール ローランド 音響機材 ジャンク W9960533
12500,Universal Audio Apollo Twin X DUO オーディオインターフェース ジャンク N9950099
12501,M-AUDIO M-TRACK SOLO オーディオインターフェース 2ch USB 音響機器 エムオーディオ 中古 Y9970861
12502,YAMAHA EX5R 音源モジュール 簡易チェック済み　中古品　ジャンク品扱い
12503,カワイのデジタルドラムマシン.R-100です
12504,【動作確認済】AKAI サンプラー用エフェクトボード EB16 S3000XL/MPC2000/MPC2000XL
12505,【送料込】M−AUDIO DELTA66 (6in/6out)
12506,【C】YAMAHA AG03 MK II ライブストリーミングミキサー ヤマハ 221780
12507,Roland GO MIXER
12508,YAMAHA QY22 ミュージックシーケンサー　AWM音源
12509,SONICWARE Lofi-12 XT ローレゾ デジタイズ サンプラー
12510,【送料無料】 中古現状品 STEINBERG UR12 USBオーディオインターフェイス スタインバーグ UR12
12511,4975//digidesign デジデザイン MH040 SYNC インターフェイス 通電確認済み
12512,YAMAHA MU90 TONEGENERATOR 音源モジュール
12513,4978//digidesign デジデザイン SYNC インターフェイス 通電確認済み
12514,WAVES Y56kプラグインカード中古
12515,YAMAHA MU2000 トーンジェネレーター 音源モジュール
12516,【G】Roland SC-8820 音源モジュール ローランド 3052684
12517,中古 ミュージ郎 付属品 FD フロッピーディスク
12518,【G】Roland TR-505 リズムマシン ローランド 3058671
12519,UDG Urbanite MIDI Controller FlightBag Medium Black U7001BL コントローラーバッグ REV5
12520,ROLAND ( ローランド ) QUAD-CAPTURE UA-55 オーディオインターフェイス
12521,☆【1K0501-36】 YAMAHA ヤマハ FM TONE GENERATOR 音源モジュール TX81Z 100V ジャンク
12522,送料680円～ ジャンク 動作未確認 EDIROL UA-25 24bit 96kHz エディロール オーディオインターフェース SN.EV68006 管理F
12523,YAMAHA RY10 リズムマシン
12524,委5 Roland　ローランド　R-8 リズムコンポーザー　リズムマシン
12525,ジャンク apogee DUET 2 オーディオインターフェース
12526,YAMAHA KX49 MIDIキーボード
12527,Focusrite Scarlett オーディオインターフェース 2i2 ■ma3
12528,★novation Launchkey Mini 25鍵MIDIコントローラー
12529,05S40■Ableton　リズムマシン　PUSH1■
12530,●代KDS487-80 TASCAM タスカム UH-7000 オーディオインターフェース オーディオ 音響機材 2014年製
12531,YAMAHA ヤマハ RX17 デジタルリズムプログラマー 通電　動作未確認　ジャンク品
12532,◆ YAMAHA ヤマハ EX5R トーンジェネレーター 中古 現状品 250409J6166
12533,中古品 動作不良 Roland ローランド 音源モジュール LA SOUND MODULE CM-32L MIDI音源
12534,★送料込み Digidesign digi003 オーディオインターフェイス
12535,YAMAHA ヤマハ VL70-m トーンジェネレーター音源モジュール 現状品 オーディオ機器
12536,Beat Machine Roland T-8　新品未開封 　ケース付
12537,ZOOM MICRO RHYTHMTRAK MRT-3B リズムマシン 現状で
12538,【G】KOMPLETE KONTROL S49 MIDIキーボード 229433
12539,BOSS BR-600 デジタルレコーダー MTR リズムマシーン
12540,【 C 】 Y7995 Roland Go:LIVECAST セット オーディオインターフェース ローランド 【元箱付き】
12541,管理番号Ec6298【中古】Arturia KeyLab Essential 49 / novation Launchkey 61 MK2 / YAMAHA CBX-K1 SET JUNK ジャンク 現状渡し
12542,ALESIS アレシス V49 MIDI キーボード 49鍵盤 8パッド
12543,【新品・未開封・送料無料】 5/13購入 RME Babyface Pro FS 国内正規品 オーディオインターフェース
12544,M-AUDIO ★OXYGEN PRO 61★新品同様
12545,IK Multimedia iRig 2 ギター モバイルインターフェース
12546,Native Instruments ネイティブインストゥルメント グルーヴ制作システム MASCHINE MKIII (MK3) 元箱/説明書付 ∽ 72076-9
12547,【ジャンク】 「Roland リアルタイムアレンジャー RA30」 送料無料 通電OK ACアダプター ACI-100J ローランド Realtime Arranger RA-30
12548,【G】AKAI Professional MPD32 MIDIコントローラー アカイ 3061111
12549,★ ZOOM MRT-3B リズムマシン 中古 現状品 250501N3936
12550,KAWAI カワイ GB-2 SESSION TRAINER 現状品 通電のみ確認 リズムマシン
12551,KORG Drumlogue Hybrid Drum Machine 中古品　コルグ　ドラムマシン
12552,【簡易動作確認済/美品】Scarlett Solo G2 FOCUSRITE フォーカスライトオーディオインターフェイス 配信/ストリーミング/楽曲制作/60サイズ
12553,【C】 AKAI MPKmini play ミニキーボード アカイ 3046247
12554,AKAI S-3200XL サンプラー アカイ●G050Y109
12555,AKAI S-950 サンプラー アカイ●G050Y113
12556,YAMAHA QY300
12557,■■Roland ローランド MIDIパッチベイ MIDIPATCHER A-880 通電確認■■
12558,TASCAM タスカム US-2x2 USBオーディオインターフェース★動作未確認品【TB】【委託】
12559,【G】Steinberg UR12 オーディオインターフェイス スタインバーグ 3058938
12560,YAMAHA QY70 USED
12561,Roland ローランド SP-404SX サンプラー Sampler
12562,Novation Remote 37 SL Limited Edition +ソフトケース(おそらく新品で綺麗です）
12563,YAMAHA ヤマハ MOTIF-RACK XS トーンジェネレーター サウンドモジュール ハードウェア音源 ¶ 7240E-4
12564,KORG DDM-110
12565,Novation DrumStation Rack ドラムシンセサイザー ※通電確認済み
12566,AKAI MPD16 MIDIコントローラー アカイ 16パッド 動作未確認品
12567,Roland ローランド Fantom XR 音源モジュール ファントム 通電確認済 本体のみ 128-voice synthesizer sampler module sample tools
12568,Roland 音源モジュール EDIROL SD-20
12569,▼中古品▼ RME アールエムイー　BabyFace　オーディオインターフェース (13225052108393NM)
12570,MOTU M2
12571,ZOOM SampleTrak ST-224 サンプラー 未確認　ジャンク扱い
12572,NATIVE INSTRUMENTS MASCHINE Mikro MK3
12573,Digidesign 96 I/O + digilink cable
12574,【ジャンク！】Pico Quant Erica Synth ユーロラック モジュラーシンセ
12575,Roland SP-606 ローランド サンプラー サンプリングワークステーション 管理F0525h-A8
12576,◆steinberg UR44C　オーディオインターフェイス
12577,【ジャンク？】iRig HD2
12578,【G】Roland SC-88VL 音源モジュール ローランド 3066845
12579,【 C 】 Y8289 Roland MC-707 GROOVEBOX リズムマシン ローランド
12580,YAMAHA SY77 MUSIC SYNTHESIZER★ヤマハ シンセサイザー★ハードケース付き美品！動作良好！
12581,【J】YAMAHA RY30 リズムマシン リズムプログラマー ヤマハ 3046938
12582,【J】 ROLAND Rhythm TR-77 リズムマシン ローランド 3046988
12583,ドラムマシン SUPER DRUMS DDM-110 KORG ジャンク
12584,KORG コルグ MC-1 MIDIキーボード　ソフトケース付き★簡易検査品
12585,YAMAHA ヤマハ Tone Generator MU80 音源モジュール MUシリーズ DTM/MIDI音源★簡易検査品【TB】【委託】
12586,★Akai MPC2000/MPC2000XL IB-208P 8 Channel Output (8PARA)★OK!!★MADE in JAPAN★鉄板代替品付属★
12587,Roland SoundCanvas SC-88VL 美品 / ローランド 音源モジュール マニュアル・純正電源アダプター付き
12588,★美品！ROLAND ローランド TR-6S リズムマシン★
12589,Audiobox 1818vsl presonus オーディオインタフェース プレソナス
12590,★AC電源動作OK★YAMAHA ヤマハ リズムマシン RY10 社外ACアダプタ付属 電池駆動NG 送料無料
12591,YAMAHA ヤマハ AG03MK2 ライブストリーミング ミキサー 音響機材
12592,BOSS ボス DR-55 Dr.Rhythm リズムマシン電源は入りましたが作動未確認です
12593,AKAI XR20 ドラムマシン 動作品
12594,【動作品】ZOOM UAC-2 USB3.0 オーディオインターフェイス AIF 本体のみ
12595,ローランド EDIROL USB Audio/MIDI Interface UA-25　USED！
12596,RME ADI-2 Pro FSR BLACK Edition
12597,05S272■AKAI　ピアノ音源モジュール　SG01P■
12598,05S261■Roland　エクスパンションボード　SR-JV80-12■
12599,プリソーナス Presonus AudioBox GO オーディオインターフェイス 美品中古
12600,△【売り切り】Focusrite(フォーカスライト) Scarlett Solo Studio オーディオインターフェース コンデンサーマイク ヘッドホン
12601,★AKAIアカイ SDサンプルレコーダー＆プレーヤー MPX16
12602,PRESONUS プレソナス STUDIO 26c オーディオインターフェイス USBケーブル付き★動作未確認品【TB】
12603,ヤマハ YAMAHA ゲームストリーミング オーディオミキサー ZG02
12604,KORG STAGEMAN 80 リズムマシン付アンプ（取説/付属品全て）
12605,Apogee BOOM
12606,pro tools duet by APOGEE オーディオ インターフェイス 音響機材 中古 O9878600
12607,Roland ローランド MKS-20 音源モジュール スタジオ 音楽制作 約W540/H125/D540㎜ ハードケース(ARMOR製)付き★ジャンク品【TB】
12608,ビッグビート1　ドラムループ　サンプリングCD
12609,YAMAHA QY100 シーケンサー リズムマシン　本体のみ　 中古ジャンク
12610,ヤマハ　リズムプログラマー　RY10
12611,Roland EDIROL SD-90 完全ジャンク　部品取り
12612,Roland EDIROL ローランド エディロール UA-101 オーディオインターフェース
12613,Roland A-300PRO-R MIDI キーボード コントローラー 32鍵盤 オーディオ ジャンク W10101136
12614,【オススメ品】YAMAHA MIDIコントローラー WX7 ヤマハ
12615,F461 訳あり ディリゲント CME 究極のモバイルMIDIキーボード Ultra-Thin 37-key USB MIDI Controller Keyboard 37鍵盤
12616,SONY DRB-G1＜動作確認済み＞元箱・取説付き ※取付金具欠品 ソニー デジタルビートボックス ディストーション DIGITAL BEAT BOX □
12617,BOSS Dr. Rhythm GRAPHIC リズムマシン DR-110
12618,Roland SP-404 MKⅡ サンプラー ローランド sampler
12619,JOMOX AiR base99 動作品
12620,★元箱、カバー付！Roland ローランド SP-404SX サンプラー★
12621,YAMAHA ヤマハ FS1R 音源モジュール TONE GENERATOR
12622,AKAI S1100 サンプラー [90's]
12623,EDIROL by Roland エディロール オーディオインターフェース 24bit 96khz UA-25 II-250604014
12624,美品　4ms pod 60 powered モジュラーシンセ　ユーロラック　ケース
12625,ROLANDローランド　SC-8850　音源モジュール 中古難有ジャンク品
12626,【通電確認】ABLETON エイブルトン Ableton Push MIDIコントローラー　現状品
12627,AKAI professional アカイ プロフェッショナル MPC1000 サンプラー サンプリングマシン 音響機器 オーディオ 中古 K10123405
12628,BOSS SP-303 Dr.Sample サンプラー
12629,● 250528-3075-1686 SA1300 Roland/ローランド SC-88 Pro Sound Canvas GS音源モジュール ソフトウェア シンセサイザー
12630,STREAM MIDIデータ 新世紀エヴァンゲリオン音楽補完計画①、② GS音源
12631,【novation】LAUNCHPAD PRO（グリッドコントローラー）マウスを使用しないスムーズな音楽制作を実現／箱付／通電のみ確認 USED
12632,Roland ローランド EDIROL UA-1000 オーディオインタフェース 通電確認のみ 現状品 管理番号06144
12633,B45141 O-03041 Roland MPU-401 MIDIプロセッシングユニット ジャンク
12634,JUG Beat Box JB-100 動作確認済み リズムボックス リズムマシン 島村楽器
12635,ELEKTRON MACHINEDRUM 電源アダプタ
12636,オーディオインターフェイス Roland ローランド Rubix22 Rubix 22 オーディオインターフェース / 60 (SGKY022394)
12637,BOSS Gigcaster 8 GCS-8 配信用オーディオミキサー 中古 O10061538
12638,♪▲【Roland ローランド】音源モジュール SC-88 0613 4
12639,AKAI Professional MPD232 アカイ USB MIDIパッドコントローラー 16パッド 8フェーダー　DJ機器/音楽制作★動作未確認品【TB】【委託】
12640,M-AUDIO KeyRig 49 MIDIキーボード 通電確認済 現状品
12641,TC ELECTRONIC ICON SERIES / TC1210-DT / TC8210-DT / TC2290-DT / DVR250-DT
12642,ROLAND XV-5080 MIDI音源 定番故障修正済み改良版です。
12643,YAMAHA AG03 MK2 ライブストリーミングミキサー オーディオインターフェース ヤマハ
12644,【B-1】 Roland SC-55mkⅡ 音源モジュール ローランド 通電確認済み 1875-22-1
12645,Boredbrain Music / Optx　モジュラーシンセ　ユーロラック
12646,KORG MIDIキーボード コントローラー USB nano key 動作確認済
12647,★192kHz対応★ Steinberg UR12　オーディオインターフェース 新品同様
12648,KORG コルグ 音響機材 USB/MIDIコントローラー　MC-1
12649,京王技研(現KORG) mini pops 7 フットスイッチセット　完動品　リズムマシン 送料無料
12650,MPC4000 AKAI エフェクトボード 未使用 念のためジャンク
12651,☆steinberg スタインバーグ UR22C オーディオインターフェース 元箱付き◆
12652,iZotope Ozone 11 Advanced Windows
12653,ZOOM AMS-22 2イン／2アウト オーディオインターフェイス おまけでUSB給電ハブつけます。
12654,★ジャンク品★デジタルボイスプロセッサー DVP-1 KORG
12655,KORG コルグ ESX-1SD/ESX 1SD コルグ ELECTRIBE SX ESX1SD EMX-1 リズムマシン ドラム
12656,Roland PMA-5 パーソナルミュージックアシスタント シーケンサー ジャンク品管理番号06185
12657,【美品】MOTU　midi express 128 動作確認済
12658,●CI1 Steinberg オーディオインターフェース スタインバーグ　ジャンク●
12659,【中古】AKAI EWI3020 ウインドシンセサイザー 音源モジュール
12660,動作未チェックの為ジャンク品★Roland EDIROL UA-4FX オーディオインターフェイス ★1円スタート
12661,【 G 】8522 YAMAHA　 FB-01　DM-200　音源モジュール　マイク　ヤマハ　209963
12662,Universal Audio Apollo x16
12663,TASCAM Audio lnterface US-32 オーディオインターフェース
12664,KORG コルグ MIDIキーボード microKEY-37
12665,■KORG/コルグ■USB/MIDIコントローラー■microKONTROL[MC-1]■中古■ ★オークション★
12666,【G】 Roland MC-303 ① リズムマシン ローランド 096603
12667,B841 YAMAHA RX17 デジタルリズムプログラマー/ヤマハ
12668,ARTURIA アートリア　MiniLab3 キーボード
12669,MOTU オーディオインターフェース M2 モツ
12670,【中古】 サンプラー ローランド ROLAND MC-909 SamplingGroovebox
12671,AKAI MPK mini USB MIDIコントローラー
12672,【2025/5/9購入品】Roland ローランド/TR-06 Boutique
12673,【美品】KORG MICROKEY2-61 キーボード
12674,AKAI MPC KEY 37
12675,KORG microKEY2-61Air microKEY Air MIDIキーボード コルグ 中古 良好 N10169560
12676,【中古・動作未確認】YAMAHA LoopFactory DX200
12677,Buchla & Tiptop Audio Quad Lopass Gate Model 292t ユーロラック モジュラーシンセ
12678,Y734★ローランド リズムマシン/Roland groove box/ MC-505 シーケンサー/ジャンク/送料960円〜
12679,BOSS SP-303 Dr.Sample ボス ドクターサンプル サンプラー 付属品あり 通電のみOK ※動作未確認品 状態説明あり★ジャンク品【福岡】
12680,AKAI MPC2000 通電/基本動作OK/メモリ1枚増設/ディスプレイに難あり
12681,Roland ローランド SOUND Canvas SC-8850 音源モジュール　通電のみ確認　本体のみ　2点セット　ジャンク
12682,iZotope Neoverb Windows
12683,KORG コルグ DVP-1 デジタルボイスプロセッサー Roland DR-HS5 ボコーダー用マイクのおまけ付き！
12684,6407 スタインバーグ Steinberg UR22 mk2 オーディオインターフェース 動作未確認
12685,★全国送料無料（沖縄/離島もOK）　ローランド　EDIROL　エディロール　USBオーディオキャプチャー　24bit 96KHz　UA-25
12686,【まとめて4冊】取扱説明書 Roland「HUMAN RHYTHM COMPOSER R-5 リズムマシン」「LINE MIXER M-120」「MIDI PATCHER/MIXER A-880」▲
12687,digidedign MBOX2 PRO ジャンク本体のみ
12688,Oeksound soothe2 Windows
12689,【中古・動作品】Kenton / PRO Modular Solo　モノフォニック MIDI to CV/Gate コンバーター ユーロラックモジュラーシンセ Doepfer
12690,【ジャンク品】ensoniq 音源モジュール SQ-R
12691,未チェック　カシオ FD-1 MIDIプレーヤー CASIO 　 オーディオ機器 フロッピーディスク
12692,Roland ローランド R-8 ドラム音源モジュール　リズムマシン　本体のみ 動作未確認　　現状品
12693,HAGIWO MOD2 ハード組立済 DIYドラム音源モジュール　Eurorack モジュラーシンセ　②
12694,【C】BOSS DR-01S リズムマシン ボス 3046944
12695,【J】digidesign Digi002 MX002 オーディオインターフェース デジタルミキサー デジデザイン 3050425
12696,TASCAM MINISTUDIO CREATOR US-42
12697,KORG Audio Gallery AG-3
12698,Steinberg UR28M オーディオインターフェース
12699,BEHRINGER CP1A
12700,Erica Synths LXR-02 Drum Synthesizer ドラムシンセサイザー エリカシンス 高級ドラムマシン リズムマシン ステップシーケンサー
12701,4点セット　iZotope Ozone11 Advanced RX11 Advanced Nectar 4 Advanced Neutron 5
12702,Pioneer DJS-1000 スタンドアローン型 DJ向け 16トラック ダイナミック DJサンプラー 中古 T10169046
12703,【 C 】 Y9435 Roland SC-88 音源モジュール ローランド 3107318
12704,W113-2507 スタインバーグ Steinberg USB3.0 オーディオインターフェイス UR44C
12705,Universal Audio Apollo 16　オーディオインターフェース　おまけつき
12706,Roland TR-606 Drumatix Computer Controlled ローランド リズムマシン ドラムマシン アナログ 楽器キーボードエフェクタービンテージ中古
12707,Steinberg/スタインバーグ UR12　1台　中古難有ジャンク品
12708,【C】PreSonus AudioBox USB オーディオインターフェイス プレソナス 3050967
12709,1円スタート 訳有 BOMGE オーディオインターフェイス ミニ 2 チャンネル USB オーディオ インターフェイス XLR/48V ブラック A12002/JS
12710,AKAI アカイ MPK49 MIDIキーボード
12711,未使用 未開封 保管品 behringe ベリンガー U-PHORIA UM2 オーディオインターフェース
12712,PEAVEY Spectrum Bass 動作チェック済み
12713,超激レア！！ Roland SuperJV JV-1080 ローランド 音源モジュール シンセサイザー
12714,Novation/ノベーション NOVLPD11 LaunchPad Mini NK3 MIDIパッドコントローラー【通電確認済】 /000
12715,【 G 】7836 Steinberg UR22 オーディオインターフェース スタインバーグ 3085075
12716,Instruo arbhar v1 モジュラーシンセ ユーロラック グラニュラー
12717,Instruo Saich モジュラーシンセ ユーロラック
12718,S) (EE-44) KORG コルグ nanoKONTROL MIDIコントローラー 音響機器 機材 ※現状渡し/通電OK！ @60 (7)
12719,Roland 64VOICE SYNTHESIZER MODULE JV-1010 音源モジュール MIDI音源（ローランド/楽器/中古）
12720,モジュラーシンセサイザー ユーロラック
12721,【 D 】8168 BOSS DR-660 リズムマシン ボス 元箱付き 3065383
12722,♪▲【Roland/EDIROL ローランド/エディロール】オーディオインターフェイス 2点セット UA-4FXCW/UA-3D まとめ売り 0711 23
12723,[MBI01]動作品 YAMAHA トーンジェネレーター VL70-m 音源モジュール ヤマハ XG音源 MIDI音源 ハードウェア音源 DTM
12724,YAMAHA ライブストリーミングミキサー AG03 MK2 ブラック
12725,★新品！未開封！RME BABYFACE PRO FS オーディオインターフェース★
12726,TASCAM US-16x08 中古（ケース付き）ジャンク扱い
12727,03w18386/【動作未確認】コルグ KORG MICROKEY-25 MIDIキーボード コントローラー 鍵盤 本体のみ
12728,ACE TONE FR-2L＜動作確認済み＞元箱付き FULL AUTO RHYTHM ACE エーストーン リズムエース リズムマシン MADE IN JAPAN ※引取り可 /巻 □
12729,保管品 Roland UA-25EX USBオーディオインターフェイス ローランド EDIROL CAKEWALK オーディオインターフェース
12730,未使用 未開封 保管品 ベリンガー behringer 22K10 U-PHORIA UMC22 オーディオインターフェイス
12731,KORG コルグ TRITON taktile TRTK-49 MIDI USB キーボード コントローラー シンセサイザー トライトン タクタイル KEYBOARD 49鍵盤
12732,Steinberg UR22 mk2 mkⅡ オーディオインターフェース スタインバーグ 動作未確認
12733,Casio LD-80 デジタルドラム
12734,Roland XV-5080 ローランド 音源モジュール シンセサイザーモジュール 音響機材 オーディオ 中古 Y10230379
12735,RME Babyface Pro FS 国内正規品
12736,ぼっち・ざ・ろっく オーディオインターフェース UR22C
12737,ラスト AKAI MPC2000 MPC2000XL 中古パッドセンサー ⑪
12738,KORG/コルグ DDD-1 デジタルドラムマシン (717　リズムマシン
12739,◇Yamaha ミュージック シーケンサー QY300
12740,【ジャンク】KORG MIDIキーボード コントローラー USB nano key
12741,☆【未使用品】MOTU モツ midi express 128 8×8 インターフェイス 音響機材 撮影の為開封 128ch 保管品
12742,【G】YAMAHA TG77 WAVEカード付 音源モジュール ヤマハ 190530
12743,Steinberg 22 mkⅡ オーディオインターフェース　T072302
12744,【G】Roland DTM-88PRW 音源モジュール ローランド 3094549
12745,Avid DigiLink cable M to M 12ft.(3.6m) x1
12746,★通電確認済、現状品★YAMAHA ヤマハ 音源モジュール MU50 トーンジェネレーター
12747,Focusrite scarllet solo オーディオ インターフェース 音響機器 配信 中古 O10219793
12748,AKAI アカイ S3000XL サンプラー ビンテージ ジャンク
12749,Roland SC-8850 SOUND CANVAS シンセサイザー ローランド 音源モジュール 通電確認
12750,Centrevillage GATEM トリガー/ゲートジェネレータ　Doepfer モジュラ　ユーロラック
12751,EDIROL / Roland エディロール UA-1000 USBオーディオキャプチャー オーディオインターフェース★動作未確認品
12752,★ steinberg スタインバーグ CI1 オーディオインターフェース 中古 現状品 250707A5356
12753,管理番号Ec5713【中古】Cakewalk by Roland A-300PRO JUNK ローランド MIDIキーボード コントローラー ジャンク 現状渡し
12754,★ YAMAHA ヤマハ RX8 リズムマシン 動作確認済 音出し確認済 中古 現状品 250401E6836
12755,【 G 】710 Roland XV-2020 音源モジュール ローランド 3062913
12756,サンプリング CD 2枚組　Heart of Africa
12757,★中古★ BOSS Dr.Rhythm DR-670 リズムマシン ドラムマシン DR 670 ★動作品★
12758,YAMAHA FS1R FM音源モジュール 電池交換済
12759,Clavia Nord Modular Rack
12760,iZotope VocalSynth 2 Windows
12761,正規品 Arturia Augmented Mallets Play マリンバ ヴィブラフォン マレット 音源
12762,PRESONUS プレソナス STUDIO 26C オーディオインタフェース USB-C接続 MIDI対応 USB録音機器 USBコード付き★動作未確認品【TB】
12763,g_t M576 【欠品あり】 YAMAH QY22 ミュージックシーケンサー★カルチャー★器材DTM★DAM★音源モジュール☆ヤマハ
12764,【ジャンク】RME Fireface UC ジャンク品（コンデンサ自力交換品）USBオーディオインターフェース
12765,緑屋Re■ Roland　Sound Canvas　SC-88PRO　MIDI 音源モジュール　通電品　　t/bni/7-392/11-4#80
12766,【中古】 サンプラー ROLAND SP-555 DJサンプラー ローランド ケース付き 0
12767,【 J 】1735 Universal Audio Apollo Twin X オーディオインターフェース ユニバーサルオーディオ 3085407
12768,Roland ローランド Sound Canvas SC-88 音源モジュール★ジャンク品
12769,【送料全国一律600円】ZOOM U-44 オーディオ・インターフェース Handy Audio Interface
12770,LEADER 5835 Stereo Audio Monitor Phase Scope リサージュ フェイズスコープ 位相メーター
12771,★EDIROL by Roland UA-25EX オーディオインターフェース★1362 エディロール 動作未確認 現状 24bit 96khz ローランド USB Audio Capture
12772,YAMAHA DTXPRESS3 DRUM TRIGGER MODULE 音源モジュール 通電確認済み 80-47-Z044
12773,数量限定値下げ izotope AIボーカルミキシングツール NECTAR 4 ELEMENTS　DTM
12774,Roland ローランド SP-404SX コンパクト サンプラー 音響機材 中古 Y10256876
12775,Toontrack EZkeys 2 Windows
12776,8101 1円～ 音楽機材まとめて WAVES Audio Impedance Maching Circuilry /Roland DUO-CAPTURE EX UA-22/ Roland QUAD-CAPTURE UA-55
12777,Celemony Melodyne Studio 5 v5.4.2 Windows
12778,TASCAM タスカム SERIES 208i オーディオインターフェース ◆ST7/15◆
12779,YAMAHA GUITAR MIDI CONTROLLER G10 MIDIギターコントローラー コントローラーのみ MIDI機器　動作未確認 中古品
12780,正規品 KOMPLETE 15 SELECT Electronic Native Instruments MassiveX
12781,Native Instruments KOMPLETE KONTROL S61
12782,716 ZOOM TAC-8 オーディオインターフェース
12783,Native Instruments ネイティブインストゥルメンツ MASCHINE Mikro Mk3 フィンガードラム MIDIコントローラー ※ジャンク 》U7981
12784,ARTURIA KEYLAB Essential 88 MIDI キーボード コントローラー 88鍵 アートリア 中古 楽 T10262049
12785,Strymon MAGNETO（ユーロラック用）Four Head dTape Echo & Looper
12786,新MIDI Library vol.5 B’z MIDデータ CD [jys
12787,faderfox micromodul DJ2 MIDIコントローラー+ M-Audio MIDIインターフェイス USB Uno(3m)
12788,モジュラーパッチケーブル3.5mmまとめて。新品多いです。 パッチケーブル
12789,10412 音響祭 Steinberg スタインバーグ オーディオインターフェイス UR22C 通電未確認 中古品
12790,【 G 】2139 behringer U-PHORIA UMC22 オーディオインターフェース ベリンガー 3069951
12791,♪▲【Roland ローランド】Drumatix リズムマシン TR-606 0807 4
12792,【 G 】2176 Native Instruments KOMPLETE KONTROL S88 MK2 MIDIコントロール キーボード ネイティブインストゥルメンツ 3070005
12793,1円スタート Roland ローランド Groove Effects EF-303 リズムマシーン 1円~ リズムマシン
12794,☆人気☆ Roland MC-303 ローランド groove box シーケンサー リズムマシン グルーヴボックス リズムマシン 現状品
12795,AUDIENT iD48 USBオーディオインターフェース 新品同様 代理店未登録 定価16万5000円
12796,【G】 YAMAHA QX3 シーケンサー ヤマハ 190826
12797,YAMAHA ヤマハ MU5 TONE GENERATOR トーンジェネレーター
12798,Air Music Technology Mini Grand ミニグランド ピアノ音源 ソフトシンセ DTM 音源 音楽制作
12799,認証保証 YAMAHA VOCALOID Editor for Cubase
12800,Native Instruments（NI) KOMPLETE13 ULTIMATE アップグレード版
12801,Native Instruments KOMPLETE４インストールディスク
12802,YAMAHA MIDI KEYBOARD CBX-K1B 電源アダプター付き ビンテージ　絶版品
12803,【18700円ラック耳付】Prism Sound Lyra2 Titan RME
12804,電子音楽名人　ＤＴＭ　これ一冊で始められるパソコン・ミュージック 松武秀樹／著　篠田元一／著
12805,スーパービギナーズマニュアル コンピュータミュージック ＰＣ ＭＵＳＩＣ ブックシリーズ／佐藤天平 (著者)
12806,DTM打ち込みアレンジ師匠
12807,komplete 9 upd
12808,FLAMMA FS01 ドラムマシン　ルーパー　11パターンのリズム
12809,オーディオインターフェース　 behringer　ベリンガー　UM2 ベリンガー2入力2出力
12810,NOVATION Circuit グルーブボックス 音響機材
12811,Elgato Wave XLR オーディオインターフェース
12812,Apogee Element 24 Thunderbolt オーディオインターフェース
12813,Line 6 Sonic Port 中古
12814,新品同様 Arturia アートリア MiniLab 3 DEEP BLACK MIDIキーボード 24年9月購入ミニラボ3 黒
12815,YAMAHA SOUND SHOW SHOWCASE SAMPLING COLLECTION サンプリング CD 90年代 DTM
12816,ローランド MIDIキーボード　A-49
12817,Behringer X TOUCH ONE コントロールサーフェス
12818,behrnger um2
12819,【美品】PreSonus Revelator io24 オーディオ/MIDIインターフェース エフェクト/ミキサー/ループバック
12820,【美品箱付き】novation FLKEY MINI MIDIキーボード
12821,Roland a-49 black
12822,Re:Moreまつげ 20ピュアシークレット 5ペア つけまつげ
12823,☆未使用☆ カラオケマイク セット 家庭用 ミキサー ボイスチェンジャー
12824,ローランド SC-55mkⅡSC-55MK2 サウンドモジュール Roland
12825,launchkey 37 mk3 novation ケース付き
12826,ベリンガー 2入力2出力 USBオーディオインターフェース ブラック 1-Channel UM2 U-PHORIA
12827,【ジャンク】KORG microKEY25 MIDIキーボード
12828,PreSonus FADERPORT
12829,【ライトグレー/Mサイズ】 AKAI PROFESSIONAL アカイ 旧ロゴ半袖Ｔシャツ - sonntagtshirts
12830,カシオ CASIO GZ-5 MIDIキーボード
12831,【値下げしました】★希少レア物★M-AUDIO M-TRACK QUAD オーディオインターフェース
12832,オーディオインターフェイス ROLAND UA-4FX
12833,Apogee ensemble FireWire
12834,Launchpad pro 美品！
12835,Steinberg UR22mkⅡ 動作済み
12836,M-Audio MIDI インターフェイス midiman USB UNO
12837,オーディオインターフェース Go XLR Mini + おまけ付き
12838,オーディオインターフェース　Roland UA-55
12839,NEKTAR PANORAMA P6 MIDIキーボード
12840,ルシファー ぬいぐるみペンケース　筆箱
12841,スタインバーグ Steinberg USB3.0 オーディオインターフェイス UR24C
12842,TECH21 MIDI MOOSE 《MIDIプログラムチェンジペダル》
12843,novation LAUNCHKEY MINI MK3 MIDIキーボード コントローラー
12844,TC HELICON GO GUITAR PRO モバイルデバイス用ポータブルオーディオインターフェース Type-Cケーブル付き
12845,MOTU micro express （新型）MIDIインターフェイス
12846,iRig ペイント入り　iPhone/iPad用オーディオインターフェイス　 IK Multimedia
12847,RME Babyface オーディオインターフェース 24bit192KHz DAC ベビーフェイス
12848,KORG nanoPAD2
12849,NIVERSAL AUDIO ( ユニバーサルオーディオ )APOLLO TWIN MKII DUO オーディオインターフェイス
12850,日本未発売Plankton Electronics Spice Desktop
12851,激レア！日本未発売！(recovery) bleeding hearts モジュラーシンセ
12852,日本未発売！LEP Resomix フィルター＆ミキサーモジュール モジュラーシンセ ユーロラック
12853,37鍵MIDIキーボードコントローラー NOVATION LaunchKey MK3 LAUNCHKEY-37-MKIII
12854,【極美品】Steinberg オーディオインターフェース　UR-RT2 4IN2OUT Rupert Neve 192KHz/24
12855,【KORG　MicroKey25】コルグ　マイクロキー25（25鍵盤デジタルmidi楽器）
12856,KORG microKONTROL MIDIキーボード
12857,インターネット VOCALOID 3 スターターパック CUL
12858,PreSonus ATOM SQ
12859,Roland MC-707 GROOVEBOX
12860,UNIVERSAL AUDIO VOLT176 オーディオインターフェース
12861,ARTURIA AudioFuse Studio
12862,AKAI MPK mini play mk3 ジャンク
12863,【箱入美品】TASCAM MiNiSTUDIO CREATOR US-42B 黒
12864,Roland A-49 MIDIキーボード 49鍵
12865,Steinberg オーディオインターフェース UR44
12866,【美品】Steinberg USB オーディオインターフェース UR22C スタインバーグ　192KHz/32bit DSP
12867,MOTU M4 オーディオインターフェイス 4in2out
12868,sonic port vx line6 美品
12869,美品　KORG コルグ ワイヤレス MIDI キーボード コントローラー Bluetooth microKEY2 Air 61鍵
12870,Steinberg UR22mkII
12871,KOMPLETE KONTROL M32 MIDIキーボード
12872,【美品・未使用】Behringer(ベリンガー) U-PHONO UFO202 オーディオインターフェース BEHRINGER
12873,UNIVERSAL AUDIO Apollo Twin X DUO Gen 2 Essentials+ Edition
12874,Akai Professional USB MIDIキーボードコントローラー 8パッド MPK mini MK2
12875,KORG microKEY2-25air MIDIキーボード bluetooth
12876,Steinberg UR22C オーディオ インターフェイス インターフェース エフェクト コンプ EQ ボイチェン アンシミュ
12877,Focusrite Scarlett Solo 3rd Gen
12878,〓良品〓ROLAND ローランド QUAD-CAPTURE UA-55 オーディオインターフェイス @5656
12879,YAMAHA ZG02
12880,ROLI BLOCKS Songmaker Kit GarageBand Edition for macOS
12881,未使用に近い - AKAI MPC LIVE 2 RETRO EDITION 「アナローグ」ケース付き
12882,NOVATION ( ノベーション )Launchpad X MIDIパッド製品登録解除済み
12883,ABILITY 3.0 Elements 国産DAW 未開封品 パッケージ
12884,GO MIXER オーディオインターフェース ミキサー
12885,VOCALOID2 KAGAMINE RIN/LEN act2
12886,VOCALOID2 猫村いろは 初回限定版
12887,YAMAHA ヤマハ/VOCALOID 3 Library Mew NEO
12888,vocaloid3 蒼姫ラピス　パッケージ版
12889,【中古】Steinberg UR22mkⅡ オーディオインターフェイス（箱無し）
12890,ARTURIA MINIFUSE2 オーディオインターフェース
12891,HoRNet SongKey MK3
12892,KORG padKONTROL KPC-1BK
12893,Apogee Element 24 動作確認済み・美品中古
12894,TASCAM iXZ オーディオインターフェイス
12895,RME Babyface Pro FS オーディオインターフェイス
12896,IK MULTIMEDIA ( アイケーマルチメディア )iRig HD 2 ios pc オーディオインターフェイス
12897,【美品】　KORG ELECTRIBE ESX-1 リズムマシン
12898,Steinberg UR-RT2 オーディオインターフェース
12899,美品 NI KOMPLETE KONTROL S61 MK2 MIDIキーボード
12900,iRig BlueBoard　　 IK MULTIMEDIA　ジャンク品
12901,EDIROL Roland UA-25EX ローランド オーディオインターフェース
12902,【最終値下げ】Native Instruments MASCHINE MIKRO MK3 保護カバー（おまけ）付 製品登録解除済
12903,ARTURIA オーディオインターフェース
12904,Yamaha AG03 MK2 ライブストリーミングミキサー
12905,AKAI MPD218 MIDIパッドコントローラー
12906,NOVATION Launchkey Mini 37 Mk4
12907,Steinberg UR22C オーディオインターフェース
12908,ヤマハ YAMAHA ライブストリーミングミキサー 3チャンネル ブラック AG03MK2 B
12909,KORG microKEY2 37鍵 MIDIキーボード
12910,steinberg UR12 オーディオインターフェース
12911,【美品】Elgato Stream Deck + White（ホワイト)
12912,RME Babyface Pro FS オーディオインターフェース
12913,YAMAHA AG03MK2 ミキサー ブラック ライブストリーミングミキサー
12914,KORG nanoKEY2 ブラック
12915,KORG microKEY-25 MIDIキーボード
12916,ACアダプター KORG コルグ KA350V
12917,iRig ペイント入り　iPhone/iPad用オーディオインターフェイス
12918,RME Fireface UCX II 日本国内正規品 オーディオインターフェース
12919,Universal Audio VOLT 276
12920,☆美品☆スタインバーグ Steinberg USB3.0 オーディオインターフェイス UR22C Recording PACK
12921,Roland オーディオインターフェース
12922,オーディオテクニカ AT-UMX3 USB オーディオミキサー オーディオインターフェース
12923,YAMAHA AG03MK2B 美品
12924,MOTU M4 オーディオインターフェース
12925,steinberg ur12 ジャンク
12926,YAMAHA AG03 MK2 ブラック
12927,Make Noise Mimeophon モジュラーシンセ ユーロラック
12928,CME U2MIDI Pro - USB MIDI インターフェース
12929,オーディオインターフェース　Focusrite Scarlett Solo (3rd gen)
12930,ARTURIA MINIFUSE2 BLACK オーディオインターフェース
12931,Simple Poly DCO 雨風 lleqpue9 モジュラーシンセ
12932,【即購入OK 】POD Studio GX 高音質オーディオインターフェース
12933,【美品】zoom / AMS-22 オーディオインターフェース
12934,Novation LaunchPad X MINIグリッドコントローラー
12935,YAMAHA AG03 MK2
12936,Akai Pro MIDIキーボード 25鍵USB ベロシティ対応8パッド音楽制作ソフト MPK mini mk3 黒
12937,[値下げOK] INTERFACE 2 rekordbox 2ch オーディオインターフェース Pioneer パイオニア
12938,DAW Hi-Res DTMに　Steinberg UR44 YAMAHA正規輸入品　ほぼ未使用　キズ・汚れなし
12939,Antelope Audio Zen Go Synergy Core USB オーディオインターフェース　中古　＋　DACセット
12940,Ableton Move ケース付き
12941,Arturia MINILAB MK2
12942,KORG microKEY 25鍵　MIDIキーボード
12943,UNIVERSAL AUDIO ( ユニバーサルオーディオ )/APOLLO SOLO Thunderbolt3
12944,vocaloid2パッケージ がくっぽいど
12945,UAD Apollo Twin USB Windowsオーディオインターフェイス
12946,CIO GaN搭載 65W出力マルチポート急速充電アダプター Lilnob CIO-G65W2C1A-WH （ホワイト）急速充電器
12947,初音ミクアペンド (Miku Append)＋初音ミクvocaloid2パッケージ
12948,【美品】Steinberg UR12 USBオーディオインターフェース
12949,RME Babyface Pro FS オーディオインターフェイス　国内正規品
12950,コルグ KORG MIDIコントローラー 25鍵 microKEY-25
12951,【新品未開封】Anker 323 Charger 33W （ブラック）アンカー 2ポート 急速充電器
12952,behringer U-PHORIA UM2 オーディオインターフェース
12953,MOTU M2 USBオーディオインターフェース 2-in/2-out
12954,MOTU M2
12955,KORG MIDI キーボード コントローラー microKEY 25
12956,【美品】Singxer SU-2 USBデジタル インターフェイス DDC
12957,【充電確認済み/送料無料】FUJIFILM BC-45W 富士フィルム 充電器 バッテリーチャージャー
12958,オーディオインターフェース PreSonus Audiobox ione
12959,Apollo Solo アポロ オーディオインターフェイス Universal Audioユニバーサルオーディオ 動作確認済
12960,YAMAHA AG06MK2 liveストリーミングミキサー
12961,RME Babyface Pro fs オーディオインターフェース 【おまけ】マイク、スピーカー用XLRケーブル(3m)2本
12962,ローランド SC-55mkⅡSC-55MK2 サウンドモジュール Roland
12963,AfterLater Audio CoCo system Cascade＆Valley＆Brooks2台 モジュラーシンセ
12964,【新品】Steinberg UR22C 2x2 USB 3.0 32bit/192kHz オーディオインターフェイス Cubase
12965,RME Fireface UFX II オーディオインターフェイス
12966,Roland TR-08 リズムマシン ローランド ドラムマシンBoutique Rhythm Composer
12967,MOTU M4 オーディオインターフェース(4in 4out)
12968,ポータブル ウォータプルーフ スピーカー JBL GO3
12969,【美品】Focusrite 2i2 3thgen
12970,IK Multimedia iLoud Micro Monitor
12971,MASCHINE MIKRO MK3
12972,MPK mini Play MIDIキーボード
12973,Make Noise 0-Coast セミモジュラー
12974,インテグレート プロフィニッシュファンデーション オークル10 レフィル 10g 新品未開封品。令7年2月購入。
12975,M-AUDIO MIDIキーボード KEYSTATION mini32 MK3
12976,CLOCK DIVIDER 強風 lleqpue9 モジュラーシンセ
12977,【美品】ROLAND SP-404 MK2
12978,IK Multimedia iRig 2 ギター/ベース用
12979,ZOOM ズーム GCE-3 ギターベース用USBオーディオインターフェース
12980,UA-55 Roland オーディオインターフェース
12981,RME Babyface Pro FS 国内正規品 オーディオインターフェイス
12982,novation CIRCUIT
12983,AG03MK2　ブラック
12984,AG06 mk2
12985,MOTU M4 オーディオインターフェース
12986,KORG microKEY25 25鍵 USB-MIDI キーボード
12987,未使用ですがジャンクで BEHRINGER U-CONTROL UCA222 USBオーディオインターフェイス ベリンガー
12988,オーディオインターフェース　未開封
12989,付属品完備! LINE 6 Mobile In
12990,YAMAHA AG03 ヤマハ オーディオインターフェース オーディオ ミキサー ウェブキャスティングミキサー
12991,KORG KR mini リズムマシン 別売りフットスイッチ付き
12992,【新品購入品】iRig2 高品質オーディオインターフェース
12993,Arturia アートリア 音楽制作ソフト付属 ポータブルオーディオインターフェイス MiniFuse 1 ホワイト
12994,【美品】KORG nanoKEY Studio
12995,MOTU M2 中古
12996,vocaloid2 パッケージ版　Lily
12997,IKMultimedia iRig HD2 ギター
12998,EDIROL USB Audio Capture UA-4Fx ジャンク
12999,Steinberg UR22C オーディオインターフェイス
13000,Steinberg IXO22 オーディオインターフェイス
13001,電子オルガン用　MIDI足鍵盤
13002,オーディオインターフェース Steinberg UR22C スタインバーグ オーディオ
13003,Antelope Audio Amari 高音質DAC ジャンク
13004,美品 Focusrite Scarlett 2i2(gen3) ハイレゾ対応ケーブル付
13005,TASCAM インターフェイス MiNiSTUDIO CREATOR US-42 ジャンク品
13006,YAMAHA AG03MK2 B
13007,Solid State logic SSL2 オーディオインターフェース
13008,behringer XENYX CONTROL2 USB スタジオモニター　コントローラー　ベリンガー　美品
13009,Solid State Logic SSL2 MKII オーディオインターフェース
13010,【美品】Ableton Push 3 コントローラ モジュラーシンセ
13011,Steinberg UR12 USBオーディオインターフェイス
13012,SC-8850 Roland SOUND Canvas
13013,AUDIENT iD4mkII オーディオインターフェース
13014,【通電確認済/価格相談あり】YAMAHA AG03 ミキシングコンソール ホワイト 中古品
13015,zoom PodTrak p4
13016,Launchpad PRO MK3 Novation MIDIコントローラー
13017,【美品】KORG nanoKONTROL Studio MIDIコントローラー
13018,訳あり新古品 AG03MK2-W YAMAHA
13019,SSL2 オーディオインターフェース
13020,RME Babyface Pro FS + OYAIDE 2.0mケーブル
13021,Make Noise QPAS
13022,synthesizer V megpoid スターターパック
13023,Make Noise X-PAN
13024,Roland「 UM-ONE mk2 」MIDI インターフェース・ケーブル
13025,ROLAND ローランド OCTA-CAPTURE UA-1010 オーディオインターフェイス
13026,iRig2
13027,NANO Modules CAIXA 104 ユーロラックケース
13028,YAMAHA AG03MK2 美品
13029,最終価格 SSL(Solid State Logic) SSL2+MKII(SSL2+MK2) USBオーディオインターフェイス
13030,MOTU M4 製品登録解除済 オーディオインターフェイス
13031,ローランド Roland デュアルバスゲーミングオーディオミキサー BRIDGE CAST X ゲーミングミキサー
13032,Babyface pro FS
13033,AG03 MK2 ブラック YAMAHA
13034,U-PHORIA STUDIO
13035,GRL インパン裏地付きコルセット風フレアミニスカート アイボリー L
13036,Yamaha AG03MK2 Black 5年保証付
13037,TASCAM(タスカム) MiNiSTUDIO PERSONAL US-32W オーディオインターフェイス
13038,Apogee Ensemble Thunderbolt ＋ オマケ色々
13039,MOTU M2 オーディオインターフェイス
13040,ffine 音声インターフェース 動作確認済み
13041,KORG ELECTRIBE ESX-1 音楽制作サンプラー コルグ エレクトライブ リズムマシン
13042,RME UFX （国内製品）【値下!!!】
13043,Elektron Analog Four MK2 グレイモデル
13044,最終価格 APOGEE Duet 3　オーディオインターフェイス アポジー
13045,Roland MIDIインターフェイス UM-ONEmk2
13046,オーディオインターフェース Steinberg UR12
13047,akai LPK25 MIDIキーボード キーボード
13048,Make Noise Morphagene モジュラーシンセ　最終値下げ
13049,Roland Rubix 22 オーディオインターフェイス
13050,YAMAHA AG03MK2
13051,KORG multi/poly module アナログモデリングシンセサイザー
13052,Steinberg UR-RT2 スタインバーグ 音響機材 USB オーディオインターフェイス
13053,RME ADI-2 DAC fs
13054,Roland QUAD-CAPTURE UA-55 USB 音響機材 オーディオインターフェイス
13055,Arturia KeyStep Pro Chroma(完全未使用新品)
13056,AudioBox iTwo オーディオインターフェイス
13057,TASCAM インターフェース
13058,PO-12 rhythm teenage engineering
13059,MOTU M2 オーディオインターフェース
13060,KOMPLETE KONTROL M32 MIDIキーボード Native Instruments
13061,YAMAHA AG03 オーディオインターフェース + ヘッドフォンアンプ　アンプアダプタ×6本
13062,MOTU AVB SWITCH AVB/TSN対応 AVBネットワークハブ
13063,Zoom GCE-3 Guitar Lab Circuit Emulator 新品未使用
13064,YAMAHA AG03 オーディオインターフェース
13065,KORG nanoKEY2 MIDIキーボード
13066,sp404sx サンプラー
13067,Steinberg UR22C
13068,Antelope Audio Discrete 4 Pro Synergy Core オーディオインターフェイス アンテロープ
13069,Ableton Move 本体 付属品完備 動作確認済み
13070,SoundForce DCO Black オシレーター ユーロラック
13071,Tiptop Audio HATS808 Hi-Hats ハイハット ハット ドラム モジュラーシンセ
13072,Roland ローランド MIDI コントローラー キーボード A-49-BK
13073,Ultralite MK3 Hybrid 動作良好 MOTU
13074,Tiptop Audio BD808 バスドラム キック ドラム モジュラーシンセ
13075,iRig HD X ユニバーサルギターインターフェース
13076,MOTU M2 オーディオインターフェース
13077,Steinberg UR22 オーディオインターフェース
13078,【新品・未使用】steinberg（シュタインバーグ） UR22 mkⅡRecording Pack【オーディオインターフェース】
13079,YAMAHA ZG02
13080,MOTU M4
13081,MOTU M4
13082,AKAI アカイ MPK mini Play MK3 MIDIキーボード 音源内蔵 スピーカー内蔵
13083,Steinberg UR-RT2 オーディオインターフェイス 各種ケーブル付属
13084,AKAI MPK mini mk3 MIDIキーボード
13085,Roland Rubix24 オーディオインターフェース
13086,APOGEE Quartet オーディオインターフェース
13087,説明必読 保証無し Steinberg Cubase Pro Upgrade from cubase AI 12
13088,KORG microKEY25 25鍵 USB-MIDI キーボード
13089,Steinberg UR22C 2x2 USB 3.0オーディオインターフェース Cubase AIとCubasis LE付き
13090,UniversalAudio VOLT 1 オーディオインターフェース
13091,Roland FC-300 MIDIフットコントローラー
13092,MIDIキーボード Launchkey novation ノベーション G MK2
13093,behringer U-PHONO UFO202 フォノプリアンプ内蔵USBオーディオインターフェース
13094,YAMAHA AG06 オーディオインターフェース ウェブキャスティングミキサー 配信 ミキサー　USB2.0ケーブル付属
13095,KORG microKEY Air 2-37AIR　MIDIキーボード
13096,KORG Volca Beats　KA350アダプターセット
13097,Cakewalk UA-25 EX USBオーディオインターフェイス
13098,Mutable Instrunents Marbles クローン behringer chaos【ユーロラック】モジュラーシンセ
13099,Roland SC-55Mk2 音源モジュール USB MIDI I/F EDIROL EM-2EX MIDIケーブルセット
13100,【超美品】NI KOMPLETE AUDIO 1 オーディオインターフェイス
13101,動作確認済み　TASCAM　オーディオインターフェース　US-x2HR
13102,国内正規品 ICON Pro Audio PI-NANO D-5セットDAWコントローラー新品同様美品
13103,ableton push2 decksaver 要説明ご覧下さい
13104,MPK mini plus
13105,MPK mini plus
13106,美品　INSTACHORD インスタコード　IC-30 BK　おまけ付き
13107,LINE6 ラインシックス モバイルMIDIキーボード Mobile Keys 49 49鍵
13108,ARTURIA MiniFuse 1
13109,YAMAHA ライブストリーミングミキサー ヤマハ AG03 MK2 ブラック
13110,オートリア Arturia MiniFuse 1
13111,RME Babeface Pro FS
13112,YAMAHA AG03MK2 オーディオインターフェース
13113,ZOOM U-44 4in/4out ハンディ オーディオインターフェース
13114,【新品未使用】YAMAHA AG03Mk2 W ライブストリーミングミキサー
13115,PreSonus STUDIO 24c オーディオインターフェース
13116,SSL2+MK2 オーディオインターフェース
13117,Native Instruments KOMPLETE 13 ULTIMATE
13118,NI S88 mk2 midiキーボード
13119,Antelope Audio Orion Studio rev.2017 オーディオインターフェース ※AFX2DAW譲渡可能※
13120,FIFINE ゲーミングオーディオミキサー、XLRマイクインターフェイス付きストリーミング4チャンネルRGBミキサー、ゲーム音声
13121,ステインバーグ　Steinberg UR22C 2x2 USB 3.0オーディオインターフェース
13122,Roland Rubix44 オーディオインターフェース 動作未確認
13123,BOMGE BMG22 オーディオインターフェイス 音響機材 オーディオ機器
13124,短期使用極美品★オーディオテクニカ オーディオインターフェースaudio-technica AT-UMX3★ゲーム配信ゲーム実況
13125,PreSonus Studio 24c オーディオインターフェース　　アクティベート(製品登録)済
13126,Roland QUAD-CAPTURE オーディオインターフェース
13127,SSL Fusion Transformer
13128,UR22C オーディオインターフェイス STEINBERG 配信
13129,Steinberg　 オーディオインターフェース　 UR22 mk2
13130,antelope discrete 4 synergy core 中古（オーディオインターフェース DTM PCDJ ）
13131,Roland　オーディオインターフェースRubix24
13132,UA-55 Roland QUAD-CAPTURE
13133,2hp Loop モジュラーシンセ ユーロラック
13134,MOTU M2 オーディオインターフェース
13135,Steinberg オーディオインターフェース UR22 mkII
13136,ヤマハ YAMAHA ライブストリーミングミキサー 3チャンネル ブラック AG03 MK2 B
13137,AKAI APC64 MIDIコントローラー
13138,スタインバーグ UR22C オーディオインターフェース
13139,動作良好 ZOOM U-44 USBオーディオインターフェイス DAC
13140,NOVATION Launchkey 49 MK3 MIDIキーボード
13141,新品未使用 Ableton Live PUSH 3 Controller
13142,M-Audio USB MIDIキーボード49鍵 ベロシティ対応パッド、スマートコードモード Oxygen 49 MKV
13143,Behringer WAVES ファンクションジェネレーター ユーロラック モジュラーシンセ
13144,Audio-Technica　オーディオテクニカ　AT-UMX3　ライブ配信向けUSBオーディオミキサー
13145,【未開封】AXE I/O One
13146,STEINBERG UR12 オーディオインターフェース
13147,【Audient iD4】オーディオインタフェース 24bit / 96kHz【DTM・宅録】
13148,【美品】AKAI APC20 Ableton Live コントローラー MIDIコントローラー AKAI
13149,美品 RME Babyface Pro FS インターフェイス 国内正規品
13150,apogee boom
13151,ZOOM リズムマシン RT-123
13152,未開封新品 Steinberg IXO22 B/ブラック 24ビット/192kHz 対応 オーディオインターフェース
13153,Roland A-49 WH 元箱付 49鍵 MIDIキーボード ホワイト
13154,MOTU M2 オーディオインターフェース
13155,MIDIキーボード KORG microKEY2 Air (マイクロキー・エアー) 37鍵盤
13156,【未使用級】MOTU M2 USB オーディオインターフェイス
13157,TASCAM US-428 オーディオインターフェース
13158,Novation Launchkey 49 Mk4 | MIDIキーボード　コントローラー
13159,nano Control studio nanoKONTROL KORG MIDIコントローラー コルグ Studio
13160,Roland サウンドモジュール SOUND Canvas SC-55 MKⅡ ローランド 【未使用品】
13161,BOSS Dr.Sample SP-303 サンプラー　sp303 roland ジャンク品
13162,ARTURIA MiniFuse 1 オーディオインターフェイス 新品未使用
13163,ARTURIA Minilab 3 MIDIキーボード
13164,スタインバーグ Steinberg UR816C オーディオインターフェース 32bit
13165,KORG microKEY-25 MIDIキーボード
13166,MOTU M2 オーディオインターフェース
13167,APOGEE BOOM オーディオインターフェイス アポジー ブーム
13168,audient id44
13169,AG03MK2 YAMAHA
13170,ARTURIA Minilab3 MIDIキーボード アートリア ホワイト
13171,MOTU M2
13172,YAMAHA AG06
13173,YAMAHA AG03MK2 黒
13174,ZOOM ( ズーム ) / UAC-232 オーディオインターフェイス 32bit float対応
13175,Steinberg オーディオインターフェース　UR22mk2
13176,Steinberg IXO12
13177,説明必読 AKAI MPK mini play スタンドアローン キーボード MIDIキーボード
13178,KORG nanoKEY2 MIDIキーボード コルグ
13179,RME Babyface Pro FS / DECKSAVER、CASE付き
13180,YAMAHA AG06 ウェブキャスティングミキサー
13181,YAMAHA VOCALOID4 Editor for Cubase
13182,ZOOM ズーム ハンディポータブルオーディオインターフェイス iPad対応 2イン/2アウト 電池駆動 U-22
13183,AKAI アカイ MPD18 MIDIコントローラー
13184,Steinberg CUBASE AI ライセンス入りe-licenser ver.11 音楽制作 DAW DTM 打ち込み 録音
13185,Novation Launchpad PRO MIDI グリッドコントローラー
13186,Novation Launchkey 61 MK3 MIDIキーボード
13187,MOTU M2 オーディオインターフェース
13188,Behringer XENYX 302USB ミキサー オーディオインターフェース
13189,AMPLE SOUND AMPLE GUITAR LP III アンプル・サウンド
13190,AKAI Professional MPK mini MK2
13191,Roland SP-404SX LINEAR WAVE SAMPLER ローランド 配信機材 絶版 名機
13192,Arturia KeyLab mk3 49WH (KEYLABMAK3 49鍵・USB・MID キーボード
13193,【完品 箱有】KOMPLETE KONTROL M32 MIDIキーボード
13194,ほぼ 未使用 M-AUDIO KEYSTATION 88 MK3
13195,AKAI MPC Live 本体＋アクリルカバー付き（サンプラー・ビートメイク) アカイ + Magma持ち運びケース付き
13196,uca-222 ASIO対応 オーディオ インターフェース U-Control レッド ベリンガー
13197,steinberg UR22C オーディオインターフェース
13198,Line 6 モバイルオーディオインターフェース SONIC PORT
13199,Steinberg UR22C
13200,YAMAHA AG03MK2 オーディオインターフェース
13201,Arturia Drumbrute Impact アナログドラムマシン
13202,新品同様 YAMAHA AG06MK2 Black USBミキサー
13203,【美品】Audient iD14 mkII オーディオインターフェイス iD14mk2
13204,ヤマハ YAMAHA ライブストリーミングミキサー 3チャンネル ブラック AG03MK2 B
13205,Focusrite Clarett＋ 2PRE USB オーディオインターフェイス
13206,Doepfer A-110 VCO ユーロラック 現状渡し その1
13207,Doepfer A-115 オーディオディバイダー ユーロラック 現状渡し
13208,Doepfer A-114 リングモジュレーター ユーロラック 現状渡し
13209,MACKIE Big Knob Studio
13210,Doepfer A-131 VCA ユーロラック 現状渡し
13211,Doepfer A-146 LFO2 ユーロラック 現状渡し
13212,Doepfer A-170 デュアルスルーリミッター ユーロラック 現状渡し
13213,ZOOM　UAC-232　オーディオインターフェース
13214,Ableton Push 3 ほぼ新品 シリアル未使用 Push3
13215,Tone2 - Icarus
13216,u-he - Beatzille
13217,【美品】YAMAHA AG03MK2 ブラック
13218,【美品】CASIO ミニキーボード SA-46 電子キーボード 鍵盤楽器 キーボード カシオ
13219,YAMAHA AG03MK2
13220,M-Audio USB MIDIキーボード 32鍵 Keystation Mini 32 MK3
13221,nano Control studio nanoKONTROL KORG MIDIコントローラー コルグ Studio
13222,YAMAHA AG06 MK2 ミキサー　ブラック　オーディオインターフェース
13223,AVID Pro Tools Duet Apogee オーディオインターフェース USB接続
13224,ARTURIA Analog Minilab MIDIキーボード　ジャンク
13225,yamaha ag06mk2
13226,AKAI MPK mini MK3
13227,YAMAHA AG03MK2 ホワイト オーディオインターフェース
13228,M-AUDIO M-TRACK 2X2
13229,【中古品】AKAI professional EWI USB ウインドコントローラー
13230,最終価格！AG03、Lightning-USBカメラアダプタ、MPM-1000 condensermic、ヘッドフォン
13231,Roland 音源モジュール SOUND Canvas SC-88 Pro
13232,新品 midiフットスイッチ M-vave chocolate Plus
13233,Akai MPK mini 黒
13234,Focusrite scarlett solo gen3 フォーカスライト　 オーディオインターフェイス 3rd Gen
13235,【美品】ヤマハ USB ウェブキャスティングミキサー AG03 mk2 ブラック
13236,YAMAHA AG03MK2 ヤマハ　ミキシングコンソール ライブストリーミングミキサー ミキサー 音響機材 ライブストリーミング
13237,ARTURIA Minilab mk2
13238,Roland SC-88 SOUND Canvas MIDI音源モジュール　中古
13239,ZOOM AMS-24　オーディオインターフェース
13240,UNIVERSAL AUDIO VOLT 176 USB Recording Studio （箱付き）オーディオインターフェイス
13241,komplete kontrol s49 mk1 ジャンク
13242,BEHRINGER UM2 オーディオインターフェース
13243,Plinky synth V3 タッチ式高機能シンセサイザー モジュラーシンセ ユーロラック ドローン　アンビエント
13244,YAMAHA AG03MK2　美品 オーディオインターフェース
13245,scarbee funk guitarist プラグイン ギター音源 Native instruments
13246,ほぼ未使用美品 YAMAHA AG03 オーディオインターフェース
13247,ARTURIA minifuse 2
13248,MOTU M2 2in 2out USBオーディオインターフェース
13249,YAMAHA AG03MK2 ブラック
13250,KOMPLETE AUDIO2 オーディオインターフェイス
13251,Motu m4 MOTU オーディオインターフェース M4 4out
13252,Novation Launchkey Mini MK3 25鍵 MIDIキーボード ableton studio one
13253,Roland A-49 MIDIキーボード ローランド 49鍵 MIDI キーボード
13254,OM-108 SUZUKI スズキ オムニコード 電子楽器
13255,Roland AIRA P-6 Creative Sampler サンプラー ローランド
13256,オーディオインターフェース　Roland Quad Capture UA-55
13257,Steinberg UR22 mkII USBオーディオインターフェイス スタインバーグ
13258,【おまけ付き】Roland UA-55 USBオーディオインターフェイス QUAD-CAPTURE ローランド
13259,美品 komplete kontrol M32 箱ライセンス有り NATIVE INSTRUMENTS
13260,ZOOM TAC-2R Thunderbolt CUBASE LEシリアル付き
13261,Motu m4 MOTU オーディオインターフェース M4 4out
13262,【中古】MOTU 828X オーディオインターフェイス【ジャンク扱い】
13263,Roland FA-66 オーディオインターフェース + Apple純正FireWire変換アダプター
13264,NI KOMPLETE KONTROL S61 MK2 61鍵MIDIキーボード
13265,MOTU M2 オーディオインターフェイス
13266,【正規品・未使用】AmpliTube 5 & TONEX フルバージョン セット IK Multimedia シリアルナンバー
13267,Babyface Pro FS 新品 オーディオインターフェース
13268,Singxer SU-2 DDC オマケ付き
13269,focusrite forte オーディオインターフェース
13270,FOSTEX PC100USB-HR2
13271,Roland rubix22
13272,『ジャンク品』TASCAM US-122mkII USB2.0オーディオ/MIDIインターフェース
13273,【値下げ中】YAMAHA AG08 配信用 オーディオインターフェース
13274,＊＊＊　Roland ローランド　SC-8820 / SC-8850 完全攻略ガイド　＊＊＊
13275,KORG　microKEY　 MIDIキーボード25鍵
13276,ANTELOPE AUDIO Zen Tour Synergy Core 定価32万円 オーディオインターフェース
13277,ARTURIA BEAT STEP PRO & デッキセイバー
13278,YAMAHA　AG03 MK2 ブラック　中古　オーディオインターフェース
13279,YAMAHA AG03MK2 ヤマハ ミキサー オーディオインターフェース ホワイト
13280,roland UA-1D USBオーディオインターフェーす
13281,YAMAHA AG06MK2 BLACK
13282,ROLAND P-6 CREATIVE SAMPLER
13283,YAMAHA AG03MK2 オーディオインターフェース
13284,【Cubase AIセット】Steinberg UR22C USB オーディオインターフェース
13285,未開封新品 即日発送 Steinberg IXO22 B/ブラック 24ビット/192kHz USB オーディオインターフェース
13286,YAMAHA AG03MK2 ライブストリーミングミキサー
13287,YAMAHA AG03 Mk2ミキサー コンデンサーマイクセット
13288,KORG MIDIキーボード microKEY-25 USB
13289,Roland BRIDGE CAST デュアルバスゲーミングミキサー
13290,DOREMiDi USB MIDI HOST
13291,ネイティブインストゥルメンツ/2デッキ DJコントローラー
13292,MOTU M2 オーディオインターフェース
13293,Roland (ローランド) Boutique JP-08 シンセサイザーモジュール K-25m付き
13294,Steinberg スタインバーグ 2x2 USB2.0 24bit/192kHz オーディオインターフェース UR22mkII
13295,VOCALOID4 結月ゆかり 純【シリアル番号完備・ディアクティベーション済み】
13296,ICON Platform X+ と、D2 セット
13297,MOTU M2 オーディオインターフェース　type C
13298,MOTU M2 オーディオインターフェース
13299,NATIVE INSTRUMENTS ネイティブインストゥルメンツ/KOMPLETE KONTROL M32
13300,【 未使用品 】　Roland EDIROL　SD-20　ハード音源　＝ ミュージ郎 ネットスタジオ ＝
13301,ARTURIA MiniLab 3 Deep Black MIDIキーボード コントローラー 25鍵 アートリア ディープブラック
13302,Steinberg オーディオインターフェース スタインバーグ UR24C 傷複数あり 本体のみ
13303,Digitakt Elektron ドラムマシン　サンプラー　明機　動作品
13304,universal audio apollo x6 thunderbolt3 中古 動作確認済 写真追加
13305,nanokey２　korg microkey air ナノキー　コルグ　YAMAHA boya
13306,steinberg UR12 USBオーディオインターフェース
13307,中古　AKAI MPX8 サンプル・プレーヤー
13308,Native Instruments KOMPLETE AUDIO 2　オーディオインターフェイス
13309,MPD218 AKAI MIDIパッドコントローラー
13310,Launchpad X Ableton Live10攻略book
13311,■ APOGEE Element 24 オーディオインターフェース
13312,RME Babyface Pro FS オーディオインターフェース 付属品は黒いキャリングケースのみ
13313,MOTU 624 オーディオインターフェース
13314,ファーストプレイス IA DAW PACKAGE ボーカロイド　ジャンク品
13315,YAMAHA PLG100-DX Plug in board for XG
13316,クリプトン 初音ミク V4X 日本語＆英語ライブラリー ボーカロイド VOCALOID4 Cubase LEバンドル パッケージ版
13317,kontakt7　Bundle　Crossgrade
13318,M-AUDIO KEYSTATION MINI 32 MK3
13319,Audient EVO4 オーディオインターフェース ブラック
13320,Steinberg(スタインバーグ) USB2.0 24bit/192kHz オーディオインターフェース UR12
13321,YAMAHA AG03MK2 ライブストリーミングミキサー 新品
13322,Focusrite Scarlett Solo 3rd Gen オーディオインターフェイス
13323,Plankton Electronics NUTONE モジュラーシンセ
13324,★YAMAHA MU10　ジャンク★
13325,VOCALOID2 SF-A2 開発コード miki ARTIST EDITION 01
13326,KOMPLETE KONTROL A49
13327,【美品！】MOTU M2 ケーブル付き!
13328,YAMAHA ライブストリーミング ミキサー AG03MK2 ブラック」
13329,ARTURIA MINILAB mkII MIDIコントローラー ホワイト 中古美品
13330,Novation Launchpad X MIDIパッドコントローラー
13331,TASCAM iXZ インターフェース
13332,Roland TR-606 Drumatix リズムマシン
13333,YAMAHA AG03MK2 ホワイト コンデンサーマイク YAMAHA AG03
13334,audio-technica AT-UMX3 オーディオインターフェース 純正ケーブル付き
13335,ZOOM AMS-22 オーディオインターフェイス
13336,FOCUSRITE Scarlett Solo gen. 3 オーディオインターフェイス フォーカスライト
13337,TASCAM(タスカム) US-2X2HR オーディオインターフェース 説明必読
13338,IK Multimedia iRig 2 オーディオ インターフェース
13339,TC HELICON ルーパー プロセッサー VOICELIVE 3 EXTREME マルチエフェクター
13340,audient 「EVO4」 2in/2out オーディオインターフェース [国内正規品]
13341,YAMAHA AG03MK2 ミキサー オーディオミキサー オーディオインターフェース
13342,Novation Launchkey mini 37 mk4
13343,MOTU M2 2-in/2-out USBオーディオインターフェース
13344,AKAI Pro アカイプロフェッショナル MPK mini MK3 25鍵 MIDI キーボードコントローラー
13345,Novation Launchkey Mini 25 Mk4 MIDIキーボード コントローラー
13346,TC HELICON GO XLR マルチエフェクトオーディオインターフェース
13347,ヤマハ(YAMAHA) ライブストリーミングミキサー 3チャンネル ブラック AG03MK2 B
13348,Roland UA-30 USBオーディオインターフェース
13349,U-PHORIA UMC22 オーディオインターフェイス
13350,STEINBERG ( スタインバーグ )UR12 Black & Copper Model
13351,Roland CM-64 ローランド 音源モジュール
13352,RME Hammerfall DSP Multiface 通電のみ確認
13353,iRig2 モバイルギターインターフェース IK Multimedia
13354,Behringer UMC22
13355,Presonus AudioBox GO オーディオインターフェイス
13356,SSL2 オーディオインターフェース いちおう ジャンク
13357,【即日出荷可能】M-vaveChocolatePlusController
13358,おまけ付き Roland MC-101 ローランド GROOVEBOX
13359,Vermona DRM1 MKIV ベローマ リズム音源
13360,Steinberg UR22C オーディオインターフェイス 未使用
13361,NATIVE INSTRUMENTS KOMPLETE Audio1
13362,BEHRINGER V-AMP3 マルチエフェクター
13363,【美品】TASCAM Model 12 SDカード付 オーディオインターフェース
13364,AG03MK2-W ホワイト
13365,YAMAHA AG06 ウェブキャスティングミキサー　中古美品
13366,おまけ有 yamaha ag03 mk2 ミキサー デジタルミキサー
13367,NI Guitar RigSESSION I/O オーディオインターフェース
13368,Passive LPG2 春風 lleqpue9 モジュラーシンセ
13369,Artiphon Chorda (Blue) アーティフォン
13370,TASCAM SERIES 102i オーディオインターフェイス
13371,【完動品】IK Multimedia / iRig HD 2 USBオーディオインターフェース
13372,BEHRINGER ベリンガー UMC204HD USB オーディオインターフェイス
13373,金田様
13374,iRig Pro I/O オーディオインターフェイス 超コンパクトプロ仕様！ IK Multimedia
13375,universal audio apollo x6 thunderbolt3 動作確認済
13376,M-AUDIO M-TRACK DUO オーディオインターフェース エムオーディオ
13377,ZOOM オーディオインターフェース　AMS-22
13378,summina オーディオインターフェース
13379,【美品】novation LaunchPad Pro ケース付き
13380,Steinberg UR22mkII オーディオインターフェース 動作確認済み
13381,VOCALOID4 Editor for Cubase
13382,focusrite scarlett solo gen3 ジャンク品
13383,NATIVE INSTRUMENTS KOMPLETE AUDIO 1 オーディオインターフェース 純正USBケーブル付き
13384,Acid Rain Technology Chainsaw モジュラーシンセ ユーロラック
13385,ZOOM ズーム ギター/ベース用USBオーディオインターフェース ポケットサイズ 超コンパクト GCE-3
13386,audio-technica AT-UMX3 オーディオインターフェース
13387,SUZUKI OM-108 スズキ オムニコード OMNICHORD 電子楽器
13388,M-Audio Duo USB オーディオインターフェースプリアンプ S/PDIF付き その2
13389,M-AUDIO Keystation 49 MK3 MIDIキーボード
13390,【最終値下げ】KOMPLETE13 ULTIMATEセット
13391,MOTU UltraLite mk3 Hybrid オーディオインターフェイス【ジャンク扱い】
13392,Singxer SU-2 DDC + SHANLING-L8 i2sケーブル
13393,erica synths sample drum モジュラーシンセ ユーロラック
13394,Rolandオーディオインターフェイス DUO-CAPTURE EX UA-22
13395,KORG nanoKEY2 スリムラインUSBキーボード ホワイト
13396,Roland Integra7 音源モジュール
13397,KAWAI GMega 音源モジュール
13398,スタインバーグ UR22mkⅡ Steinberg オーディオインターフェース
13399,美品　PreSonus オーディオインターフェイス　studio24c 値下げ不可
13400,Redmi Note 9T 6.53インチ メモリー4GB ストレージ64GB ナイトフォールブラック ソフトバンク
13401,【ホワイト】 FIFINE ゲーミングオーディオミキサー ホワイト 新品 未使用 オーディオインターフェース
13402,日曜日まで値下げKORG NANOKEY FOLD BK(ブラック コルグ KORG MIDI コントローラー MIDIキーボード
13403,universal audio apollo x8 動作良好
13404,Roland Mobile Studio Canvas [SD-50]
13405,Mannequins Three Sisters
13406,MOTU M2 オーディオインターフェース
13407,Roland QUAD-CAPTURE オーディオインターフェース
13408,【美品】Roland 音源モジュール SC-88 ローランド サウンドモジュール サウンドキャンバス Canvas
13409,ローランド SP-404 mk2
13410,カッコウの許嫁 漫画 1~15巻
13411,LIVE SOUND CARD2
13412,【ラスト値下げ】Novation Launch key mk4 49鍵
13413,akai professional MPC LIVE 動作問題なし　アカイ　サンプラー
13414,RME Babyface Pro FS オーディオインターフェース
13415,AKAI MPK mini MK3 MIDIキーボード　作曲　PC ソフト キーボードコントローラー
13416,Erica Synths 104hp × 2 モジュラーシンセ ケース 2x104 Aluminum Travel Case
13417,限定値下げGriffin's Claws　Shakmatモジュラーシンセユーロラック音源モジュール
13418,YAMAHA MK2 ヤマハ ライブストリーミングミキサー AG03 ブラック AG03MK2 オーディオインターフェイス
13419,YAMAHA AG03 MK2 Black(ブラック) 付属コード未使用
13420,KOMPLETE KONTROL M32 midiキーボード
13421,YAMAHA AG03
13422,Ableton Move + Live 12 lite
13423,MOTU828 現行モデル　おまけ付き
13424,UR22C スタインバーグ オーディオインターフェース STEINBERG DTM
13425,新品・未使用★MIDIキーボード用USB 2.0 ケーブル
13426,KORG nanoPAD2　MIDIコントローラー　USBケーブル付属
13427,KORG microKEY 61鍵 MIDIキーボード
13428,Roland BRIDGE CAST オーディオインターフェース 美品
13429,YAMAHA AG03MK2
13430,YAMAHA AG06MK2
13431,YAMAHA AG03 ミキシングコンソール
13432,Steinberg UR12 オーディオインターフェース 動作確認済
13433,audient製　オーディオインターフェース　evo4
13434,novation Launchkey 61 MK3 MIDIキーボード　値下げ不可
13435,AKAI professional EWI3000 ウィンドシンセサイザー
13436,【極美品】 AKAI Pro MPK mini MIDIキーボード アカイ 25鍵 USB MK3 ベロシティ対応8ドラムパッド
13437,【送料無料】KEYSTATION49 MK3 MIDIキーボード
13438,デックセイバー付　Roland TR-8S ローランド リズムマシン GROOVEBOX
13439,E-MU 0404 USB
13440,Roland BRIDGE CAST ONE Dual Bus Streaming Mixer 新品
13441,★ワイヤレスマイク2本セット★ YAMAHA ミキサー AG03MK2 B
13442,Novatinon Launchkey 49 MK4 美品
13443,M-Audio M-Track Duo 2 オーディオインターフェース
13444,PreSonus AudioBox iOne オーディオインターフェース
13445,ちゃんみな　ハレンチ
13446,MOTU M4 4in 4out USB オーディオインターフェース 国内正規品 ゲーミング iPhone/iPad
13447,YAMAHA AG03 MK2
13448,【肌ラボ】化粧水
13449,YAMAHA AG03 mk2
13450,Focusrite Saffire PRO 40
13451,ARTURIA KEYLAB 49 Essential
13452,Novation Impulse49 MIDIキーボード
13453,ほぼ新品 YAMAHA ヤマハ AG03MK2 ブラック
13454,AKAI MPK mini Professional
13455,elektron Model:Cycles ほぼ未使用
13456,MOTU 24Ao 24ch オーディオインターフェイス 未使用同様 AVB/Thunderbolt対応 完全品
13457,Elektron Analog Rytm MKII
13458,BEHRINGER XENYX Q502 ベリンガー オーディオインターフェース アナログミキサー
13459,Behringer STEPS 6ステージファンクションジェネレーター
13460,ゲーミングオーディオミキサー オーディオインターフェース ボイスチェンジ
13461,Intellijel Designs Pedal I/O 1U
13462,ROLI ( ローリー ) Seaboard BLOCK
13463,steinberg UR-RT2 マイクプリアンプ
13464,Steinberg スタインバーグ UR22C レコーディングセット オーディオインターフェース DTM 作詞作曲 歌ってみた
13465,MIDIオートフェーダー icon platform nano
13466,audio-technica AT-UMX3 オーディオテクニカ USBオーディオミキサー オーディオミキサー
13467,CME PRO 37鍵 薄型ワイヤレスBluetooth MIDIキーボード Xkey Air 37
13468,Roland TRI-CAPTURE UA-33 オーディオインターフェース
13469,YAMAHA オーディオインターフェース YAMAHA ホワイト オーディオインターフェース
13470,ZOOM MRT-3B Micro RhythmTrak
13471,【付属品完備】RME Babyface Pro FS オーディオインターフェース
13472,オーディオインターフェース UR22C 限定カラー
13473,YAMAHA MD4S 説明書
13474,ヤマハ QY100 カタログ 2000年12月発行 YAMAHA シーケンサー
13475,Alesis MIDIキーボード 32鍵 Qmini
13476,KORG microKEY AIR 49鍵 MIDIキーボードBluetooth
13477,オーディオインターフェース　Native instrumemts audio 4 dj
13478,【動作確認済】IK Multimedia iRig Pro I/O【オーディオインターフェース】
13479,ZOOM S2t USBオーディオインターフェース 【ジャンク品】
13480,YAMAHA オーディオインターフェース AG03MK２ B
13481,【良音】ギター ベース インターフェース Irig iPhone
13482,本日まで。ISLA Instrument S2400 サンプラー　極美品
13483,美品 TASCAM(タスカム) iXZ マイク ギターインターフェース
13484,ZOOM オーディオインターフェース U-22
13485,Roland　MIDIプロセシング super MPU64
13486,新品・未使用★MIDIキーボード用USB 2.0 ケーブル
13487,KOMPLETE 15 Standard Native Instruments
13488,Tahorng Piano Engine PEK32s
13489,Steinberg スタインバーグ IXO12 B USBオーディオインターフェース イグゾー ブラック
13490,【早い者勝ち】UR22C スタインバーグ オーディオインターフェース STEINBERG DTM
13491,【値下げ】RME Babyface Pro FS オーディオインターフェース　XLRメス-RCA3mケーブル付き
13492,【中古美品】Universal Audio VOLT 1 オーディオインターフェース
13493,Duangu MIDIコントローラー ストライクパッド RGBバックライト MIDIキーボード BT接続 低レイテンシー
13494,MOTU M2 オーディオインターフェース
13495,YAMAHA AG03 mk2
13496,CreativeMedia SoundBlaster AE-5
13497,PreSonus AUDIOBOX USB 96 オーディオインターフェース
13498,Roland Rubix22 オーディオインターフェース
13499,YAMAHA コンピューターレコーディングシステム AUDIOGRAM6
13500,AKAI APC64 ケーブル欠品あり MIDIコントローラー
13501,MOTU モツ 828X 28x30 オーディオインターフェース
13502,YAMAHA AG03MK2 オーディオインターフェース
13503,YAMAHA QR10 電源アダプター付属 送料無料 サンプラー
13504,【未使用品】Steinberg UR22C ARIA AMC-1000 セット
13505,PRO-800　ラック用コード類新品
13506,【美品】Focusrite Scarlett 2i2 3rd フォーカスライト スカーレット オーディオインターフェース　配信機材
13507,【美品】TASCAM iXZ（マイク＆ギター インターフェース）
13508,Steinberg cubase7.5 アカデミック版
13509,M-Audio MIDIキーボード Keystation49 MK3とSP-2
13510,【2個】オートクリッカー　ゲーム・Tiktokの物理的連打に　iPhone対応【新品未開封】
13511,※箱無し※【3個】オートクリッカー　ゲーム・Tiktokの物理的連打に　iPhone対応【新品未開封】
13512,PRESONUS ( プレソナス )AudioBox iOne USBオーディオインターフェイス
13513,【1個】オートクリッカー　ゲーム・Tiktokの物理的連打に　iPhone対応【新品未開封】
13514,【希少】KORG PSS-50 グルーブボックス SUPER SECTION
13515,TASCAM MINISTUDIO CREATOR オーディオインターフェース US-42
13516,KORG microKEY-25 MIDIキーボード
13517,YAMAHA AG03 ヤマハ オーディオインターフェース
13518,プレイテック　PRM100
13519,Steinberg UR12
13520,RME Babyface Pro FS
13521,AKG ヘッドフォン K240MK2
13522,AKAI MIDIコントローラー apc 40
13523,ONKYO SE-300PCIE WAVIO PCIeデジタルオーディオボード ハイレゾ音源対応
13524,【ジャンク品】【不具合あり】UNIVERSAL AUDIO APOLLO SOLO USB Heritage Edition
13525,Ableton Live 12 Suite 通常版 正規品 DTM教本 セット
13526,fifine sc3
13527,Steinberg UR22mk2 オーディオインターフェース
13528,YAMAHA AG03MK2
13529,YAMAHA AG03MK2 ブラック ライブストリーミングミキサー
13530,RME Digiface Dante オーディオインターフェース(2日後にオークションへ移行します)
13531,ARTURIA ( アートリア ) / KEYLAB 61 MIDIキーボード
13532,Native Instruments MASCHINE MIKRO MK3 ネイティブインストゥルメンツ MIDIコントローラ
13533,YAMAHA AG03 オーディオインターフェース ライブストリーミングミキサー
13534,[完動美品]OTO Machines BIM & BAMセット Decksaver付
13535,5.ワッフル服いちごセット
13536,Arturia MINILAB 3 MIDIキーボードコントローラー ホワイト
13537,zoom u-22 オーディオインターフェイス
13538,UNIVERSAL AUDIO VOLT 276 USB Recording Studio
13539,CUBASE AI ダウンロードアクセスコード
13540,BOSS DIGITAL DELAY RDD-20（本体＋純正アダプター付き）
13541,BOSS DIGITAL DELAY RDD-20（本体＋純正アダプター付き）
13542,sp404sx サンプラー
13543,ZOOM U-44 Handy Audio Interface
13544,Mackie Big Knob Studio オーディオインターフェース USB
13545,Torso T-1
13546,Type-c から プリンタ用ケーブル変換(USB-B) アダプタ　(珍しい) 動作確認済
13547,Intellijel Cascadia用パッグ☆モジュラーシンセ☆Eurorack
13548,ほぼ新品 YAMAHA AG03MK2 ブラック
13549,Roland A-300PRO MIDIキーボードコントローラー シンセサイザー ローランド MIDIキーボード　ピアノ
13550,ZOOM ST-224 サンプラー スマートメディア、電源アダプター付属 送料無料
13551,4日まで限定出品 美品フルセットGraphicResonantFB&Expander モジュラーシンセユーロラック
13552,BOSS SP-303 Dr. Sample サンプラー 現状品
13553,Roland ローランド DUO-CAPTURE EX MODEL :UA-22
13554,nord drum バーチャルアナログ ドラムシンセサイザー
13555,【未確認】 CASIO カシオミュージカルインフォメーションシステム FD-1
13556,インスタコード　INSTACHORD IC-30 BK ケース、ハードウェアアップデートキット付
13557,Arturia MINILAB 3 MIDIキーボードコントローラー ホワイト
13558,Focusrite Saffire Pro 24 動作確認済み
13559,【未使用】Roland GO:MIXER PRO ローランド　ミキサー　プロ　オーディオインターフェイス スマートフォン用
13560,Novation LAUNCHKEY MINI37 mk4 white MIDIキーボード
13561,ベースステーション2 ２個セット
13562,YAMAHA AG03 MK2
13563,RME Fireface UCX AR+ オーディオインターフェイス Advanced Remote Control
13564,希少 美品 動作◎ M-AUDIO Axiom Pro 25 USB MIDI コントローラー 25鍵 キーボード
13565,Novation Launchkey37 MK3 MIDIキーボードコントローラー 37鍵
13566,Antelope audio Zen go synergy core 本体のみ
13567,美品 RME Babyface Pro FS インターフェイス 国内正規品
13568,KORG micro KEY-25 MIDIキーボード USB　＆　i-phone接続用キット
13569,Roland A-500s midiキーボード roland dp-2 付属
13570,KORG microKEY-25 MIDIキーボード 25鍵盤
13571,KORG microKEY-37 MIDIキーボード 37鍵
13572,TASCAM US-144MKII オーディオインターフェース
13573,TASCAM オーディオインターフェイス　US-2×2 本体のみ中古品
13574,IK MULTIMEDIA iRig Keys 25 25鍵ミニ鍵盤 USB MIDIキーボードコントローラー
13575,Line6 POD Studio UX1
13576,RME ADI-2/4 Pro SE
13577,AUDIENT iD4mkⅡ
13578,Steinberg スタインバーグ 2x2 USB2.0 24bit/192kHz オーディオインターフェース UR22mkII
13579,ANTELOPE AUDIO Discrete 4 Pro Synergy Core
13580,【動作確認済】KORG サンプラー ELECTRIBE 2S ACアダプター付
13581,Kick1　風脚　モジュラーシンセ　lleqpue9
13582,EDIROL UA-3FX オーディオキャプチャー
13583,IK multimedia iRig BlueBoard
13584,Digidisign Eleven Rack アンプシミュレーター オーディオインターフェース マルチエフェクター イレブンラック
13585,ARTURIA Keystep 37 MIDIコントローラー
13586,Roland Rhythm Performer TR8S ローランドドラムマシン
13587,オーディオインターフェース Steinberg UR22
13588,サウンドカード ボイスチェンジャー ミキサー V8S
13589,YAMAHA ヤマハ AG03-MIKU ライブストリーミングミキサー
13590,Presonus オーディオインターフェイス STUDIO 26c 難あり品
13591,SONICWARE SmplTrek サンプラー (SDカード、ACアダプター付属)
13592,YAMAHA AG03 ミキサー
13593,YAMAHA AG03 ミキシングコンソール ホワイト
13594,期間値下げセールRME Babyface Pro FS
13595,Elektron Digitakt
13596,KIOXIA キオクシア 旧東芝メモリ USBメモリ 128GB USB3.0対応 2個セット
13597,YAMAHA QY70 ヤマハ シーケンサー　ACアダプター付き
13598,ZOOM RhythmTrak RT-123 リズムマシン
13599,中古 YAMAHA AUDIOGRAM6 オーディオインターフェース
13600,新品未開封 Topping e2x2 OTG ホワイト
13601,E-mu VINTAGE KEYS Plus 音源モジュール
13602,【名機】サンプラー Roland SP-404SX ローランド 付属品多数
13603,Focusrite Scarlettt 2i2（gen.4） 【超美品】
13604,ZOOM ST-224 サンプラー
13605,YAMAHA「UX-16」USB-MIDIインターフェース・ケーブル
13606,Roland SC-55ST（ジャンク品）
13607,Audient. EVO16
13608,TASCAM Series102i
13609,Roland SC-55K（ジャンク品）
13610,UNIVERSAL AUDIO VOLT1
13611,Rolandミュージ郎300 （CM-300+MPU-PC98Ⅱ）ジャンク品
13612,Roland BRIDGE CAST X
13613,値下げしました　KORG KR mini リズムマシン
13614,KORG ELECTRIBE ES-1 エレクトライブ　サンプラー　美品　マニュアル付属
13615,KORG KR mini コルグ リズムマシン
13616,KORG (コルグ) ワイヤレス MIDI キーボード コントローラー microKEY2 Air
13617,KORG Kaoss Pad KP3 Dynamic Effect/Sampler
13618,【貴重】Make Noise Pressure Points & Brains【ユーロラック】モジュラーシンセ
13619,カシオ (CASIO) ワイヤレス MIDI & AUDIO アダプター WU-BT10 ブラック
13620,KORG ( コルグ ) / microKEY2-25 AIR MIDIキーボード ワイヤレス 25鍵
13621,PreSonus FADERPORT DAWコントローラー
13622,【美品】Teenage Engineering PO-33 K.O! シリコンケース付き ポケットオペレーター
13623,【美品】UM2 U-PHORIA　オーディオインターフェース
13624,Steinberg UR22mkII USBオーディオインターフェース
13625,アイデックス ハイパーグルーヴ5 デジタルフレーズデータライブラリー Idecs Hyper Groove
13626,モジュラーシンセケース　DIYセット　84HP
13627,Komplete Ultimate 14
13628,YAMAHA AG06MK2 ホワイト 6chライブストリーミングミキサー
13629,マリンゴールド 様 KORG コルグ ELECTRIBE ER-1 リズムマシン
13630,behringer LM DRUM
13631,Roland Bridge Cast Black
13632,MOTU M2 動作確認済み
13633,N/I KOMPLETE AUDIO オーディオインターフェース NATIVE INSTRUMENTS
13634,かんぷれ フルセット（ M5Stack CoreS3 SE付）限定カラー
13635,steinberg UR12 USBオーディオインターフェース
13636,ローランド BRIDGE CAST
13637,elektron digitone Ⅱ & デッキセイバー付き
13638,PreSonus FaderPort DAWコントローラー
13639,KIOXIA キオクシア 旧東芝メモリ USBメモリ 128GB USB3.0対応 2個セット
13640,ARTURIA BEATSTEP PRO Black + Decksaver
13641,Randomachine Randomiser by United Plugins
13642,Doepfer A-124 VCF5 Wasp Filter モジュラーシンセ
13643,東芝 TOSHIBA dynabook R63 交換バッテリー PA5136U-1BRS
13644,RME BF2MIDIBOC MIDIケーブル
13645,YAMAHA TX7 (DX7 音源モジュール)
13646,st-224 サンプラー　美品
13647,Focusrite Scarlett Solo 3rd Gen オーディオインターフェース
13648,Roland Sound Canvas SC-88 Pro　音源モジュール
13649,KORG nano KONTROL MIDIコントローラー本体のみコルグma-30 メトロノームおまけ付き
13650,RME ADI-2 DAC FS
13651,【メンテナンス済、Firewire増設カード付属】RME Fireface 800
13652,iLok 2 USB Key(未使用品)
13653,UCA222 U-CONTROL オーディオインターフェース BEHRINGER
13654,FOCUSRITE ( フォーカスライト )Scarlett Solo (gen. 4)
13655,朝まで RME Multiface AE オーディオインターフェース
13656,【未使用】M-VAVE / MS1 ワイヤレスMIDIアダプター
13657,ONKYO WAVIO SE-U33GX USBデジタルオーディオプロセッサ
13658,Arturia MiniLab MkII 25スリムキー　MIDIコントローラー
13659,audio-technica AT-UMX3 オーディオインターフェース
13660,美品 動画確認済 SP-404SX Roland ローランド サンプラー SAMPLER
13661,M-AUDIO Keystation 49 MK3 MIDIキーボード
13662,MIDIキーボード SMK25
13663,Roland Rubix24 USBオーディオインターフェース ジャンク
13664,【未使用品】YAMAHA AG03MK2 ホワイト 3ch ウェブキャスティングミキサー
13665,【ジャンク】 「YAMAHA MDMIキーボード SK1XG」 簡易チェックのみ 付属品なし 日本製 ヤマハ KEYBOAD
13666,SONICWARE LoFi-12 XT サンプラー シーケンサー
13667,【VCF名機】7/15発送 Intellijel Designs uVCF μVCF【ユーロラック】モジュラーシンセ
13668,BEHRINGER ベリンガーUMC22 U-PHORIA オーディオインターフェース | USB インターフェース DTM
13669,MAONO CASTER AME2 オーディオインターフェイス XLR端子 ギター ベース接続可 配信用ミキサー
13670,mpk61 キーボードサンプラーMIDIコントローラー　アカイ　mpc akai
13671,ZOOM RT-123 リズムトラック★動作確認済★絶版名機!!
13672,FADERPORT PreSonus プレソナス FaderPort
13673,Pro Tools 11 Software徹底操作ガイド
13674,ZOOM MRT-3 マイクロ リズムトラック★動作確認済★絶版名機!!
13675,Steinberg UR22C オーディオインターフェイス
13676,スタインバーグ オーディオインターフェース UR22C
13677,M-Audio USB MIDIキーボード 61鍵 Keystation61
13678,【極美品】ZOOM LiveTrak L-8 専用バッグ(CBL-8)付き デジタルミキサー / マルチトラックレコーダー
13679,美品 Roland ローランド A-49 MIDI キーボード
13680,Behringer TD-3 RD-6 BK ブラック ベリンガーシンセサイザー　アナログシンセ リズムマシン Roland
13681,cubase Pro 11 USB-eLicenser
13682,YAMAHA AG03MK2 ホワイト ヤマハ AG03
13683,2個セット ディスプレイボード 26cm モニタ上収納 棚 ラック 小物置き テレビ スタンド
13684,MOTU M2 オーディオインターフェース
13685,Roland BRIDGE CAST X ローランド ブリッジキャストエックス
13686,ローランド Roland WAVE EXPANSION BOARD Supreme Dance SRX-05
13687,CHOCOLATE PLUS Wireless Midi Pedal 新品未開封
13688,AKAI Professional MPK mini MK3 MIDIキーボード
13689,Steinberg UR12 USBオーディオインターフェース
13690,Roland TR-8S ドラムマシン
13691,Novation Launchpad X MIDIコントローラー
13692,AUDIENT iD14mkII オーディオインターフェース
13693,【アカウント譲渡】bitwig studio フルバージョン【10月までアップデート付き】
13694,Roland SC-D70 Sound Canvas Digital MIDI 音源モジュール 電源コード 取扱説明書付
13695,オーディオインターフェイス スマホ配信 多機能 Bluetooth接続 ボイスチェンジャー
13696,Roland QUAD-CAPTURE UA-55 オーディオインターフェース USBケーブル 元箱付
13697,KIOXIA キオクシア 旧東芝メモリ USBメモリ 128GB USB3.0対応 2個セット
13698,基礎からわかるCubase AI 10/LE 10
13699,MOTU 24Ao
13700,YAMAHA AG03MK2
13701,M7143 Roland R-8 MKⅡ HUMAN RHYTHM COMPOSER
13702,【動作確認済】Steinberg USBオーディオインターフェース UR24C
13703,FIFINE AmpliGame SC3W オーディオインターフェース 白
13704,OM-108 SUZUKI スズキ オムニコード 電子楽器
13705,iPhone　iPad用エフェクター　iRigです。
13706,お買い得！未使用状勢DoepferA-171-2モジュラーシンセユーロラック音源モジュール
13707,最終値下げMultiMod Make Noiseモジュラーシンセユーロラック音源モジュール
13708,CUBACE AI ダウンロードアクセスコード パッケージ版
13709,新品 midiフットスイッチ M-vave chocolate Plus
13710,TASCAM US-2x2HR
13711,ZOOM UAC-2 オーディオインターフェース ACアダプター付属
13712,Roland TRI-CAPTURE 他 まとめ売り
13713,M-AUDIO Keystation Mini 32 MK3 MIDIキーボード DTM MIDIコントローラー　値下げ不可
13714,NATIVE INSTRUMENTS MASCHINE MK3
13715,ディスプレイボード 26cm モニタ上収納 棚 ラック 小物置き テレビ スタンド
13716,M7169 Roland TR-606 ドラムマシン リズムマシン ローランド
13717,M7171 ROLAND/音源モジュール　SOUND　CANVAS SC-55ST 通電のみ
13718,【美品・ソフト未登録】TASCAM SERIES 208i オーディオインターフェイス
13719,DONNER MIDI KEYBOARD DMK-25 PRO MIDIキーボード
13720,Antelope audio discrete4/オーディオインターフェイス
13721,MAONO MAONOCASTER LITE (AU-AM200-S6)
13722,Native Instruments Komplete Kontrol S88 mk2 MIDIキーボード 88鍵
13723,YAMAHA AG06 オーディオインターフェース　 ミキサー
13724,ELECTROGRAVE QUAD OSCILLATOR QO-1 ノイズマシン　シンセサイザー
13725,KORG Volca Beats リズムマシン ACアダプター付き
13726,Native Instruments MASCHINE MK3
13727,ZOOM RhythmTrak RT-323 リズムマシン ★絶版名機!!
13728,Steinberg スタインバーグ 2x2 USB2.0 24bit/192kHz オーディオインターフェース UR22mkII
13729,YAMAHA AG03MK2 ライブストリーミング ミキサー
13730,Steinberg UR22mkII オーディオインターフェース【新品・未開封】
13731,umc404hd BEHRINGER オーディオインターフェース ベリンガー UMC404HD
13732,オーディオインターフェイス スマホ配信 多機能 Bluetooth接続 ボイスチェンジャー
13733,2個セット ディスプレイボード 26cm モニタ上収納 棚 ラック 小物置き テレビ スタンド
13734,U-Control UCA222 beheinger ベリンガー
13735,【新品同様】【値下げ交渉不可】NOVATION ( ノベーション )Launchpad Mini MK3 MIDIコントローラー
13736,ベリンガー BEHRINGER td-3 mo
13737,オーディオインターフェース Steinberg スタインバーグ UR242
13738,YAMAHA AG03 オーディオインターフェース マイクセット
13739,steinberg UR12 USBオーディオインターフェース　本体とケーブルのみ　美品
13740,【中古品】TASCAM MiNiSTUDIO CREATOR US-42W（元箱に汚れ破れあり）
13741,EDIROL UA-25 オーディオインターフェース変換ケーブル　最終値下げ
13742,正規品　CUBASE PRO 12 通常盤
13743,STEINBERG 　スタインバーグ 　UR22C オーディオインターフェイス
13744,【特価】Roland ショルダーキーボード MIDIキーボード AX-1 通電確認済み
13745,KEYLAB ESSENTIAL49
13746,Roland　ローランド　XV-5050　音源モジュール　動作品
13747,YAMAHA AG03 オーディオインターフェース
13748,M-AUDIO M-TRACK SOLO オーディオインターフェース USB
13749,【動作確認済】TC HELICON 配信用USBオーディオインターフェイス GO XLR
13750,【動作確認済】名機 BOSS Dr.Rhythm DR-880 リズムマシン
13751,Teenage Engineering EP-133 K.O.II グッズセット
13752,【美品】UNIVERSAL AUDIO VOLT 1 オーディオインターフェイス
13753,MOTU M2 オーディオインターフェイス
13754,MAONO AMC2 NEO
13755,YAMAHA PLG150-VL Virtual Acoustic プラグインボード
13756,YAMAHA SU700 サンプラー 動作確認済 希少品 ヤマハ
13757,未使用品！Behringer RD-9 リズムマシン
13758,未開封品！Behringer LM Drum サンプラー/ドラムマシン
13759,KORG MIDIキーボード microKEY2 49鍵 MICROKEY2-49 microkey コルグ 動作確認済 ミニ鍵盤
13760,UR22C オーディオインターフェース Steinberg スタインバーグ
13761,MORNINGSTAR MC6 Pro MIDIコントローラー
13762,YAMAHA AG03 オーディオインターフェース
13763,Apple Thunderbolt-FireWireアダプタ、Thunderbolt3 (USB-C) /2 アダプタ セット
13764,Steinberg スタインバーグ UR22mkII オーディオインターフェイス
13765,NATIVE INSTRUMENTS　Kontrol S49 MK3
13766,AKAI mpc key37
13767,Roland TR-6S Rhythm Performer
13768,Behringer RD-78 リズムマシン
13769,Roland TR-08 Rhythm Composer
13770,Steinberg UR12 USBオーディオインターフェイス
13771,Roland SOUND Canvas SC-88 MIDI音源モジュール
13772,BEHRINGER B-CONTROL NANO BCN44 MIDI controller
13773,M-AUDIO Axiom air MINI 32
13774,Ableton エイブルトン Push2 MIDIコントローラー 美品
13775,ドンカマティック(ドンカマ) MINI POPS JUNIOR
13776,即購入OK ZOOM R4 MultiTrak 32bitフロート録音 歪まないマルチトラックレコーダー
13777,AT-UMX3 audio-technica オーディオインターフェース
13778,Zoom AMS-24 オーディオインターフェース
13779,Ableton MOVE
13780,BOSS RC-505mkII LOOP STATION ルーパー
13781,YAMAHA AG03 MK2 ブラック
13782,Behringer LM Drum サンプラー/ドラムマシン
13783,YAMAHA ヤマハ AG03MK2 オーディオインターフェイス ブラック 黒 配信機材 オーディオインターフェース
13784,KOMPLETE S49 キーボード Native Instruments
13785,M-AUDIO KEYSTATION49 MK3
13786,Roland INTEGRA-7 サウンドモジュール
13787,YAMAHA AG03
13788,ループステーション RC-505 mkⅡ LOOP STATION｜BOSS
13789,Steinberg UR22 本体・USBのみ　中古品
13790,YAMAHA AG06 ウェブキャスティングミキサー ホワイト
13791,audio-technica AT-UMX3 オーディオテクニカ オーディオインターフェース
13792,AKAI professional MPC X Special Edition
13793,期間限定値下げ中！未使用品！Behringer RD-8 mk2 リズムマシン アップデート版
13794,YAMAHA AG03MK2 ヤマハ ミキサー ライブストリーミングミキサー AG03 MK2 音響機材
13795,YAMAHA AT03 mk2＋AT2040
13796,美品 AMS-22 ZOOM 小型超軽量 オーディオインターフェース DTM 録音 配信　DTM
13797,Focusrite Scarlett 2i2 Studio (2nd Gen)
13798,MASCHINE MK3 Native Instruments
13799,M-WAVE SMC-PAD 新品未使用品
13800,ヤマハ(YAMAHA) ライブストリーミングミキサー 3チャンネル ホワイト AG03MK2 W
13801,週末限定値下げ！novation launchkey49 mk4
13802,M-Audio Keystation 61 MK3 midiキーボード
13803,専用　5台　Plinky synth V3 タッチ式高機能シンセサイザー モジュラーシンセ ユーロラック ドローンmonome
13804,美品　MIDIキーボード　DONNER DMK-25 PRO
13805,最終値下げ!! Arturia アートリア MiniFuse 1 オーディオインターフェイス (訳あり)
13806,FOCUSRITE Scarlett solo Gen3
13807,YAMAHA AG03 配信 収録セットAT2020
13808,fifine k688 ダイナミックマイク　usb xrl
13809,Roland D-05 Linear Synthesizer
13810,Roland WM-1D Wireless MIDI Dongle
13811,LYNX AES16e-SRC PCI Express オーディオインターフェース
13812,MOTU M2 オーディオインターフェース
13813,KAWAI MAV-8 MIDIパッチベイ
13814,TASCAM US-16x08 オーディオインターフェース
13815,【ジャンク】M-Audio MIDIキーボード　keystation49 mk3 USB
13816,Two notes Torpedo Captor 8
13817,Korg drumlogue
13818,【動作確認済み】KORG nanoKONTROL2 nanoPAD2 nanoKEY2セット
13819,Steinberg UR22 オーディオインターフェイス USB D-PRE搭載 高音質モデル DTM 宅録 音楽制作 配信機材
13820,Melo Audio メロオーディオ MIDI Commander MIDIフットコントローラー
13821,APOGEE duet 3 /アポジー オーディオインターフェース　デュエット
13822,TASCAM US-200 オーディオインターフェース
13823,Buchla 261e アナログオシレーター モジュラーシンセ
13824,IK Multimedia AXE I/O Solo オーディオインターフェース
13825,AKAI LPK 25 MIDIキーボード
13826,ZOOM RT-123 リズムマシン　※純正アダプタ付属
13827,Steinberg スタインバーグ 22 USB2.0 24bit/192kHz オーディオインターフェース UR22mkII
13828,【完動品】Roland TRI-CAPTURE UA-33
13829,zoom ams-24 オーディオインターフェース
13830,YAMAHA AG03 mk2(中古品)
13831,Novation Launchkey 49 MIDIキーボード
13832,IK Multimedia iRig Keys 2 pro 37鍵 フルサイズ鍵盤 MIDIキーボード 動作確認 USB MIDI
13833,BOSS SP-202 サンプラー Roland s2m-5付き
13834,KORG コルグ 01R/W 音源モジュール シンセサイザー
13835,Elektron Model:Cycles シンセサイザー　純正箱付き
13836,Elektron Model:Samples 純正箱付き
13837,Jomox MBase11 アナログベースドラムモジュール
13838,Steinberg UR22 オーディオインターフェイス USB D-PRE搭載 高音質モデル DTM 宅録 音楽制作 配信機材
13839,mekko 様専用　pt 1点
13840,エスプリーク　シンクロフィットパクトEX OC-405レフィル
13841,MultiMod Make Noiseモジュラーシンセユーロラック音源モジュール
13842,[9時までタイムセール] MOTU M2 オーディオインターフェース USB
13843,ローランド BRIDGE CAST
13844,AGO3mk2
13845,Steinberg UR22 オーディオインターフェース
13846,2個セット ディスプレイボード 26cm モニタ上収納 棚 ラック 小物置き テレビ スタンド
13847,UAD Apollo Twin Solo MK2
13848,AUDIENT ( オーディエント )iD4mkII /オーディオインターフェイス
13849,Roland SRX-07 Ultimate Keys [SR-JV80 Collection Vol.2]
13850,Roland SRX-06 Complete Orchestra [SR-JV80 Collection Vol.1]
13851,Roland SRX-08 Platinum Trax [SR-JV80 Collection Vol.3]
13852,YAMAHA AG03 mk2 ウェブキャスティングミキサー
13853,ディアボーテ HIMAWARI リペアミルク 2個セット
13854,Steinberg UR22C オーディオインターフェイス
13855,ヤマハ YAMAHA オーディオインターフェース AG03MK2W 3チャンネル DJミキサー ミキシングコンソール
13856,ZOOM TAC-2R　 オーディオインターフェイス　Thunderbolt接続
13857,HAGIWO MOD1 MOD2 2台セット　DIYドラム音源モジュール　モジュラーシンセ　ユーロラック
13858,behringer UM2 pc用オーディオインターフェース
13859,Native Instruments KOMPLETE KONTROL M32 MIDIキーボード
13860,【箱、ケーブル、取説有り】M-AUDIO Keystation Mini 32 MK3 MIDIキーボード
13861,IK Multimedia iRig2 モバイルギターインタフェース
13862,【美品】CREATIVE sound BLASTER X G6 USB オーディオインターフェース　サウンドブラスター　通電確認済
13863,NATIVE INSTRUMENTS MASCHINE MK3
13864,新品未使用品ヤマハ YAMAHA ライブストリーミングミキサー 6チャンネル ホワイト AG06
13865,新品未開封 Topping e2x2 OTG ホワイト オーディオインターフェース
13866,Landscape noon (グリーン)
13867,KORG ELECTRIBE SX 真空管サンプラー ESX-1 純正AC付
13868,☆美品YAMAHA AG03MK2☆
13869,完全未使用 YAMAHA AG03 ミキシングコンソール オーディオインターフェース
13870,AKAI LPK25 MIDIキーボード
13871,STEINBERG　USBオーディオインターフェイス　　UR22C Green
13872,Roland S-550 SEQUENCER PACKAGE 3枚セット　オーナーズキー付
13873,IXO12W Steinberg スタインバーグ オーディオインターフェイス
13874,PreSonus Quantum2 Thunderboltオーディオインターフェース
13875,AKAI MPK mini MIDIキーボード
13876,Roland JD-990用 反転液晶ディスプレイ（ハイコントラスト・LEDバックライト）
13877,strymon CONDUIT MIDIハブ
13878,Native Instruments KOMPLETE KONTROL A61 HW
13879,PreSonus ATOM
13880,xkey 37 CME MIDIキーボード 37鍵
13881,Arturia KeyLab 61 mk2
13882,NOVATION Circuit Tracks グルーブボックス
13883,【美品、豪華付属品】RME FIREFACE802＆MOTU896MK3セット
13884,RME Fireface UCX オーディオインターフェイス 国内正規品
13885,日曜日まで限定価格 QPAS Make Noiseモジュラーシンセユーロラック音源モジュール
13886,Roland SR-JV80-15 Special FX Collection (SFX)
13887,Steinberg UR22C
13888,Steinberg UR22mkII
13889,Native Instruments KOMPLETE KONTROL M32
13890,TASCAM USBオーディオインターフェース　US-1x2HR
13891,KORG (コルグ) MIDIキーボード microKEY2 37鍵盤
13892,ヤマハ YAMAHA ウェブキャスティングミキサー オーディオインターフェース 3チャンネル AG03
13893,AG03MK2 AT2020 マイクアーム ケーブル セット
13894,Irig
13895,KORG コルグ nanoKONTROL2 MIDIコントローラー
13896,Steinberg UR12 オーディオインターフェイス
13897,IK Multimedia Miroslav Philharmonik 2 CE (オンライン納品)
13898,MOTU M4 オーディオインターフェース 本体、ケーブルのみ
13899,Roland Rubix24 オーディオインターフェース
13900,Steinberg Absolute 6 総合音源（ライセンス譲渡）
13901,BOSS Dr.Beat DB-90 メトロノーム ドラムマシン
13902,AG03MK2 YAMAHA 音響機材 ミキシングコンソール ライブストリーミングミキサー ヤマハ オーディオインターフェース
13903,【動作良好・整備済み】MOTU M2 オーディオインターフェイス 単品
13904,YAMAHA AG03 MK2 BK
13905,【美品】MOTU M2 オーディオインターフェース
13906,YAMAHA ウェブキャスティングミキサー AG03-MIKU 初音ミクコラボモデル
13907,AKAI MPK mini MIDIキーボード
13908,CASIO XW-PD1 パフォーマンスパッド レッド
13909,Roland SR-JV80-01 Pop
13910,MACKIE マッキー Onyx Producer 2.2
13911,Akai Pro MPK mini mk3 special edition black
13912,ベリンガー USBオーディオインターフェイス UMC204 オーディオインターフェース 配信機材 音楽機材
13913,MOTU M4 オーディオインターフェース/箱付き/tpye-c付属
13914,Steinberg UR22C オーディオインターフェース
13915,TASCAM IXZ
13916,YAMAHA AG03 オーディオインターフェース
13917,YAMAHA AG03MK2 オーディオインターフェース
13918,MOTU M2 オーディオインターフェイス
13919,iRig2
13920,audio-technica AT-UMX3
13921,Steinberg UR22C オーディオインターフェース
13922,M-AUDIO Keystation MK3 MIDIキーボード
13923,BEHRINGER U-CONTROL UCA222 オーディオインターフェース
13924,PreSonus Studio 68c オーディオインターフェース
13925,配信機材 AG03MK2 YCM01マイク、YH-MT1、マイクスタンドなどセット
13926,新品未開封 Topping e2x2 OTG ホワイト オーディオインターフェース
13927,AKAI professional MPK mini MIDIキーボード
13928,Native Instruments MASCHINE MK3 グルーヴ制作システム
13929,NOVATION (ノベーション) Launchkey 61 MK4 MIDIキーボード 美品
13930,未開封 CUBASE Pro
13931,M-VAVE Chocolate Plus Wireless MIDI Controller MIDI コントローラー
13932,iCON D-4T
13933,YAMAHA AG03 ウェブキャスティングミキサー オーディオインターフェース 3チャンネル
13934,Focusrite Scarlett 2i2 オーディオインターフェース
13935,Spectrasonics Keyscape
13936,ヤマハ(YAMAHA) ライブストリーミングミキサー 3チャンネル ホワイト AG03MK2 W
13937,M-Audio USB オーディオインターフェース DTM DAW 低ノイズ ライブ配信 再生 宅録 M-Track Duo
13938,☆ APOGEE BOOM オーディオインターフェイス 中古美品 ☆
13939,YAMAHA ヤマハ AG03MK2 AT2020 高音質配信セット コンデンサーマイク
13940,ZOOM TAC-2R Thunderbolt Audio Converter
13941,Focusrite Scarlett 2i2 オーディオインターフェース
13942,CUBACE AI ダウンロードアクセスコード パッケージ版
13943,UR12 Steinberg オーディオインターフェース
13944,KORG nanoKONTROL2 nanoPAD2 nanoKEY2 中古　動作確認済み
13945,Roland MC-101 GROOVEBOX
13946,Ableton Push3 コントローラー版 美品
13947,RME Fireface UC オーディオインターフェース
13948,未開封品！Behringer LM Drum サンプラー/ドラムマシン
13949,steinberg ur22c 限定カラー オーディオインターフェース
13950,Native Instruments MASCHINE プラス　定価15万相当
13951,Zoom UAC-2 USB3.0 オーディオインターフェース
13952,新品同様 動作確認済み DigitalLife USB MIDI インターフェース ケーブル
13953,M audio keystation mini 32 mk3
13954,Hikari Instruments Atten/Mixer ミキサーモジュール ミュートスイッチ
13955,Shakmat Modular Clock O'Pawn MK1 クロックジェネレーター
13956,Focusrite Scarlett 2i2 第4世代 USBオーディオインターフェース
13957,Intellijel Audio I/O レベル変換 ステレオ入出力モジュール
13958,【9点セット】YAMAHA AG03 MK2 +未使用マイク+スタンド+ケーブル
13959,FIFINE ゲーミングオーディオミキサー オーディオインターフェース SC3W XLRケーブル付き
13960,ローランド オーディオインターフェース　UA-55　8/8以降、帰省の為発送遅れます。
13961,TOPPING PRO(トッピングプロ) / E2x2 White(ホワイト)
13962,期間限定値下げ中！Doepfer A-100 PBK キーボード付きユーロラックケース
13963,【箱、ケーブル、取説有り】Steinberg UR22 オーディオインターフェース
13964,KEYSTEP MIDIキーボード　ARTURIA
13965,YAMAHA AG06 MK2 オーディオインターフェース
13966,[美品]M-AUDIO Keystation Mini 32 MK3 MIDIキーボード
13967,YAMAHA AG06 MK2
13968,Roland MIDIキーボード A-49
13969,HAGIWO MOD1 MOD2 2台セット　DIYドラム音源モジュール　モジュラーシンセ　ユーロラック
13970,Roland SRX-05 Supreme Dance エクスパンションボード
13971,PreSonus AUDIOBOX iOne オーディオインターフェース
13972,M-AUDIO KEYSTATION MINI 32 MK3 MIDIキーボード
13973,美品 Alesis Q49 USB MIDIキーボード
13974,【完動】Roland SC-88 MIDI音源モジュール ※これ以上値下げできません
13975,★☆★ 【新品動作確認のみ】MOTU M2 オーディオインターフェース ★☆★
13976,【美品】USBオーディオインターフェイス MOTU M２
13977,ZOOM MRT-3 マイクロ リズムトラック★動作確認済★絶版名機!!
13978,Apogee Duet 3 オーディオインターフェイス 美品 動作確認済み
13979,TASCAM iXZ MIC & GUITAR INTERFACE オーディオインターフェース
13980,【sch※さん専用】UR22C オーディオインターフェイス スタインバーグ Steinberg
13981,Steinberg　 UR22C　 オーディオインターフェース
13982,M-AUDIO M-TRACK DUO オーディオインターフェイス
13983,Roland SP-404 サンプラー
13984,新品 midiフットスイッチ M-vave chocolate Plus
13985,Steinberg UR12 オーディオインターフェース
13986,BRIDGE CAST Roland オーディオインターフェース 配信
13987,Roland UM-ONE-MK2 USB MIDIインターフェイス
13988,YAMAHA ヤマハ AG03 ag03mk2
13989,YAMAHA AG03 完動品
13990,Steinberg UR22 mk2
13991,！激レア！　初音ミク　V4X V4C パッケージ版　中国語版 ディアクティベート済み　キーホルダー セット
13992,新品未開封 2025年製 Q03UDVCPU CPUユニット 三菱電機
13993,Akai FIRE FL studio専用midiコン 送料無料
13994,teenage engineering po-33 ko
13995,motu m4
13996,YAMAHA AG03 ウェブキャスティングミキサー オーディオインターフェース AG03MK2
13997,US-42 オーディオインターフェース
13998,BOMGE BMG22 オーディオインターフェース
13999,NOVATION ( ノベーション ) / Launchpad Pro MK3
14000,TASCAM タスカム　US-144MKII USB2.0 オーディオインターフェース　中古美品！動作確認済！
14001,0-CTRL Make Noise
14002,AKAI MPC Studio MK2
14003,Roland MC-707 グルーヴボックス
14004,Roland Rubix24 USBオーディオインターフェース 中古美品
14005,オーディオインターフェース M-AUDIO DUO
14006,ARTinoise zefiro pro ゼフィーロプロ　スマホ用ウィンドコントローラー
14007,(yamada様専用ページ)Solid State Logic fusion
14008,(yamada様専用ページ)Solid State Logic fusion
14009,Antelope Audio Discrete 8 Synergy Core オーディオインターフェース
14010,Native Instruments KOMPLETE KONTROL M32 MIDIキーボード
14011,Steinberg UR22C
14012,YAMAHA AG03 オーディオインターフェース／ミキサー 音響機材
14013,CUBASE LE シリアルナンバー
14014,スタインバーグ Steinberg UR22C オーディオインターフェース　美品
14015,Roland SC-88 PRO 音源モジュール シンセサイザー・ジャンク 扱い
14016,UR22C BOCCHI EDITION ぼっちざろっくインターフェース Steinberg
14017,AKAI professional MPK mini play MIDIキーボード DTM
14018,ARC 測定用コンデンサーマイク マイクホルダー付き
14019,TASCAM iXZ マイク・ギターインターフェース
14020,AG03 YAMAHA ヤマハ ミキシングコンソール
14021,動作未確認 Roland「MT-32」MIDI音源モジュール
14022,AKAI FORCE 加水分解 デッキセーバー付属
14023,AKAI professional MPK mini MIDIキーボード
14024,MPC1000 Fatpad
14025,YAMAHA オーディオインターフェイス AG03
